ticket_id,customer_id,ticket_text,product,created_at,previous_tickets,resolution_time,priority,category,resolved
RGT-002742,CUST-F262F08C,Permanent ban issued on my account. I have 3000 hours on this game and have never violated ToS. Please help.,League of Legends,2023-11-10 08:30:47,3.0,49.91,MEDIUM,Account Ban / Suspension,True
RGT-001308,CUST-2A231E0F,I keep getting matched against the same scripter. Already reported in-game but they are still playing.,Legends of Runeterra,2023-05-29 19:20:43,3.0,41.9,MEDIUM,Cheat / Hacker Report,True
RGT-001602,CUST-EE2171F9,Constant 'Connection Error' messages in client even though my internet is working perfectly.,Valorant,2023-07-31 05:23:28,2.0,320.12,LOW,Client Bug / Crash,True
RGT-002622,CUST-D862ABB7,"Hello, my account was flagged and restricted. I believe this is a false positive from your anti-cheat. I need an appeal.",Wild Rift,2024-06-18 07:57:38,3.0,10.71,MEDIUM,Account Ban / Suspension,True
RGT-002030,CUST-C7E0960A,I keep getting matched against the same scripter. Already reported in-game but they are still playing.,League of Legends,2024-04-25 23:34:43,21.0,2.17,MEDIUM,Cheat / Hacker Report,True
RGT-001951,CUST-4375BF79,Transaction stuck as 'pending' for 48 hours. My bank confirmed the charge went through. Please help.,Legends of Runeterra,2023-05-19 07:51:16,5.0,,LOW,Missing RP / Purchase Issue,False
RGT-002719,CUST-12B61267,This player admitted to using scripts in chat. I have a screenshot. How do I submit it?,Valorant,2024-02-13 23:55:55,5.0,82.25,MEDIUM,Cheat / Hacker Report,True
RGT-000185,CUST-022A5689,There is a blatant scripter in my ranked game. They had 0ms reaction time and perfect skill shots all game.,Legends of Runeterra,2023-02-26 16:39:59,0.0,,MEDIUM,Cheat / Hacker Report,False
RGT-002401,CUST-59C64C72,"Bought a bundle in the store, got charged but the content never appeared in my collection.",League of Legends,2023-09-05 07:47:58,6.0,,HIGH,Missing RP / Purchase Issue,False
RGT-000195,CUST-80CA3A15,Account recovery is not working. I no longer have access to the email or phone number on record.,Teamfight Tactics,2024-05-29 12:50:59,0.0,79.93,MEDIUM,Login / 2FA Issue,True
RGT-002799,CUST-5C8E2E99,My clash tournament registration was cancelled without notification. Please refund the ticket fee.,Teamfight Tactics,2023-03-23 07:00:03,27.0,27.31,LOW,Ranked & Matchmaking,True
RGT-001196,CUST-7A4D8589,"My MMR seems stuck. I win 8 games in a row and gain 18 LP, then lose once and drop 25 LP.",League of Legends,2024-06-19 23:04:47,2.0,,HIGH,Ranked & Matchmaking,False
RGT-001407,CUST-022A5689,,Valorant,not-a-date,4.0,,MEDIUM,Login / 2FA Issue,False
RGT-000315,CUST-942B891D,My account RiotUser#91229 was permanently banned but I never cheated. Please review the ban.,Wild Rift,2024-02-12 01:22:06,1.0,27.59,MEDIUM,Account Ban / Suspension,True
RGT-000103,CUST-9E25788D,Permanent ban issued on my account. I have 3000 hours on this game and have never violated ToS. Please help.,Legends of Runeterra,2023-09-15 19:31:28,0.0,22.98,LOW,Account Ban / Suspension,True
RGT-001438,CUST-84591BE0,I was charged twice for the same RP bundle. I see two transactions on my statement for $35.00.,Wild Rift,2023-05-19 18:46:58,,44.89,LOW,Missing RP / Purchase Issue,True
RGT-002960,CUST-36E19637,My account RiotUser#80158 was permanently banned but I never cheated. Please review the ban.,Teamfight Tactics,2023-01-17 01:50:19,2.0,25.95,LOW,Account Ban / Suspension,True
RGT-001222,CUST-5948519D,The new Ahri skin has a visual glitch where her tails disappear during her ultimate animation.,Valorant,2024-06-19 13:39:54,0.0,,LOW,Champion / Skin Bug,False
RGT-002936,CUST-10C54846,My account RiotUser#75078 was permanently banned but I never cheated. Please review the ban.,Wild Rift,2023-02-26 16:31:09,4.0,20.22,LOW,Account Ban / Suspension,True
RGT-000706,CUST-0A0639F6,Account banned with no explanation. I spent over $500 on this account. Please look into this immediately.,Legends of Runeterra,2023-01-08 19:20:20,0.0,,HIGH,Account Ban / Suspension,False
RGT-002235,CUST-5EC9CA7E,I lost LP for a loss that was not my fault. My teammates went AFK in the first 5 minutes.,Valorant,2023-02-18 04:51:43,3.0,10.02,HIGH,Ranked & Matchmaking,True
RGT-001974,CUST-1962F4A0,I received a 14-day suspension for allegedly using scripts. I have never used any third-party software. Please investigate.,Wild Rift,2023-10-21 13:01:21,5.0,,MEDIUM,Account Ban / Suspension,False
RGT-001518,CUST-64D40638,The game client crashes every time I enter champion select. I reinstalled but the problem persists.,Teamfight Tactics,2023-04-13 08:42:27,2.0,32.82,MEDIUM,Client Bug / Crash,True
RGT-002977,CUST-5B1640FC,"Hello, my account was flagged and restricted. I believe this is a false positive from your anti-cheat. I need an appeal.",League of Legends,2023-10-09 09:54:29,5.0,3.25,MEDIUM,Account Ban / Suspension,True
RGT-002233,CUST-AB648898,"Hello, my account was flagged and restricted. I believe this is a false positive from your anti-cheat. I need an appeal.",Wild Rift,2023-08-11 08:52:34,3.0,44.22,MEDIUM,Account Ban / Suspension,True
RGT-000179,CUST-8B088BAB,"My smurf account was banned, now my main account is also restricted. I do not understand what happened.",Wild Rift,2023-03-06 00:25:48,0.0,33.48,LOW,Account Ban / Suspension,True
RGT-002031,CUST-0509293C,Cheater ruined 3 games in a row. Your reporting system seems broken. They are still not banned.,League of Legends,2023-10-23 00:50:43,1.0,81.46,LOW,Cheat / Hacker Report,True
RGT-002927,CUST-023FE7E6,"Purchased RP via prepaid card, entered the code but nothing was credited. Code: RITO-CB2CD1.",Valorant,2023-05-13 08:14:44,35.0,3.57,LOW,Missing RP / Purchase Issue,True
RGT-000612,CUST-2D5422EC,My Pulsefire Ezreal skin's recall animation is broken. It just shows the default animation instead.,Legends of Runeterra,2023-06-20 07:40:04,0.0,31.47,MEDIUM,Champion / Skin Bug,True
RGT-000680,CUST-8389315E,Constant 'Connection Error' messages in client even though my internet is working perfectly.,Wild Rift,2023-08-29 06:12:15,1.0,,MEDIUM,Client Bug / Crash,False
RGT-000153,CUST-BC359A86,Got a chat ban that escalated to a full account suspension. The context was taken out of context. I want to appeal.,League of Legends,2023-10-30 06:24:17,0.0,,LOW,Account Ban / Suspension,False
RGT-002485,CUST-447B0161,Permanent ban issued on my account. I have 3000 hours on this game and have never violated ToS. Please help.,Valorant,2024-02-04 08:26:29,5.0,35.22,MEDIUM,Account Ban / Suspension,True
RGT-001026,CUST-49AFD844,Bought the wrong skin. I meant to buy the Prestige version but bought the regular one. Can you swap it?,Legends of Runeterra,2023-06-30 01:04:23,3.0,,MEDIUM,Refund Request,False
RGT-000908,CUST-2AE5E127,"Bought a bundle in the store, got charged but the content never appeared in my collection.",Wild Rift,2024-04-14 23:32:06,11.0,9.23,LOW,Missing RP / Purchase Issue,True
RGT-000255,CUST-023FE7E6,Constant 'Connection Error' messages in client even though my internet is working perfectly.,Legends of Runeterra,2023-11-20 13:21:26,5.0,,MEDIUM,Client Bug / Crash,False
RGT-002417,CUST-8A8F6164,I purchased the Battle Pass but didn't receive the rewards. Transaction ID: TXN-248E26FE.,Teamfight Tactics,2024-02-09 21:21:09,6.0,,MEDIUM,Missing RP / Purchase Issue,False
RGT-ND-9016,CUST-3D51023D,Cannot log into my account after password reset.,League of Legends,2023-06-15 14:30:00,2.0,10.0,MEDIUM,Missing RP / Purchase Issue,True
RGT-000347,CUST-59C64C72,I got permabanned for 'toxic behaviour' but all I did was mute my teammates. This seems unfair.,Legends of Runeterra,2023-08-09 21:14:15,1.0,,HIGH,Account Ban / Suspension,False
RGT-000300,CUST-676E48EA,Audio cuts out completely mid-game after around 20 minutes of play. Rolling back drivers did not fix it.,Wild Rift,2023-07-02 05:46:04,0.0,26.03,MEDIUM,Client Bug / Crash,True
RGT-002046,CUST-023FE7E6,Remake did not trigger even though a player was AFK from champion select. Lost LP unfairly.,League of Legends,2023-10-19 07:28:41,21.0,5.7,LOW,Ranked & Matchmaking,True
RGT-001296,CUST-192FC186,My League account got banned out of nowhere. I was just playing ranked and then I got logged out. Can you explain why?,Valorant,2024-04-11 02:25:31,0.0,5.21,HIGH,Account Ban / Suspension,True
RGT-001358,CUST-AB7EE0E4,This player in my last game was clearly using an aimbot. Every bullet was a headshot through smoke.,Legends of Runeterra,2024-02-13 04:22:56,2.0,7.53,MEDIUM,Cheat / Hacker Report,True
RGT-001423,CUST-12B61267,My Riot Points are missing after I topped up. I have the bank receipt. Please refund or credit my account.,Valorant,2023-10-25 13:24:39,2.0,2.61,MEDIUM,Missing RP / Purchase Issue,True
RGT-002483,CUST-ABA4C4B7,,Teamfight Tactics,2023-12-07 09:38:44,31.0,35.19,LOW,Account Ban / Suspension,True
RGT-000140,CUST-C4731564,"My MMR seems stuck. I win 8 games in a row and gain 18 LP, then lose once and drop 25 LP.",Valorant,2024-05-27 19:15:05,3.0,53.03,LOW,Ranked & Matchmaking,True
RGT-002604,CUST-5C8E2E99,Someone is ddosing our team. Two of my teammates disconnected within seconds of each other.,Teamfight Tactics,2024-05-26 19:31:40,25.0,3.37,MEDIUM,Cheat / Hacker Report,True
RGT-000247,CUST-59C64C72,"After updating, all my settings were reset. Also my custom game configurations are gone.",League of Legends,2023-10-10 05:11:40,,6.98,HIGH,Client Bug / Crash,True
RGT-000901,CUST-8B477CDC,My Pulsefire Ezreal skin's recall animation is broken. It just shows the default animation instead.,Wild Rift,2024-05-06 00:55:56,0.0,3.88,MEDIUM,Champion / Skin Bug,True
RGT-002131,CUST-14D5F5EB,Possible griefing bot detected on the enemy team. All five of them stood still in base.,League of Legends,2023-04-19 03:48:15,1.0,0.71,HIGH,Cheat / Hacker Report,True
RGT-001682,CUST-FA9DBD80,Player using Elo-boosting service. They were clearly being played by someone else based on behaviour change.,League of Legends,2023-02-08 14:28:10,15.0,91.75,LOW,Cheat / Hacker Report,True
RGT-002335,CUST-E365E0A1,Client keeps logging me out randomly. I have to re-enter my password multiple times per session.,League of Legends,2023-06-02 04:19:44,24.0,35.98,LOW,Client Bug / Crash,True
RGT-000890,CUST-77E302EC,This player in my last game was clearly using an aimbot. Every bullet was a headshot through smoke.,League of Legends,2023-07-31 22:02:30,2.0,99.81,LOW,Cheat / Hacker Report,True
RGT-001269,CUST-FA9DBD80,There is a blatant scripter in my ranked game. They had 0ms reaction time and perfect skill shots all game.,Valorant,2023-02-22 14:24:26,12.0,95.36,LOW,Cheat / Hacker Report,True
RGT-001927,CUST-5F210E14,I was gifted a skin I already owned. The duplicate was auto-converted to orange essence. I want a refund.,Valorant,2024-02-16 21:37:32,23.0,57.01,LOW,Refund Request,True
RGT-001621,CUST-3FA730C7,My account RiotUser#23925 was permanently banned but I never cheated. Please review the ban.,League of Legends,2023-06-25 07:13:15,4.0,2.69,HIGH,Account Ban / Suspension,True
RGT-000701,CUST-64865559,"After the latest patch, my client freezes on the loading screen. I cannot get into any game.",Legends of Runeterra,2023-10-31 06:04:32,1.0,4.86,HIGH,Client Bug / Crash,True
RGT-001062,CUST-0298C4C2,I received a 14-day suspension for allegedly using scripts. I have never used any third-party software. Please investigate.,Wild Rift,2023-02-13 11:39:33,2.0,3.79,HIGH,Account Ban / Suspension,True
RGT-000486,CUST-66CFECED,I accidentally purchased the wrong champion. Can I get a refund? I only have one refund token left.,Valorant,2024-06-28 07:40:47,0.0,19.36,MEDIUM,Missing RP / Purchase Issue,True
RGT-001357,CUST-ABA4C4B7,Matchmaking is putting me against players 3 tiers above me. This has been happening all week.,Legends of Runeterra,,17.0,38.91,MEDIUM,Ranked & Matchmaking,True
RGT-002311,CUST-100E8CC8,"My smurf account was banned, now my main account is also restricted. I do not understand what happened.",Teamfight Tactics,2023-07-30 06:49:49,1.0,23.26,MEDIUM,Account Ban / Suspension,True
RGT-002182,CUST-E0EBF5E1,I was charged twice for the same RP bundle. I see two transactions on my statement for $35.00.,Legends of Runeterra,2023-01-26 22:50:36,25.0,-5.0,HIGH,Missing RP / Purchase Issue,True
RGT-000762,CUST-4CF66CD9,There is a blatant scripter in my ranked game. They had 0ms reaction time and perfect skill shots all game.,League of Legends,2023-08-01 15:18:53,6.0,59.2,LOW,Cheat / Hacker Report,True
RGT-000747,CUST-B0F7884C,My account RiotUser#45146 was permanently banned but I never cheated. Please review the ban.,Legends of Runeterra,2023-12-25 08:35:52,0.0,29.62,MEDIUM,Account Ban / Suspension,True
RGT-000322,CUST-595CB38B,The Arcane Vi skin causes my game to crash during the level-up animation. Reproducible every time.,Teamfight Tactics,2023-04-18 12:06:56,1.0,7.39,MEDIUM,Champion / Skin Bug,True
RGT-002708,CUST-7D5033BE,My League account got banned out of nowhere. I was just playing ranked and then I got logged out. Can you explain why?,Legends of Runeterra,2024-02-24 16:02:14,5.0,,LOW,Account Ban / Suspension,False
RGT-000189,CUST-375F8B4C,I received a 14-day suspension for allegedly using scripts. I have never used any third-party software. Please investigate.,Teamfight Tactics,2023-12-20 13:30:05,0.0,2.86,HIGH,Account Ban / Suspension,True
RGT-000773,CUST-E573FEE4,The Lunar New Year bundle charged me but only delivered half the content. Missing the ward skin and icon.,Wild Rift,2023-09-12 01:48:23,2.0,54.79,MEDIUM,Missing RP / Purchase Issue,True
RGT-002497,CUST-E365E0A1,I was in promo series but the server crashed mid-game. The loss was counted against me.,Legends of Runeterra,2024-05-13 22:25:49,26.0,11.98,MEDIUM,Ranked & Matchmaking,True
RGT-001452,CUST-CDB94453,,Legends of Runeterra,2023-02-17 12:42:22,21.0,34.51,MEDIUM,Account Ban / Suspension,True
RGT-002355,CUST-75103BB2,Requesting a refund on a bundle because it was not clearly labelled that it included champions I already own.,Valorant,2023-04-19 11:40:13,5.0,2.22,MEDIUM,Refund Request,True
RGT-000411,CUST-47259181,Getting a black screen on launch. The process shows in Task Manager but nothing displays.,Teamfight Tactics,2023-01-20 08:38:22,0.0,,HIGH,Client Bug / Crash,False
RGT-001728,CUST-B1B46D9C,I purchased the Battle Pass but didn't receive the rewards. Transaction ID: TXN-3264490D.,Legends of Runeterra,2023-03-24 05:01:35,2.0,13.83,MEDIUM,Missing RP / Purchase Issue,True
RGT-002853,CUST-5C770011,I used 'Login with Google' but Google account is now deleted. How do I recover my Riot account?,Wild Rift,2023-06-08 23:50:01,3.0,4.68,HIGH,Login / 2FA Issue,True
RGT-002217,CUST-0AC56119,I used 'Login with Google' but Google account is now deleted. How do I recover my Riot account?,Legends of Runeterra,2023-04-11 12:58:36,5.0,51.08,MEDIUM,Login / 2FA Issue,True
RGT-001399,CUST-946EF12C,Duo partner and I are being put into the wrong queue tier. We are Diamond 2 and 3 but matched in Plat.,Teamfight Tactics,2023-12-24 19:55:54,3.0,16.39,LOW,Ranked & Matchmaking,True
RGT-001362,CUST-5B4081EE,Packet loss of around 15 percent during peak hours. Unplayable. Other games are fine.,Wild Rift,2024-03-02 01:35:47,16.0,2.93,HIGH,Server Latency / Lag,True
RGT-001658,CUST-B0F7884C,"My smurf account was banned, now my main account is also restricted. I do not understand what happened.",Teamfight Tactics,2023-05-22 14:17:56,1.0,,LOW,Account Ban / Suspension,False
RGT-000052,CUST-776C9714,Blatant cheater in Diamond ranked. Please investigate account RiotUser#97835. They were toggling aimbot openly.,Teamfight Tactics,2024-05-29 15:27:08,0.0,11.62,HIGH,Cheat / Hacker Report,True
RGT-001625,CUST-E5F60461,My clash tournament registration was cancelled without notification. Please refund the ticket fee.,Teamfight Tactics,2023-11-29 10:42:18,5.0,9.97,MEDIUM,Ranked & Matchmaking,True
RGT-000064,CUST-E669E68E,"Purchased RP via prepaid card, entered the code but nothing was credited. Code: RITO-AF8428.",Wild Rift,2023/99/01 00:00,0.0,17.8,LOW,Missing RP / Purchase Issue,True
RGT-002790,CUST-8C949838,"Purchased RP via prepaid card, entered the code but nothing was credited. Code: RITO-4A6FBC.",Legends of Runeterra,2024-01-26 12:10:52,1.0,0.54,HIGH,Missing RP / Purchase Issue,True
RGT-002554,CUST-47E2D332,My Riot Points are missing after I topped up. I have the bank receipt. Please refund or credit my account.,Wild Rift,2023/99/01 00:00,4.0,127.76,MEDIUM,Missing RP / Purchase Issue,True
RGT-002531,CUST-8F2E22DF,Kindred's Q ability is not applying on-hit effects correctly with the Spirit Blossom skin equipped.,Valorant,2023-03-13 22:22:23,7.0,0.54,HIGH,Champion / Skin Bug,True
RGT-001091,CUST-1D5272DD,Someone is ddosing our team. Two of my teammates disconnected within seconds of each other.,Legends of Runeterra,2023-09-19 23:27:15,3.0,294.02,LOW,Cheat / Hacker Report,True
RGT-001466,CUST-0A3C71EC,I keep getting matched against the same scripter. Already reported in-game but they are still playing.,Teamfight Tactics,2024-03-18 16:44:29,2.0,14.43,MEDIUM,Cheat / Hacker Report,True
RGT-001897,CUST-731C8BAA,,Teamfight Tactics,2024-02-02 16:05:08,2.0,3.86,HIGH,Missing RP / Purchase Issue,True
RGT-000053,CUST-404297A8,"My smurf account was banned, now my main account is also restricted. I do not understand what happened.",Teamfight Tactics,2023-10-09 00:03:21,1.0,3.9,HIGH,Account Ban / Suspension,True
RGT-002808,CUST-EE8A5B94,Matchmaking is putting me against players 3 tiers above me. This has been happening all week.,Valorant,2023-10-03 20:04:14,2.0,62.3,LOW,Ranked & Matchmaking,True
RGT-002764,CUST-789EB511,The authenticator app code is being rejected. I re-scanned the QR code and still getting errors.,Valorant,2024-01-27 14:56:38,2.0,27.42,MEDIUM,Login / 2FA Issue,True
RGT-002552,CUST-B33E8B23,I lost LP for a loss that was not my fault. My teammates went AFK in the first 5 minutes.,League of Legends,2023-05-15 16:43:37,2.0,36.1,LOW,Ranked & Matchmaking,True
RGT-002865,CUST-24CD11C8,Ranked queue dodging penalty applied even though I did not dodge. I was in loading screen.,Wild Rift,2023-07-17 10:44:51,3.0,5.45,MEDIUM,Ranked & Matchmaking,True
RGT-000545,CUST-66FA087D,Matchmaking is putting me against players 3 tiers above me. This has been happening all week.,Legends of Runeterra,2023-06-06 16:40:11,2.0,190.26,LOW,Ranked & Matchmaking,True
RGT-002949,CUST-5C8E2E99,"After the latest patch, my client freezes on the loading screen. I cannot get into any game.",Valorant,2023/99/01 00:00,30.0,,MEDIUM,Client Bug / Crash,False
RGT-000451,CUST-0981939A,My Riot Points are missing after I topped up. I have the bank receipt. Please refund or credit my account.,Valorant,2024-01-01 21:46:40,1.0,5.34,HIGH,Missing RP / Purchase Issue,True
RGT-002516,CUST-F7406204,Login fails with 'incorrect password' even after a password reset. I have cleared cookies and cache.,Legends of Runeterra,2023-07-31 01:23:17,7.0,,MEDIUM,Login / 2FA Issue,False
RGT-000045,CUST-121B8EE4,This player in my last game was clearly using an aimbot. Every bullet was a headshot through smoke.,League of Legends,2024-01-07 19:52:46,0.0,13.94,MEDIUM,Cheat / Hacker Report,True
RGT-DUPE-0059,CUST-FFECECC1,I received a 14-day suspension for allegedly using scripts. I have never used any third-party software. Please investigate.,Teamfight Tactics,2023-04-29 03:34:47,3.0,129.84,LOW,Account Ban / Suspension,True
RGT-001832,CUST-9C359572,My League account got banned out of nowhere. I was just playing ranked and then I got logged out. Can you explain why?,League of Legends,2023-04-18 14:42:24,2.0,36.44,MEDIUM,Account Ban / Suspension,True
RGT-000830,CUST-8F2E22DF,Chat restriction applied to my account but I have honour level 5. Seems like an error in your system.,League of Legends,2023-03-15 14:59:54,2.0,30.32,MEDIUM,Chat Restriction Appeal,True
RGT-000599,CUST-F18BE5FC,I got permabanned for 'toxic behaviour' but all I did was mute my teammates. This seems unfair.,Valorant,2024-05-31 17:01:34,1.0,293.07,LOW,Account Ban / Suspension,True
RGT-000409,CUST-4FF8A434,Login fails with 'incorrect password' even after a password reset. I have cleared cookies and cache.,Teamfight Tactics,2023-10-02 06:39:02,,8.03,MEDIUM,Login / 2FA Issue,True
RGT-002918,CUST-BF047177,Got a chat ban that escalated to a full account suspension. The context was taken out of context. I want to appeal.,Legends of Runeterra,2024-01-14 04:33:19,1.0,22.61,LOW,Account Ban / Suspension,True
RGT-000257,CUST-3D51023D,Jinx's passive is not triggering correctly after the latest patch. The movement speed buff is inconsistent.,Valorant,2024-03-08 07:45:01,1.0,,MEDIUM,Champion / Skin Bug,False
RGT-002029,CUST-8B48B472,,Teamfight Tactics,2024-06-16 12:51:03,1.0,3.91,HIGH,Champion / Skin Bug,True
RGT-002304,CUST-8BF6B4F0,The EUW server has been unstable all weekend. Multiple disconnects per gaming session.,League of Legends,2023-01-22 08:59:41,3.0,19.75,MEDIUM,Server Latency / Lag,True
RGT-001838,CUST-EC1A721E,Lost 40 LP for a game I disconnected from due to power outage. Can this be reversed?,Legends of Runeterra,2023-12-28 00:16:49,1.0,48.18,MEDIUM,Ranked & Matchmaking,True
RGT-001703,CUST-C91C1ECE,Matchmaking is putting me against players 3 tiers above me. This has been happening all week.,Legends of Runeterra,2023-06-19 04:40:03,23.0,27.3,MEDIUM,Ranked & Matchmaking,True
RGT-002491,CUST-285CB8C0,I want to appeal my chat restriction. The logs being cited were from a conversation I did not start.,Valorant,2024-03-20 11:14:33,3.0,,LOW,Chat Restriction Appeal,False
RGT-001663,CUST-D6D08728,I used 'Login with Google' but Google account is now deleted. How do I recover my Riot account?,Valorant,2023-11-02 03:10:07,3.0,3.1,HIGH,Login / 2FA Issue,True
RGT-000145,CUST-653899C4,I got permabanned for 'toxic behaviour' but all I did was mute my teammates. This seems unfair.,Legends of Runeterra,2024-02-03 07:35:35,0.0,154.37,LOW,Account Ban / Suspension,True
RGT-002091,CUST-CDB94453,2FA is sending codes but they expire before I can enter them. Clock sync on my phone is correct.,Wild Rift,2023-09-14 07:12:37,26.0,4.67,MEDIUM,Login / 2FA Issue,True
RGT-001293,CUST-7204AB09,The authenticator app code is being rejected. I re-scanned the QR code and still getting errors.,Legends of Runeterra,2024-03-14 12:04:20,1.0,,MEDIUM,Login / 2FA Issue,False
RGT-002156,CUST-7859EB08,I purchased an emote for a character I no longer play. Refund would be appreciated.,Teamfight Tactics,2024-05-13 03:12:09,3.0,0.001,MEDIUM,Refund Request,True
RGT-000417,CUST-01E0218A,,Valorant,2023-08-23 13:33:20,2.0,43.18,MEDIUM,Client Bug / Crash,True
RGT-000930,CUST-CC7B8839,Ranked queue dodging penalty applied even though I did not dodge. I was in loading screen.,Teamfight Tactics,2023-11-13 21:38:32,3.0,27.94,MEDIUM,Ranked & Matchmaking,True
RGT-002023,CUST-47E2D332,Constant 'Connection Error' messages in client even though my internet is working perfectly.,Wild Rift,2024-06-19 16:32:41,2.0,9.01,MEDIUM,Client Bug / Crash,True
RGT-000171,CUST-6D4FBE82,Packet loss of around 15 percent during peak hours. Unplayable. Other games are fine.,Wild Rift,2023-06-01 13:27:31,0.0,40.53,MEDIUM,Server Latency / Lag,True
RGT-001126,CUST-7A4D8589,Player using Elo-boosting service. They were clearly being played by someone else based on behaviour change.,League of Legends,2023-01-03 08:25:31,1.0,27.25,LOW,Cheat / Hacker Report,True
RGT-000568,CUST-FE972C20,I received a 25-game chat restriction for a single game where I was defending myself. This is disproportionate.,League of Legends,2023-11-29 08:56:15,10.0,201.48,LOW,Chat Restriction Appeal,True
RGT-001591,CUST-BC359A86,Client keeps logging me out randomly. I have to re-enter my password multiple times per session.,Wild Rift,2023-04-05 18:07:51,8.0,,LOW,Client Bug / Crash,False
RGT-002674,CUST-AD716FA9,My League account got banned out of nowhere. I was just playing ranked and then I got logged out. Can you explain why?,Valorant,2024-01-04 13:32:28,8.0,4.4,LOW,Account Ban / Suspension,True
RGT-000135,CUST-E0EBF5E1,"Hello, my account was flagged and restricted. I believe this is a false positive from your anti-cheat. I need an appeal.",Legends of Runeterra,2024-03-14 00:03:59,2.0,1.43,MEDIUM,Account Ban / Suspension,True
RGT-001718,CUST-5948519D,"Purchased RP via prepaid card, entered the code but nothing was credited. Code: RITO-ED93D2.",Legends of Runeterra,Jan 2023,2.0,14.84,HIGH,Missing RP / Purchase Issue,True
RGT-000643,CUST-5F210E14,The Dragon Trainer Tristana skin has a missing particle effect on her W ability.,Teamfight Tactics,2023-04-08 15:32:18,10.0,72.43,LOW,Champion / Skin Bug,True
RGT-001690,CUST-EBCA371A,Permanent ban issued on my account. I have 3000 hours on this game and have never violated ToS. Please help.,League of Legends,2023-12-27 09:29:51,2.0,65.37,LOW,Account Ban / Suspension,True
RGT-002746,CUST-2C65B41B,Constant 'Connection Error' messages in client even though my internet is working perfectly.,League of Legends,2023-10-30 12:59:28,5.0,9.35,MEDIUM,Client Bug / Crash,True
RGT-000555,CUST-7742CF32,RP purchase failed but the money was deducted from my account. This is the second time this has happened.,League of Legends,2024-01-10 09:08:41,1.0,,LOW,Missing RP / Purchase Issue,False
RGT-DUPE-0015,CUST-B1E10B09,My Riot Points are missing after I topped up. I have the bank receipt. Please refund or credit my account.,Legends of Runeterra,2023-02-28 08:02:05,1.0,15.47,LOW,Missing RP / Purchase Issue,True
RGT-002175,CUST-023FE7E6,Duo partner and I are being put into the wrong queue tier. We are Diamond 2 and 3 but matched in Plat.,Valorant,2023-10-10 20:57:29,22.0,65.95,LOW,Ranked & Matchmaking,True
RGT-001539,CUST-1C74A8CE,Chat restriction applied to my account but I have honour level 5. Seems like an error in your system.,Valorant,2023-07-31 20:06:22,2.0,,HIGH,Chat Restriction Appeal,False
RGT-001000,CUST-4CF66CD9,Remake did not trigger even though a player was AFK from champion select. Lost LP unfairly.,Wild Rift,2023-11-27 14:30:57,9.0,8.34,MEDIUM,Ranked & Matchmaking,True
RGT-000292,CUST-B703A4B4,Account banned with no explanation. I spent over $500 on this account. Please look into this immediately.,League of Legends,2023-06-22 12:06:34,0.0,,LOW,Account Ban / Suspension,False
RGT-001339,CUST-437BA32B,I was banned for account sharing. I let my brother play once. Is there a way to appeal this decision?,Legends of Runeterra,2023-04-15 07:55:23,0.0,65.1,MEDIUM,Account Ban / Suspension,True
RGT-002248,CUST-724261F7,I purchased an emote for a character I no longer play. Refund would be appreciated.,Valorant,2023-07-07 06:27:59,1.0,42.89,MEDIUM,Refund Request,True
RGT-DUPE-0035,CUST-47E2D332,I got permabanned for 'toxic behaviour' but all I did was mute my teammates. This seems unfair.,Valorant,Jan 2023,1.0,9.18,MEDIUM,Account Ban / Suspension,True
RGT-000444,CUST-0AC56119,Possible griefing bot detected on the enemy team. All five of them stood still in base.,League of Legends,2023-04-27 11:29:56,1.0,5.11,MEDIUM,Cheat / Hacker Report,True
RGT-002602,CUST-AD716FA9,I bought 3250 RP but it never showed up in my account. I was charged on my card though.,League of Legends,2023-11-13 21:36:59,7.0,19.66,MEDIUM,Missing RP / Purchase Issue,True
RGT-002150,CUST-52F9765C,Requesting a refund on a bundle because it was not clearly labelled that it included champions I already own.,Wild Rift,2023-05-27 09:41:17,5.0,0.83,HIGH,Refund Request,True
RGT-000450,CUST-5F210E14,RP purchase failed but the money was deducted from my account. This is the second time this has happened.,Teamfight Tactics,2023-01-07 02:38:05,6.0,57.73,MEDIUM,Missing RP / Purchase Issue,True
RGT-001030,CUST-C70E83D6,My Riot Points are missing after I topped up. I have the bank receipt. Please refund or credit my account.,Legends of Runeterra,2023-07-22 13:44:24,2.0,12.49,LOW,Missing RP / Purchase Issue,True
RGT-001993,CUST-C07C5C1F,Someone is ddosing our team. Two of my teammates disconnected within seconds of each other.,League of Legends,2023-05-22 20:58:47,1.0,1.2,HIGH,Cheat / Hacker Report,True
RGT-002404,CUST-C70E83D6,"My smurf account was banned, now my main account is also restricted. I do not understand what happened.",Teamfight Tactics,2024-02-19 04:41:23,5.0,9.97,HIGH,Account Ban / Suspension,True
RGT-002751,CUST-023FE7E6,My League account got banned out of nowhere. I was just playing ranked and then I got logged out. Can you explain why?,Wild Rift,2023-05-23 17:59:20,26.0,0.32,MEDIUM,Account Ban / Suspension,True
RGT-000001,CUST-FE972C20,I lost LP for a loss that was not my fault. My teammates went AFK in the first 5 minutes.,Wild Rift,2023-03-14 00:54:28,0.0,11.47,MEDIUM,Ranked & Matchmaking,True
RGT-001002,CUST-8A8F6164,My League account got banned out of nowhere. I was just playing ranked and then I got logged out. Can you explain why?,Valorant,2023-09-05 05:45:38,2.0,52.63,MEDIUM,Account Ban / Suspension,True
RGT-001049,CUST-634A23A7,I lost LP for a loss that was not my fault. My teammates went AFK in the first 5 minutes.,Valorant,2023-03-10 15:31:04,0.0,6.82,HIGH,Ranked & Matchmaking,True
RGT-000271,CUST-AC6387FA,Remake did not trigger even though a player was AFK from champion select. Lost LP unfairly.,League of Legends,2023-12-27 22:39:25,0.0,16.69,MEDIUM,Ranked & Matchmaking,True
RGT-000737,CUST-1B5CD02F,,Wild Rift,2024-01-30 04:15:03,0.0,5.81,MEDIUM,Ranked & Matchmaking,True
RGT-000299,CUST-BC3F6430,Blatant cheater in Diamond ranked. Please investigate account RiotUser#65288. They were toggling aimbot openly.,Valorant,2023-09-01 11:43:45,1.0,27.44,LOW,Cheat / Hacker Report,True
RGT-000033,CUST-29D019A5,"My smurf account was banned, now my main account is also restricted. I do not understand what happened.",Teamfight Tactics,2023-08-20 22:32:35,0.0,33.61,MEDIUM,Account Ban / Suspension,True
RGT-002499,CUST-1542B5A1,Constant 'Connection Error' messages in client even though my internet is working perfectly.,Legends of Runeterra,2024-02-02 00:40:02,1.0,139.0,LOW,Client Bug / Crash,True
RGT-000015,CUST-0298C4C2,Transaction stuck as 'pending' for 48 hours. My bank confirmed the charge went through. Please help.,Wild Rift,2024-02-26 03:15:04,0.0,4.53,LOW,Missing RP / Purchase Issue,True
RGT-000094,CUST-4FC4738B,I cannot log into my account. I reset my password but the 2FA code is going to an old email I lost access to.,Valorant,2023-12-15 16:37:25,1.0,19.19,LOW,Login / 2FA Issue,True
RGT-000412,CUST-A0671E5C,Remake did not trigger even though a player was AFK from champion select. Lost LP unfairly.,Teamfight Tactics,2024-01-08 00:51:26,0.0,165.91,LOW,Ranked & Matchmaking,True
RGT-001160,CUST-4B079F84,My League account got banned out of nowhere. I was just playing ranked and then I got logged out. Can you explain why?,Legends of Runeterra,2024-04-16 06:27:47,8.0,110.35,LOW,Account Ban / Suspension,True
RGT-002363,CUST-3E2F4D8F,"My MMR seems stuck. I win 8 games in a row and gain 18 LP, then lose once and drop 25 LP.",League of Legends,2023-11-20 06:17:55,2.0,12.17,MEDIUM,Ranked & Matchmaking,True
RGT-002820,CUST-B29C26D5,I used 'Login with Google' but Google account is now deleted. How do I recover my Riot account?,League of Legends,2023-06-18 06:00:43,10.0,77.81,LOW,Login / 2FA Issue,True
RGT-000150,CUST-BC3F6430,My League account got banned out of nowhere. I was just playing ranked and then I got logged out. Can you explain why?,Wild Rift,2023-07-27 15:17:39,0.0,114.08,LOW,Account Ban / Suspension,True
RGT-001601,CUST-FE972C20,I bought 3250 RP but it never showed up in my account. I was charged on my card though.,Teamfight Tactics,2023-06-22 19:22:13,23.0,0.12,MEDIUM,Missing RP / Purchase Issue,True
RGT-001045,CUST-4B079F84,"My MMR seems stuck. I win 8 games in a row and gain 18 LP, then lose once and drop 25 LP.",Wild Rift,2023-10-13 18:14:36,7.0,22.58,MEDIUM,Ranked & Matchmaking,True
RGT-002154,CUST-68A03D3C,There is a blatant scripter in my ranked game. They had 0ms reaction time and perfect skill shots all game.,Legends of Runeterra,2023-02-04 21:22:52,2.0,2.64,HIGH,Cheat / Hacker Report,True
RGT-000496,CUST-4720A994,The Lunar New Year bundle charged me but only delivered half the content. Missing the ward skin and icon.,Teamfight Tactics,2024-04-30 06:33:53,0.0,26.21,MEDIUM,Missing RP / Purchase Issue,True
RGT-000333,CUST-C7E0960A,Remake did not trigger even though a player was AFK from champion select. Lost LP unfairly.,Teamfight Tactics,2023-08-06 15:11:30,5.0,6.14,MEDIUM,Ranked & Matchmaking,True
RGT-002789,CUST-3EB38E23,I used my last refund token on an item I now see is in the next sale. Can I have an exception?,Legends of Runeterra,2023-01-26 00:05:39,3.0,65.33,LOW,Refund Request,True
RGT-002067,CUST-544343F1,"Bought a bundle in the store, got charged but the content never appeared in my collection.",Wild Rift,2024-01-06 05:00:33,3.0,3.45,HIGH,Missing RP / Purchase Issue,True
RGT-001875,CUST-40672E0E,I accidentally purchased the wrong champion. Can I get a refund? I only have one refund token left.,Valorant,2024-06-22 23:28:47,2.0,1.01,HIGH,Missing RP / Purchase Issue,True
RGT-000757,CUST-2B9D18FF,I was in promo series but the server crashed mid-game. The loss was counted against me.,Wild Rift,2023-10-18 15:42:10,0.0,4.73,MEDIUM,Ranked & Matchmaking,True
RGT-000799,CUST-8E5D3D10,"Bought a bundle in the store, got charged but the content never appeared in my collection.",Valorant,2023-10-10 20:28:04,1.0,91.95,LOW,Missing RP / Purchase Issue,True
RGT-002275,CUST-5F210E14,I received a 14-day suspension for allegedly using scripts. I have never used any third-party software. Please investigate.,Legends of Runeterra,2024-06-03 08:50:50,29.0,16.24,MEDIUM,Account Ban / Suspension,True
RGT-000204,CUST-5F210E14,I was charged twice for the same RP bundle. I see two transactions on my statement for $35.00.,League of Legends,2024-06-25 20:42:06,2.0,10.67,MEDIUM,Missing RP / Purchase Issue,True
RGT-000464,CUST-B7D9B9ED,I would like a refund for the champion I purchased yesterday. I have not played them yet.,Legends of Runeterra,Jan 2023,0.0,,MEDIUM,Refund Request,False
RGT-002852,CUST-C4731564,The game client crashes every time I enter champion select. I reinstalled but the problem persists.,Valorant,2024-04-23 13:30:31,33.0,1.96,HIGH,Client Bug / Crash,True
RGT-002750,CUST-AB8C24EE,My account RiotUser#25501 was permanently banned but I never cheated. Please review the ban.,League of Legends,2024-02-26 01:46:23,5.0,51.06,LOW,Account Ban / Suspension,True
RGT-DUPE-0044,CUST-AE796F63,,Wild Rift,2023-12-08 14:34:41,3.0,13.03,MEDIUM,Missing RP / Purchase Issue,True
RGT-000556,CUST-5C8E2E99,This player in my last game was clearly using an aimbot. Every bullet was a headshot through smoke.,Teamfight Tactics,2023-10-19 09:14:41,4.0,3.3,HIGH,Cheat / Hacker Report,True
RGT-000175,CUST-C4731564,The authenticator app code is being rejected. I re-scanned the QR code and still getting errors.,Legends of Runeterra,2023-08-04 09:41:07,4.0,48.43,MEDIUM,Login / 2FA Issue,True
RGT-000290,CUST-F4EFB584,I purchased the Battle Pass but didn't receive the rewards. Transaction ID: TXN-61323D46.,Teamfight Tactics,2024-03-21 14:46:42,0.0,7.52,MEDIUM,Missing RP / Purchase Issue,True
RGT-000121,CUST-3502C77D,Cheater ruined 3 games in a row. Your reporting system seems broken. They are still not banned.,Legends of Runeterra,2023-01-13 22:08:07,0.0,1.84,HIGH,Cheat / Hacker Report,True
RGT-002840,CUST-36250838,Getting error UX-1 when attempting to sign in. This started after your maintenance window yesterday.,Valorant,2023-11-13 18:49:25,4.0,42.69,MEDIUM,Login / 2FA Issue,True
RGT-000848,CUST-C70E83D6,My Riot Points are missing after I topped up. I have the bank receipt. Please refund or credit my account.,Teamfight Tactics,2023-03-12 05:47:01,1.0,24.48,MEDIUM,Missing RP / Purchase Issue,True
RGT-002700,CUST-29C8A4E2,"Bought a bundle in the store, got charged but the content never appeared in my collection.",Wild Rift,2023-09-30 07:51:46,2.0,2.84,MEDIUM,Missing RP / Purchase Issue,True
RGT-000433,CUST-7D5033BE,I bought 3250 RP but it never showed up in my account. I was charged on my card though.,League of Legends,Jan 2023,0.0,70.04,LOW,Missing RP / Purchase Issue,True
RGT-002970,CUST-560C17FE,Transaction stuck as 'pending' for 48 hours. My bank confirmed the charge went through. Please help.,League of Legends,2023-07-22 09:43:51,0.0,2.37,MEDIUM,Missing RP / Purchase Issue,True
RGT-001318,CUST-C3785461,Permanent ban issued on my account. I have 3000 hours on this game and have never violated ToS. Please help.,Teamfight Tactics,2024-03-19 13:37:46,2.0,44.29,LOW,Account Ban / Suspension,True
RGT-001201,CUST-946EF12C,2FA is sending codes but they expire before I can enter them. Clock sync on my phone is correct.,Teamfight Tactics,2023-07-18 03:28:51,2.0,0.56,HIGH,Login / 2FA Issue,True
RGT-000394,CUST-1767AA4A,The game client crashes every time I enter champion select. I reinstalled but the problem persists.,Teamfight Tactics,2023-02-11 05:16:41,8.0,0.86,HIGH,Client Bug / Crash,True
RGT-002032,CUST-57F1BC20,Got a chat ban that escalated to a full account suspension. The context was taken out of context. I want to appeal.,Legends of Runeterra,2023-09-07 06:37:58,2.0,1.99,HIGH,Account Ban / Suspension,True
RGT-001801,CUST-F8165A13,Account logged in on an unrecognised device. I changed password but 2FA was not set up. How do I add it now?,Legends of Runeterra,2023-10-11 01:28:54,,32.13,MEDIUM,Login / 2FA Issue,True
RGT-001722,CUST-C0DDE2A2,I purchased the Battle Pass but didn't receive the rewards. Transaction ID: TXN-9FFE51A3.,Valorant,2023-10-04 11:19:01,1.0,52.36,LOW,Missing RP / Purchase Issue,True
RGT-000193,CUST-ABA4C4B7,Account logged in on an unrecognised device. I changed password but 2FA was not set up. How do I add it now?,Valorant,2023-06-30 23:23:33,2.0,56.15,LOW,Login / 2FA Issue,True
RGT-000267,CUST-F3F4EDAF,Permanent ban issued on my account. I have 3000 hours on this game and have never violated ToS. Please help.,Legends of Runeterra,2024-03-26 23:05:14,0.0,,MEDIUM,Account Ban / Suspension,False
RGT-002693,CUST-4FC4738B,I purchased the Battle Pass but didn't receive the rewards. Transaction ID: TXN-D84F9332.,Legends of Runeterra,2024-03-15 17:41:30,39.0,1.6,HIGH,Missing RP / Purchase Issue,True
RGT-000806,CUST-ABA4C4B7,"My smurf account was banned, now my main account is also restricted. I do not understand what happened.",Legends of Runeterra,2024-04-12 02:03:13,9.0,7.58,MEDIUM,Account Ban / Suspension,True
RGT-000332,CUST-3631F5AD,I was charged twice for the same RP bundle. I see two transactions on my statement for $35.00.,Legends of Runeterra,2024-01-16 13:00:36,1.0,35.99,LOW,Missing RP / Purchase Issue,True
RGT-000529,CUST-A2350661,Account recovery is not working. I no longer have access to the email or phone number on record.,League of Legends,2024-02-02 21:15:26,1.0,23.29,MEDIUM,Login / 2FA Issue,True
RGT-001226,CUST-2C0B0E3F,Locked out of my account after too many failed login attempts. I was trying to recover access legitimately.,Teamfight Tactics,2023-08-23 15:18:38,6.0,44.63,MEDIUM,Login / 2FA Issue,True
RGT-000802,CUST-E1F0BDA5,Constant 'Connection Error' messages in client even though my internet is working perfectly.,League of Legends,2024-01-30 02:55:45,0.0,,MEDIUM,Client Bug / Crash,False
RGT-001090,CUST-2D5422EC,Ranked queue dodging penalty applied even though I did not dodge. I was in loading screen.,Wild Rift,2024-03-08 22:48:42,2.0,6.62,HIGH,Ranked & Matchmaking,True
RGT-000765,CUST-522A7E0A,Login fails with 'incorrect password' even after a password reset. I have cleared cookies and cache.,Valorant,2024-05-13 12:30:07,4.0,17.77,MEDIUM,Login / 2FA Issue,True
RGT-000219,CUST-4FC4738B,Getting a black screen on launch. The process shows in Task Manager but nothing displays.,Wild Rift,2024-02-21 00:55:54,3.0,50.91,MEDIUM,Client Bug / Crash,True
RGT-000480,CUST-7A4D8589,Reporting a player for using wallhacks in Valorant. Their username is Player5975. Please review game ID NA1_2008110018.,Valorant,2023-10-06 16:16:11,0.0,8.51,HIGH,Cheat / Hacker Report,True
RGT-000791,CUST-0C1E8B1D,Got a communication ban for using my native language which the filter incorrectly flagged.,Teamfight Tactics,2024-05-09 07:40:13,0.0,0.12,HIGH,Chat Restriction Appeal,True
RGT-000479,CUST-58A844D6,FPS dropping from 200 to single digits every few minutes since patch 13.20. My hardware is fine.,Wild Rift,2023-06-10 22:38:53,2.0,23.9,LOW,Client Bug / Crash,True
RGT-002646,CUST-ABA4C4B7,I purchased the Battle Pass but didn't receive the rewards. Transaction ID: TXN-163FF527.,Teamfight Tactics,2023-09-16 10:15:00,34.0,12.79,MEDIUM,Missing RP / Purchase Issue,True
RGT-000728,CUST-35622996,Permanent ban issued on my account. I have 3000 hours on this game and have never violated ToS. Please help.,Teamfight Tactics,2023-05-19 13:54:42,2.0,73.65,MEDIUM,Account Ban / Suspension,True
RGT-000582,CUST-110FA17F,I bought 3250 RP but it never showed up in my account. I was charged on my card though.,Legends of Runeterra,not-a-date,1.0,164.08,LOW,Missing RP / Purchase Issue,True
RGT-001158,CUST-1D5272DD,RP purchase failed but the money was deducted from my account. This is the second time this has happened.,Teamfight Tactics,2023-12-14 13:03:41,4.0,8.07,MEDIUM,Missing RP / Purchase Issue,True
RGT-002548,CUST-8E33334C,The Lunar New Year bundle charged me but only delivered half the content. Missing the ward skin and icon.,Wild Rift,2023-05-16 03:54:56,3.0,45.71,LOW,Missing RP / Purchase Issue,True
RGT-001689,CUST-E5A3E89B,Jinx's passive is not triggering correctly after the latest patch. The movement speed buff is inconsistent.,Legends of Runeterra,2023-04-14 00:52:23,5.0,,HIGH,Champion / Skin Bug,False
RGT-002634,CUST-4B079F84,Transaction stuck as 'pending' for 48 hours. My bank confirmed the charge went through. Please help.,Valorant,2023-04-16 14:15:27,24.0,88.9,LOW,Missing RP / Purchase Issue,True
RGT-000046,CUST-C91C1ECE,I accidentally purchased the wrong champion. Can I get a refund? I only have one refund token left.,League of Legends,2023-07-12 18:36:53,0.0,,LOW,Missing RP / Purchase Issue,False
RGT-002850,CUST-B5FDACD0,"Hello, my account was flagged and restricted. I believe this is a false positive from your anti-cheat. I need an appeal.",Valorant,2023-11-04 18:30:20,2.0,2.25,MEDIUM,Account Ban / Suspension,True
RGT-000241,CUST-015B8874,I was banned for account sharing. I let my brother play once. Is there a way to appeal this decision?,Valorant,2023-12-21 14:29:52,0.0,1.27,HIGH,Account Ban / Suspension,True
RGT-000252,CUST-740AC09D,The authenticator app code is being rejected. I re-scanned the QR code and still getting errors.,Legends of Runeterra,2023-08-14 16:47:39,0.0,4.64,HIGH,Login / 2FA Issue,True
RGT-000991,CUST-CDB94453,"Purchased RP via prepaid card, entered the code but nothing was credited. Code: RITO-039675.",League of Legends,2023-12-15 22:37:32,10.0,6.55,MEDIUM,Missing RP / Purchase Issue,True
RGT-000458,CUST-F12490DE,Getting a black screen on launch. The process shows in Task Manager but nothing displays.,League of Legends,not-a-date,0.0,7.1,MEDIUM,Client Bug / Crash,True
RGT-001273,CUST-CD15BFFA,3rd chat restriction this year for increasingly minor things. I feel I am being targeted unfairly.,Wild Rift,2023-10-28 01:28:38,2.0,32.11,LOW,Chat Restriction Appeal,True
RGT-000677,CUST-CA66E01A,My account RiotUser#84352 was permanently banned but I never cheated. Please review the ban.,Wild Rift,2024-01-17 02:35:59,0.0,95.57,LOW,Account Ban / Suspension,True
RGT-DUPE-0057,CUST-ABA4C4B7,This player admitted to using scripts in chat. I have a screenshot. How do I submit it?,Wild Rift,2024-01-12 16:13:27,15.0,1.35,HIGH,Cheat / Hacker Report,True
RGT-001815,CUST-2A231E0F,My account RiotUser#60229 was permanently banned but I never cheated. Please review the ban.,League of Legends,2024-04-09 00:00:57,5.0,14.12,LOW,Account Ban / Suspension,True
RGT-001534,CUST-46BFE25C,Ranked queue dodging penalty applied even though I did not dodge. I was in loading screen.,Legends of Runeterra,2023-07-27 14:55:21,0.0,120.61,MEDIUM,Ranked & Matchmaking,True
RGT-002357,CUST-5B4081EE,My Riot Points are missing after I topped up. I have the bank receipt. Please refund or credit my account.,Teamfight Tactics,2023-05-19 23:38:35,33.0,64.25,LOW,Missing RP / Purchase Issue,True
RGT-001085,CUST-E573FEE4,I accidentally purchased the wrong champion. Can I get a refund? I only have one refund token left.,Legends of Runeterra,2024-06-12 06:02:24,4.0,8.13,MEDIUM,Missing RP / Purchase Issue,True
RGT-001512,CUST-4CF66CD9,Duo partner and I are being put into the wrong queue tier. We are Diamond 2 and 3 but matched in Plat.,Valorant,not-a-date,19.0,,LOW,Ranked & Matchmaking,False
RGT-002405,CUST-C7E0960A,"After updating, all my settings were reset. Also my custom game configurations are gone.",Teamfight Tactics,2024-01-16 10:07:03,28.0,4.85,HIGH,Client Bug / Crash,True
RGT-000258,CUST-5865892D,,Teamfight Tactics,2024-03-20 19:28:22,0.0,19.17,MEDIUM,Client Bug / Crash,True
RGT-002273,CUST-A8CD9E15,FPS dropping from 200 to single digits every few minutes since patch 14.8. My hardware is fine.,Valorant,2024-06-07 07:58:39,3.0,27.73,LOW,Client Bug / Crash,True
RGT-000369,CUST-17C181B6,I got permabanned for 'toxic behaviour' but all I did was mute my teammates. This seems unfair.,Teamfight Tactics,2023-06-14 01:21:10,1.0,78.2,LOW,Account Ban / Suspension,True
RGT-002051,CUST-4FC4738B,The authenticator app code is being rejected. I re-scanned the QR code and still getting errors.,League of Legends,2024-01-14 06:36:08,31.0,189.39,LOW,Login / 2FA Issue,True
RGT-002974,CUST-E365E0A1,The shop tab in the client is blank. I cannot browse or purchase anything. Tried clearing cache.,Teamfight Tactics,2023-09-15 03:38:18,31.0,202.66,LOW,Client Bug / Crash,True
RGT-002845,CUST-FA5F4518,I was gifted a skin I already owned. The duplicate was auto-converted to orange essence. I want a refund.,Wild Rift,2023-07-31 06:21:23,0.0,5.64,MEDIUM,Refund Request,True
RGT-000355,CUST-18077E6C,Login fails with 'incorrect password' even after a password reset. I have cleared cookies and cache.,Teamfight Tactics,2023-06-17 21:08:21,,17.87,MEDIUM,Login / 2FA Issue,True
RGT-001300,CUST-6D4766F3,I purchased the Battle Pass but didn't receive the rewards. Transaction ID: TXN-8FC1C977.,Teamfight Tactics,2023-09-11 07:52:55,5.0,1.01,HIGH,Missing RP / Purchase Issue,True
RGT-001865,CUST-FA9DBD80,2FA is sending codes but they expire before I can enter them. Clock sync on my phone is correct.,Wild Rift,2023-08-27 18:04:30,16.0,6.05,MEDIUM,Login / 2FA Issue,True
RGT-002220,CUST-357C4273,I bought 3250 RP but it never showed up in my account. I was charged on my card though.,Legends of Runeterra,2024-02-12 17:36:48,1.0,12.91,MEDIUM,Missing RP / Purchase Issue,True
RGT-001197,CUST-A8C962F0,"My smurf account was banned, now my main account is also restricted. I do not understand what happened.",League of Legends,2024-04-21 11:10:52,0.0,,MEDIUM,Account Ban / Suspension,False
RGT-ND-9021,CUST-CDB94453,"Client freezes during loading screen, crash every game.",League of Legends,2023-06-15 14:30:00,2.0,10.0,MEDIUM,Missing RP / Purchase Issue,True
RGT-002203,CUST-282DA42F,,Wild Rift,2024-06-16 04:46:08,1.0,61.63,MEDIUM,Missing RP / Purchase Issue,True
RGT-001303,CUST-6A9394B7,I got permabanned for 'toxic behaviour' but all I did was mute my teammates. This seems unfair.,Legends of Runeterra,2024-05-04 06:26:36,2.0,10.09,MEDIUM,Account Ban / Suspension,True
RGT-000683,CUST-9F16D7C7,Login fails with 'incorrect password' even after a password reset. I have cleared cookies and cache.,Valorant,2023-06-02 19:15:53,0.0,2.26,HIGH,Login / 2FA Issue,True
RGT-001382,CUST-FE972C20,Transaction stuck as 'pending' for 48 hours. My bank confirmed the charge went through. Please help.,Legends of Runeterra,2023-11-11 16:34:24,22.0,7.22,MEDIUM,Missing RP / Purchase Issue,True
RGT-000508,CUST-638C5485,The Lunar New Year bundle charged me but only delivered half the content. Missing the ward skin and icon.,League of Legends,2023-01-07 13:10:20,2.0,0.53,HIGH,Missing RP / Purchase Issue,True
RGT-000212,CUST-ABA4C4B7,I accidentally purchased the wrong champion. Can I get a refund? I only have one refund token left.,Wild Rift,2023-05-28 13:33:47,3.0,37.9,LOW,Missing RP / Purchase Issue,True
RGT-001455,CUST-74EA26B3,Lost 40 LP for a game I disconnected from due to power outage. Can this be reversed?,League of Legends,2023-01-21 19:17:27,2.0,122.32,MEDIUM,Ranked & Matchmaking,True
RGT-000820,CUST-61ADFAC6,RP purchase failed but the money was deducted from my account. This is the second time this has happened.,Valorant,2023-08-28 14:30:54,3.0,0.8,HIGH,Missing RP / Purchase Issue,True
RGT-001651,CUST-B49CB959,Account logged in on an unrecognised device. I changed password but 2FA was not set up. How do I add it now?,Wild Rift,2023-05-03 09:41:45,,166.47,LOW,Login / 2FA Issue,True
RGT-002910,CUST-E7D3B17F,I was charged twice for the same RP bundle. I see two transactions on my statement for $20.00.,League of Legends,2024-02-29 12:26:17,8.0,4.11,MEDIUM,Missing RP / Purchase Issue,True
RGT-000583,CUST-57FBCB14,,Wild Rift,2023-03-07 17:15:02,2.0,15.63,HIGH,Ranked & Matchmaking,True
RGT-000176,CUST-7A32E5DE,I accidentally purchased the wrong champion. Can I get a refund? I only have one refund token left.,Valorant,2024-05-07 03:40:39,4.0,113.96,LOW,Missing RP / Purchase Issue,True
RGT-001713,CUST-4B079F84,Reporting a player for using wallhacks in Valorant. Their username is Player9199. Please review game ID NA1_2828183125.,Valorant,2023-03-24 18:16:07,15.0,3.47,MEDIUM,Cheat / Hacker Report,True
RGT-000431,CUST-FA9DBD80,I received a 14-day suspension for allegedly using scripts. I have never used any third-party software. Please investigate.,Wild Rift,2023-11-11 00:29:37,4.0,0.52,HIGH,Account Ban / Suspension,True
RGT-001508,CUST-0A3C71EC,"Purchased RP via prepaid card, entered the code but nothing was credited. Code: RITO-793106.",Wild Rift,2023-05-04 20:25:53,3.0,18.24,LOW,Missing RP / Purchase Issue,True
RGT-000745,CUST-138F8363,"Hello, my account was flagged and restricted. I believe this is a false positive from your anti-cheat. I need an appeal.",League of Legends,2023-04-22 16:05:25,0.0,39.82,MEDIUM,Account Ban / Suspension,True
RGT-001363,CUST-023FE7E6,Matchmaking is putting me against players 3 tiers above me. This has been happening all week.,Wild Rift,2023-11-12 12:00:03,14.0,115.28,LOW,Ranked & Matchmaking,True
RGT-001098,CUST-29D019A5,I was banned for account sharing. I let my brother play once. Is there a way to appeal this decision?,Valorant,2023-05-01 04:50:27,4.0,,MEDIUM,Account Ban / Suspension,False
RGT-000507,CUST-82A89C4C,I bought 3250 RP but it never showed up in my account. I was charged on my card though.,Valorant,2024-03-07 16:41:19,0.0,162.46,LOW,Missing RP / Purchase Issue,True
RGT-000946,CUST-F98E071F,This player in my last game was clearly using an aimbot. Every bullet was a headshot through smoke.,League of Legends,not-a-date,1.0,1.45,HIGH,Cheat / Hacker Report,True
RGT-001136,CUST-BFBE08BB,My account RiotUser#74796 was permanently banned but I never cheated. Please review the ban.,League of Legends,2023-10-21 03:00:02,1.0,10.49,MEDIUM,Account Ban / Suspension,True
RGT-001024,CUST-4CF66CD9,"Hello, my account was flagged and restricted. I believe this is a false positive from your anti-cheat. I need an appeal.",Wild Rift,2023-11-27 00:27:18,11.0,0.76,HIGH,Account Ban / Suspension,True
RGT-000197,CUST-CDB94453,I was charged twice for the same RP bundle. I see two transactions on my statement for $25.00.,Teamfight Tactics,13/32/2023 10:00:00,0.0,,HIGH,Missing RP / Purchase Issue,False
RGT-002513,CUST-DE4C8886,I purchased an emote for a character I no longer play. Refund would be appreciated.,Wild Rift,2024-04-29 12:20:20,4.0,73.83,LOW,Refund Request,True
RGT-000089,CUST-52F9765C,Chat restriction applied to my account but I have honour level 5. Seems like an error in your system.,League of Legends,2023-09-24 18:08:38,1.0,290.81,LOW,Chat Restriction Appeal,True
RGT-001048,CUST-7709DC90,I want to appeal my chat restriction. The logs being cited were from a conversation I did not start.,Teamfight Tactics,2023-12-05 03:54:29,8.0,81.36,MEDIUM,Chat Restriction Appeal,True
RGT-002879,CUST-57FBCB14,My account RiotUser#34989 was permanently banned but I never cheated. Please review the ban.,Valorant,2023-09-07 10:34:16,24.0,27.59,MEDIUM,Account Ban / Suspension,True
RGT-002026,CUST-6D8BA715,Account banned with no explanation. I spent over $500 on this account. Please look into this immediately.,Valorant,2024-06-29 10:31:42,5.0,,LOW,Account Ban / Suspension,False
RGT-002944,CUST-1ECF6211,"After the latest patch, my client freezes on the loading screen. I cannot get into any game.",League of Legends,2024-05-08 05:57:38,0.0,28.25,MEDIUM,Client Bug / Crash,True
RGT-000679,CUST-01E0218A,I cannot log into my account. I reset my password but the 2FA code is going to an old email I lost access to.,Valorant,2023-10-21 10:17:49,9.0,24.44,MEDIUM,Login / 2FA Issue,True
RGT-001035,CUST-4B0F6900,FPS dropping from 200 to single digits every few minutes since patch 13.17. My hardware is fine.,League of Legends,2023-05-31 13:44:29,3.0,11.4,MEDIUM,Client Bug / Crash,True
RGT-000565,CUST-80A7FB33,The game client crashes every time I enter champion select. I reinstalled but the problem persists.,League of Legends,2023-09-19 18:41:38,1.0,66.76,LOW,Client Bug / Crash,True
RGT-000344,CUST-BF3EEDA3,,Wild Rift,not-a-date,1.0,26.67,LOW,Cheat / Hacker Report,True
RGT-002347,CUST-1479B5E5,"After the latest patch, my client freezes on the loading screen. I cannot get into any game.",Teamfight Tactics,2023-01-27 02:16:58,3.0,42.99,MEDIUM,Client Bug / Crash,True
RGT-000026,CUST-E21ABCF8,My chat restriction ended but I am still unable to type in-game. There seems to be a bug.,Valorant,2023-11-14 04:59:44,0.0,28.43,LOW,Chat Restriction Appeal,True
RGT-000941,CUST-82487C44,"After the latest patch, my client freezes on the loading screen. I cannot get into any game.",Valorant,2024-06-28 20:25:16,,11.89,MEDIUM,Client Bug / Crash,True
RGT-001860,CUST-F7E0BA15,Kindred's Q ability is not applying on-hit effects correctly with the Spirit Blossom skin equipped.,League of Legends,2023-10-02 01:15:29,7.0,3.24,MEDIUM,Champion / Skin Bug,True
RGT-002893,CUST-64865559,"My smurf account was banned, now my main account is also restricted. I do not understand what happened.",Valorant,2024-05-18 09:49:13,5.0,18.64,MEDIUM,Account Ban / Suspension,True
RGT-002796,CUST-C0B0865D,My League account got banned out of nowhere. I was just playing ranked and then I got logged out. Can you explain why?,League of Legends,2024-05-25 03:06:48,4.0,49.62,MEDIUM,Account Ban / Suspension,True
RGT-001489,CUST-672227E5,"After updating, all my settings were reset. Also my custom game configurations are gone.",League of Legends,2024-06-12 18:05:22,1.0,7.76,HIGH,Client Bug / Crash,True
RGT-001526,CUST-3FA730C7,"My smurf account was banned, now my main account is also restricted. I do not understand what happened.",Teamfight Tactics,2023-10-25 04:27:05,3.0,10.45,MEDIUM,Account Ban / Suspension,True
RGT-002423,CUST-77E302EC,Matchmaking is putting me against players 3 tiers above me. This has been happening all week.,League of Legends,2023-10-20 10:46:05,5.0,1.15,HIGH,Ranked & Matchmaking,True
RGT-002575,CUST-C7E0960A,My Riot Points are missing after I topped up. I have the bank receipt. Please refund or credit my account.,League of Legends,2023-01-08 08:27:01,31.0,1.22,MEDIUM,Missing RP / Purchase Issue,True
RGT-000651,CUST-7D1E4612,My Riot Points are missing after I topped up. I have the bank receipt. Please refund or credit my account.,Teamfight Tactics,2024-04-05 19:41:36,0.0,,LOW,Missing RP / Purchase Issue,False
RGT-000868,CUST-285CB8C0,There is a blatant scripter in my ranked game. They had 0ms reaction time and perfect skill shots all game.,Valorant,2023-09-06 19:01:15,,1.82,MEDIUM,Cheat / Hacker Report,True
RGT-001351,CUST-CDB94453,I keep getting matched against the same scripter. Already reported in-game but they are still playing.,League of Legends,2023-05-28 04:39:29,17.0,33.53,MEDIUM,Cheat / Hacker Report,True
RGT-000068,CUST-8E5D3D10,I was charged twice for the same RP bundle. I see two transactions on my statement for $10.00.,Teamfight Tactics,2023-08-23 17:13:59,,25.14,MEDIUM,Missing RP / Purchase Issue,True
RGT-002250,CUST-9E25788D,"Hello, my account was flagged and restricted. I believe this is a false positive from your anti-cheat. I need an appeal.",Legends of Runeterra,2023-05-24 21:52:25,5.0,17.85,LOW,Account Ban / Suspension,True
RGT-000622,CUST-2C90108F,"My smurf account was banned, now my main account is also restricted. I do not understand what happened.",Valorant,2024-05-09 11:09:43,2.0,9.74,MEDIUM,Account Ban / Suspension,True
RGT-000652,CUST-57FBCB14,I lost LP for a loss that was not my fault. My teammates went AFK in the first 5 minutes.,League of Legends,2023-05-31 13:13:58,3.0,55.2,LOW,Ranked & Matchmaking,True
RGT-002196,CUST-FA9DBD80,I used my last refund token on an item I now see is in the next sale. Can I have an exception?,League of Legends,2023-06-09 01:58:16,22.0,4.94,MEDIUM,Refund Request,True
RGT-000603,CUST-C91C1ECE,"Purchased RP via prepaid card, entered the code but nothing was credited. Code: RITO-CD0F94.",Valorant,2024-05-06 21:45:12,11.0,15.67,HIGH,Missing RP / Purchase Issue,True
RGT-002912,CUST-C4731564,I was punished for saying 'gg ez' which is a common phrase. I disagree this violates community standards.,Teamfight Tactics,2023-05-03 20:25:12,35.0,25.54,MEDIUM,Chat Restriction Appeal,True
RGT-000424,CUST-638C5485,Jinx's passive is not triggering correctly after the latest patch. The movement speed buff is inconsistent.,Teamfight Tactics,2023-04-12 03:26:38,,15.88,HIGH,Champion / Skin Bug,True
RGT-002172,CUST-F00A34C2,Permanent ban issued on my account. I have 3000 hours on this game and have never violated ToS. Please help.,Teamfight Tactics,2023-07-04 08:05:51,5.0,179.59,LOW,Account Ban / Suspension,True
RGT-002806,CUST-E365E0A1,"Bought a bundle in the store, got charged but the content never appeared in my collection.",Teamfight Tactics,2024-05-06 15:52:51,28.0,7.31,MEDIUM,Missing RP / Purchase Issue,True
RGT-001911,CUST-FE972C20,3rd chat restriction this year for increasingly minor things. I feel I am being targeted unfairly.,Legends of Runeterra,2023-09-16 02:17:01,24.0,25.2,LOW,Chat Restriction Appeal,True
RGT-002862,CUST-36E19637,Possible griefing bot detected on the enemy team. All five of them stood still in base.,Valorant,2023-07-19 16:31:52,1.0,134.38,LOW,Cheat / Hacker Report,True
RGT-001114,CUST-8B088BAB,Locked out of my account after too many failed login attempts. I was trying to recover access legitimately.,Teamfight Tactics,2023-03-17 11:20:38,3.0,,MEDIUM,Login / 2FA Issue,False
RGT-001478,CUST-4CF66CD9,The game client crashes every time I enter champion select. I reinstalled but the problem persists.,Teamfight Tactics,2023-06-25 04:20:20,18.0,,LOW,Client Bug / Crash,False
RGT-001554,CUST-E3190612,Chat restriction applied to my account but I have honour level 5. Seems like an error in your system.,Valorant,2024-03-03 04:33:38,2.0,,MEDIUM,Chat Restriction Appeal,False
RGT-000125,CUST-B1B46D9C,Lost 40 LP for a game I disconnected from due to power outage. Can this be reversed?,Teamfight Tactics,2024-03-11 08:14:45,0.0,65.13,MEDIUM,Ranked & Matchmaking,True
RGT-002542,CUST-F7E0BA15,"Hello, my account was flagged and restricted. I believe this is a false positive from your anti-cheat. I need an appeal.",Legends of Runeterra,2023-10-02 22:08:06,8.0,2.74,HIGH,Account Ban / Suspension,True
RGT-002904,CUST-BC359A86,The EUW server has been unstable all weekend. Multiple disconnects per gaming session.,League of Legends,2023-09-05 18:59:34,17.0,140.84,LOW,Server Latency / Lag,True
RGT-001867,CUST-18077E6C,Cheater ruined 3 games in a row. Your reporting system seems broken. They are still not banned.,League of Legends,2023-04-09 23:44:35,2.0,1.36,HIGH,Cheat / Hacker Report,True
RGT-001873,CUST-FBEEE1AE,I was banned for account sharing. I let my brother play once. Is there a way to appeal this decision?,League of Legends,2023-09-10 08:18:53,2.0,27.57,LOW,Account Ban / Suspension,True
RGT-000533,CUST-39A2BAA5,Chat restriction applied to my account but I have honour level 5. Seems like an error in your system.,Valorant,2023-05-26 21:42:48,0.0,40.32,LOW,Chat Restriction Appeal,True
RGT-002010,CUST-FFECECC1,Someone is ddosing our team. Two of my teammates disconnected within seconds of each other.,Wild Rift,2023-12-26 10:37:43,1.0,,MEDIUM,Cheat / Hacker Report,False
RGT-001058,CUST-94D9DD38,Account recovery is not working. I no longer have access to the email or phone number on record.,Wild Rift,2024-04-03 15:56:38,2.0,,LOW,Login / 2FA Issue,False
RGT-002908,CUST-2AE5E127,Matchmaking is putting me against players 3 tiers above me. This has been happening all week.,League of Legends,2023-01-17 04:36:47,32.0,117.52,LOW,Ranked & Matchmaking,True
RGT-001691,CUST-E573FEE4,My clash tournament registration was cancelled without notification. Please refund the ticket fee.,Valorant,2023-10-01 20:48:24,6.0,20.6,MEDIUM,Ranked & Matchmaking,True
RGT-001488,CUST-062FB9F2,My account RiotUser#75947 was permanently banned but I never cheated. Please review the ban.,Wild Rift,2024-04-15 00:14:16,4.0,3.27,HIGH,Account Ban / Suspension,True
RGT-000558,CUST-B46B2228,"After the latest patch, my client freezes on the loading screen. I cannot get into any game.",Wild Rift,2024-06-18 18:22:21,1.0,,MEDIUM,Client Bug / Crash,False
RGT-002562,CUST-7A4D8589,Blatant cheater in Diamond ranked. Please investigate account RiotUser#74021. They were toggling aimbot openly.,Valorant,2024-06-27 03:36:48,5.0,2.03,HIGH,Cheat / Hacker Report,True
RGT-001174,CUST-57FBCB14,Permanent ban issued on my account. I have 3000 hours on this game and have never violated ToS. Please help.,Valorant,2024-02-15 01:47:05,8.0,19.2,LOW,Account Ban / Suspension,True
RGT-000177,CUST-BF93857A,Someone is ddosing our team. Two of my teammates disconnected within seconds of each other.,Teamfight Tactics,2024-02-20 02:23:38,0.0,12.17,MEDIUM,Cheat / Hacker Report,True
RGT-000323,CUST-5B1640FC,"Purchased RP via prepaid card, entered the code but nothing was credited. Code: RITO-2F4543.",League of Legends,2024-06-29 22:02:03,,61.82,LOW,Missing RP / Purchase Issue,True
RGT-001189,CUST-4FC4738B,Getting lag spikes every few minutes that last about 2 seconds. This started after last Tuesday's patch.,Legends of Runeterra,2023-02-06 20:12:44,21.0,28.93,LOW,Server Latency / Lag,True
RGT-001462,CUST-ED59D5A1,,Wild Rift,2023-10-24 07:23:57,4.0,23.88,MEDIUM,Account Ban / Suspension,True
RGT-002479,CUST-4823FCFD,"Hello, my account was flagged and restricted. I believe this is a false positive from your anti-cheat. I need an appeal.",Legends of Runeterra,not-a-date,3.0,,MEDIUM,Account Ban / Suspension,False
RGT-001546,CUST-A47EA986,I accidentally purchased the wrong champion. Can I get a refund? I only have one refund token left.,Legends of Runeterra,2023-11-23 18:50:51,4.0,16.2,MEDIUM,Missing RP / Purchase Issue,True
RGT-000696,CUST-2CA48875,RP purchase failed but the money was deducted from my account. This is the second time this has happened.,Legends of Runeterra,2023-03-16 23:38:39,0.0,,MEDIUM,Missing RP / Purchase Issue,False
RGT-001629,CUST-023FE7E6,Account banned with no explanation. I spent over $500 on this account. Please look into this immediately.,Valorant,2024-06-25 14:27:15,17.0,0.3,HIGH,Account Ban / Suspension,True
RGT-000081,CUST-023FE7E6,I lost LP for a loss that was not my fault. My teammates went AFK in the first 5 minutes.,Legends of Runeterra,2023-11-26 08:12:29,1.0,47.87,LOW,Ranked & Matchmaking,True
RGT-ND-9026,CUST-E5A3E89B,Game crashes on the loading screen every time.,League of Legends,2023-06-15 14:30:00,2.0,10.0,MEDIUM,Missing RP / Purchase Issue,True
RGT-001150,CUST-023FE7E6,RP purchase failed but the money was deducted from my account. This is the second time this has happened.,Wild Rift,2023-04-12 15:19:46,12.0,20.0,LOW,Missing RP / Purchase Issue,True
RGT-001152,CUST-2C0B0E3F,My League account got banned out of nowhere. I was just playing ranked and then I got logged out. Can you explain why?,Wild Rift,2024-01-07 13:22:04,4.0,28.42,MEDIUM,Account Ban / Suspension,True
RGT-000863,CUST-8C949838,I received a 14-day suspension for allegedly using scripts. I have never used any third-party software. Please investigate.,Legends of Runeterra,2023-04-01 09:30:38,0.0,26.51,MEDIUM,Account Ban / Suspension,True
RGT-001261,CUST-4CF66CD9,Got a chat ban that escalated to a full account suspension. The context was taken out of context. I want to appeal.,League of Legends,2023-02-12 09:57:39,16.0,41.55,MEDIUM,Account Ban / Suspension,True
RGT-000440,CUST-1767AA4A,Player using Elo-boosting service. They were clearly being played by someone else based on behaviour change.,Teamfight Tactics,2023-07-25 22:50:57,10.0,3.51,LOW,Cheat / Hacker Report,True
RGT-000472,CUST-01E0218A,I purchased an emote for a character I no longer play. Refund would be appreciated.,Legends of Runeterra,2024-04-14 04:21:42,3.0,7.2,MEDIUM,Refund Request,True
RGT-002231,CUST-8B088BAB,,Legends of Runeterra,2024-02-12 10:43:16,7.0,115.77,LOW,Missing RP / Purchase Issue,True
RGT-002012,CUST-80A7FB33,Blatant cheater in Diamond ranked. Please investigate account RiotUser#93441. They were toggling aimbot openly.,Teamfight Tactics,2023-05-30 19:30:11,4.0,221.76,LOW,Cheat / Hacker Report,True
RGT-001707,CUST-5F210E14,My League account got banned out of nowhere. I was just playing ranked and then I got logged out. Can you explain why?,Valorant,2023-08-07 02:48:48,,,HIGH,Account Ban / Suspension,False
RGT-000813,CUST-3D51023D,There is a blatant scripter in my ranked game. They had 0ms reaction time and perfect skill shots all game.,Wild Rift,2023-03-20 18:58:37,11.0,,LOW,Cheat / Hacker Report,False
RGT-001235,CUST-1479B5E5,I bought 3250 RP but it never showed up in my account. I was charged on my card though.,Wild Rift,2023-10-18 03:05:00,0.0,13.57,HIGH,Missing RP / Purchase Issue,True
RGT-002247,CUST-D29BC432,Account logged in on an unrecognised device. I changed password but 2FA was not set up. How do I add it now?,Valorant,2023-02-10 05:47:22,1.0,85.25,MEDIUM,Login / 2FA Issue,True
RGT-000569,CUST-20E2A652,The Arcane Vi skin causes my game to crash during the level-up animation. Reproducible every time.,League of Legends,2024-06-06 18:47:16,1.0,403.25,LOW,Champion / Skin Bug,True
RGT-DUPE-0046,CUST-D3C24607,There is a blatant scripter in my ranked game. They had 0ms reaction time and perfect skill shots all game.,Teamfight Tactics,2023-01-15 08:54:50,2.0,27.0,MEDIUM,Cheat / Hacker Report,True
RGT-001654,CUST-4FC4738B,Account recovery is not working. I no longer have access to the email or phone number on record.,Wild Rift,2024-01-27 10:23:21,27.0,183.25,LOW,Login / 2FA Issue,True
RGT-000142,CUST-595CB38B,I was charged twice for the same RP bundle. I see two transactions on my statement for $20.00.,Wild Rift,2024-03-08 20:34:41,0.0,54.36,LOW,Missing RP / Purchase Issue,True
RGT-000512,CUST-FA9DBD80,This player admitted to using scripts in chat. I have a screenshot. How do I submit it?,Teamfight Tactics,2024-02-18 12:50:49,5.0,42.9,LOW,Cheat / Hacker Report,True
RGT-001613,CUST-ABA4C4B7,I received a 25-game chat restriction for a single game where I was defending myself. This is disproportionate.,Legends of Runeterra,2024-01-07 23:32:28,22.0,30.8,MEDIUM,Chat Restriction Appeal,True
RGT-002606,CUST-1C74A8CE,I bought 3250 RP but it never showed up in my account. I was charged on my card though.,Wild Rift,2023-10-15 06:28:37,3.0,1.47,MEDIUM,Missing RP / Purchase Issue,True
RGT-001810,CUST-AB7EE0E4,"My smurf account was banned, now my main account is also restricted. I do not understand what happened.",Wild Rift,2023-07-04 16:40:33,3.0,47.31,MEDIUM,Account Ban / Suspension,True
RGT-002867,CUST-C4731564,Possible griefing bot detected on the enemy team. All five of them stood still in base.,League of Legends,2024-05-28 05:07:23,34.0,25.78,MEDIUM,Cheat / Hacker Report,True
RGT-001685,CUST-E1906887,Player using Elo-boosting service. They were clearly being played by someone else based on behaviour change.,Wild Rift,2023-10-11 10:34:32,2.0,,MEDIUM,Cheat / Hacker Report,False
RGT-000611,CUST-C91C1ECE,Player using Elo-boosting service. They were clearly being played by someone else based on behaviour change.,Valorant,2024-05-18 19:37:42,12.0,,MEDIUM,Cheat / Hacker Report,False
RGT-002811,CUST-F48C257F,The game client crashes every time I enter champion select. I reinstalled but the problem persists.,Teamfight Tactics,2023-04-28 23:27:01,6.0,6.63,MEDIUM,Client Bug / Crash,True
RGT-001967,CUST-4E0BB732,I was in promo series but the server crashed mid-game. The loss was counted against me.,League of Legends,2023-11-21 17:53:11,4.0,,LOW,Ranked & Matchmaking,False
RGT-000832,CUST-06A83EFD,"Hello, my account was flagged and restricted. I believe this is a false positive from your anti-cheat. I need an appeal.",Wild Rift,2023-11-05 04:12:34,1.0,28.04,LOW,Account Ban / Suspension,True
RGT-000178,CUST-088F80DF,Got a chat ban that escalated to a full account suspension. The context was taken out of context. I want to appeal.,Teamfight Tactics,2023-03-19 08:12:27,0.0,23.62,MEDIUM,Account Ban / Suspension,True
RGT-000858,CUST-A6E2586F,2FA is sending codes but they expire before I can enter them. Clock sync on my phone is correct.,League of Legends,2023-04-03 19:38:35,1.0,1.61,HIGH,Login / 2FA Issue,True
RGT-000694,CUST-8CCE3FA3,This player admitted to using scripts in chat. I have a screenshot. How do I submit it?,Valorant,2024-05-24 11:29:04,1.0,5.08,HIGH,Cheat / Hacker Report,True
RGT-001737,CUST-E0EBF5E1,Audio cuts out completely mid-game after around 20 minutes of play. Rolling back drivers did not fix it.,Valorant,2023-05-20 02:21:24,21.0,1.95,HIGH,Client Bug / Crash,True
RGT-001073,CUST-1D5272DD,There is a blatant scripter in my ranked game. They had 0ms reaction time and perfect skill shots all game.,League of Legends,2023-10-11 13:42:07,2.0,104.13,LOW,Cheat / Hacker Report,True
RGT-001279,CUST-AC643856,The game client crashes every time I enter champion select. I reinstalled but the problem persists.,Valorant,2023-01-15 09:16:09,3.0,,MEDIUM,Client Bug / Crash,False
RGT-001504,CUST-1B5CD02F,Ranked queue dodging penalty applied even though I did not dodge. I was in loading screen.,Wild Rift,2023-11-11 06:35:02,1.0,62.59,LOW,Ranked & Matchmaking,True
RGT-000184,CUST-57FBCB14,FPS dropping from 200 to single digits every few minutes since patch 13.8. My hardware is fine.,League of Legends,2024-01-20 09:22:32,0.0,,MEDIUM,Client Bug / Crash,False
RGT-001469,CUST-01E0218A,"After the latest patch, my client freezes on the loading screen. I cannot get into any game.",Wild Rift,2024-04-19 00:18:35,21.0,16.87,HIGH,Client Bug / Crash,True
RGT-002228,CUST-7A32E5DE,,Teamfight Tactics,2024-04-01 09:51:12,28.0,3.64,MEDIUM,Ranked & Matchmaking,True
RGT-002728,CUST-E0EBF5E1,Ranked queue dodging penalty applied even though I did not dodge. I was in loading screen.,League of Legends,2023-03-29 09:15:19,29.0,,HIGH,Ranked & Matchmaking,False
RGT-000566,CUST-D54124E1,I was gifted a skin I already owned. The duplicate was auto-converted to orange essence. I want a refund.,Valorant,2023-01-03 09:30:08,2.0,,LOW,Refund Request,False
RGT-002902,CUST-C7797CA4,I called out a griefer and got chat banned while they did not. The system feels inconsistent.,Valorant,2023-07-28 16:25:54,1.0,7.45,MEDIUM,Chat Restriction Appeal,True
RGT-002341,CUST-A326E34B,"Bought a bundle in the store, got charged but the content never appeared in my collection.",Teamfight Tactics,2023-07-29 13:59:28,4.0,0.28,LOW,Missing RP / Purchase Issue,True
RGT-001986,CUST-6D8BA715,,Legends of Runeterra,2023-03-13 03:22:32,,2.56,LOW,Client Bug / Crash,True
RGT-001830,CUST-1D5272DD,There is a blatant scripter in my ranked game. They had 0ms reaction time and perfect skill shots all game.,Legends of Runeterra,2024-01-13 21:48:49,7.0,4.14,HIGH,Cheat / Hacker Report,True
RGT-002851,CUST-023FE7E6,My account RiotUser#19102 was permanently banned but I never cheated. Please review the ban.,League of Legends,2024-05-09 22:53:09,31.0,,MEDIUM,Account Ban / Suspension,False
RGT-000487,CUST-F239E82D,"Purchased RP via prepaid card, entered the code but nothing was credited. Code: RITO-448B9B.",Teamfight Tactics,2023-09-26 03:56:16,2.0,,MEDIUM,Missing RP / Purchase Issue,False
RGT-002941,CUST-D6D08728,My clash tournament registration was cancelled without notification. Please refund the ticket fee.,Valorant,2023-10-25 03:41:47,6.0,,MEDIUM,Ranked & Matchmaking,False
RGT-001205,CUST-1767AA4A,I was charged twice for the same RP bundle. I see two transactions on my statement for $20.00.,Valorant,2023-05-25 21:19:54,18.0,,MEDIUM,Missing RP / Purchase Issue,False
RGT-000371,CUST-BF3EEDA3,The EUW server has been unstable all weekend. Multiple disconnects per gaming session.,Wild Rift,2023-10-03 23:24:24,2.0,,HIGH,Server Latency / Lag,False
RGT-000163,CUST-100E8CC8,Remake did not trigger even though a player was AFK from champion select. Lost LP unfairly.,Teamfight Tactics,2024-05-17 12:57:04,0.0,22.76,MEDIUM,Ranked & Matchmaking,True
RGT-002647,CUST-5A96127B,RP purchase failed but the money was deducted from my account. This is the second time this has happened.,Wild Rift,2023-03-26 23:52:26,3.0,,MEDIUM,Missing RP / Purchase Issue,False
RGT-002651,CUST-672FBBB9,I received a 14-day suspension for allegedly using scripts. I have never used any third-party software. Please investigate.,Valorant,2023-06-08 08:48:30,1.0,2.35,HIGH,Account Ban / Suspension,True
RGT-002932,CUST-EE8A5B94,This player in my last game was clearly using an aimbot. Every bullet was a headshot through smoke.,League of Legends,2023-06-16 01:37:38,3.0,5.83,LOW,Cheat / Hacker Report,True
RGT-001912,CUST-CC7B8839,I bought 3250 RP but it never showed up in my account. I was charged on my card though.,Wild Rift,2023-10-22 01:04:31,8.0,,MEDIUM,Missing RP / Purchase Issue,False
RGT-000730,CUST-7709DC90,My Pulsefire Ezreal skin's recall animation is broken. It just shows the default animation instead.,Valorant,2024-02-22 19:28:46,4.0,115.52,LOW,Champion / Skin Bug,True
RGT-000970,CUST-AB648898,The game client crashes every time I enter champion select. I reinstalled but the problem persists.,Legends of Runeterra,2023-03-20 16:25:11,1.0,3.79,MEDIUM,Client Bug / Crash,True
RGT-000671,CUST-7CDF7E83,Player using Elo-boosting service. They were clearly being played by someone else based on behaviour change.,Wild Rift,2023-07-27 04:42:17,2.0,0.12,HIGH,Cheat / Hacker Report,True
RGT-000888,CUST-2AE1BE16,I bought 3250 RP but it never showed up in my account. I was charged on my card though.,Legends of Runeterra,2023-05-18 15:54:31,0.0,3.48,MEDIUM,Missing RP / Purchase Issue,True
RGT-000031,CUST-C715E320,Constant 'Connection Error' messages in client even though my internet is working perfectly.,Wild Rift,2023-07-21 07:40:50,0.0,100.33,LOW,Client Bug / Crash,True
RGT-001056,CUST-B7D9B9ED,The game client crashes every time I enter champion select. I reinstalled but the problem persists.,Wild Rift,2024-05-13 14:33:12,1.0,42.0,LOW,Client Bug / Crash,True
RGT-002080,CUST-A7BEC292,Cheater ruined 3 games in a row. Your reporting system seems broken. They are still not banned.,Teamfight Tactics,2024-04-23 04:19:14,2.0,,HIGH,Cheat / Hacker Report,False
RGT-001584,CUST-35622996,I was banned for account sharing. I let my brother play once. Is there a way to appeal this decision?,Legends of Runeterra,2023-11-06 07:34:49,4.0,6.13,HIGH,Account Ban / Suspension,True
RGT-001592,CUST-EA308573,I got permabanned for 'toxic behaviour' but all I did was mute my teammates. This seems unfair.,Teamfight Tactics,2024-06-24 02:25:48,1.0,15.6,MEDIUM,Account Ban / Suspension,True
RGT-000174,CUST-4ED88BA2,I purchased the Battle Pass but didn't receive the rewards. Transaction ID: TXN-794BAFD2.,Wild Rift,2024-04-23 13:53:27,0.0,10.8,LOW,Missing RP / Purchase Issue,True
RGT-001963,CUST-3488A6BE,I completed my placement matches but my rank is much lower than last season. Is this expected?,Wild Rift,2024-01-30 11:12:59,1.0,55.07,LOW,Ranked & Matchmaking,True
RGT-000297,CUST-F1B42935,"Bought a bundle in the store, got charged but the content never appeared in my collection.",League of Legends,2024-03-11 05:40:54,0.0,19.57,MEDIUM,Missing RP / Purchase Issue,True
RGT-000326,CUST-FBEEE1AE,This player in my last game was clearly using an aimbot. Every bullet was a headshot through smoke.,Teamfight Tactics,2023-03-08 01:59:14,0.0,12.2,MEDIUM,Cheat / Hacker Report,True
RGT-001237,CUST-E5F60461,Getting error UX-1 when attempting to sign in. This started after your maintenance window yesterday.,Valorant,2024-03-04 03:37:02,2.0,268.91,LOW,Login / 2FA Issue,True
RGT-001989,CUST-C70E83D6,Cheater ruined 3 games in a row. Your reporting system seems broken. They are still not banned.,Teamfight Tactics,2023-04-28 13:19:47,4.0,11.61,MEDIUM,Cheat / Hacker Report,True
RGT-001739,CUST-BA4754CE,Got a communication ban for using my native language which the filter incorrectly flagged.,Valorant,2023-02-20 19:36:37,1.0,23.55,MEDIUM,Chat Restriction Appeal,True
RGT-002760,CUST-022A5689,I bought a new phone and now I cannot receive my 2FA SMS. Please help me recover access.,Legends of Runeterra,2023-01-13 13:08:42,6.0,7.18,MEDIUM,Login / 2FA Issue,True
RGT-001473,CUST-A897F389,Login fails with 'incorrect password' even after a password reset. I have cleared cookies and cache.,League of Legends,2023-08-22 10:04:48,1.0,,LOW,Login / 2FA Issue,False
RGT-001926,CUST-3FEAC054,Transaction stuck as 'pending' for 48 hours. My bank confirmed the charge went through. Please help.,League of Legends,2024-05-31 18:17:13,1.0,7.3,MEDIUM,Missing RP / Purchase Issue,True
RGT-002715,CUST-C0D9D54D,Reporting a player for using wallhacks in Valorant. Their username is Player1450. Please review game ID NA1_4477723644.,Teamfight Tactics,2023-02-16 06:16:48,2.0,118.34,MEDIUM,Cheat / Hacker Report,True
RGT-000606,CUST-2AE5E127,Ranked queue dodging penalty applied even though I did not dodge. I was in loading screen.,Valorant,2023-03-24 14:47:49,8.0,10.07,LOW,Ranked & Matchmaking,True
RGT-001284,CUST-E669E68E,Getting a black screen on launch. The process shows in Task Manager but nothing displays.,Valorant,2023-12-02 03:04:49,3.0,11.36,MEDIUM,Client Bug / Crash,True
RGT-002672,CUST-C4731564,,Valorant,2023-03-22 12:31:32,30.0,2.58,MEDIUM,Cheat / Hacker Report,True
RGT-002627,CUST-ABA4C4B7,I was charged twice for the same RP bundle. I see two transactions on my statement for $35.00.,Valorant,2024-01-27 23:03:12,33.0,7.25,MEDIUM,Missing RP / Purchase Issue,True
RGT-ND-9029,CUST-C7E0960A,"Client freezes during loading screen, crash every game.",League of Legends,2023-06-15 14:30:00,2.0,10.0,MEDIUM,Missing RP / Purchase Issue,True
RGT-002670,CUST-B0F7884C,"Hello, my account was flagged and restricted. I believe this is a false positive from your anti-cheat. I need an appeal.",League of Legends,2023-09-23 22:24:57,3.0,1.24,MEDIUM,Account Ban / Suspension,True
RGT-000074,CUST-9A387166,The game client crashes every time I enter champion select. I reinstalled but the problem persists.,Valorant,2023-11-28 02:18:58,0.0,,MEDIUM,Client Bug / Crash,False
RGT-000049,CUST-942B891D,Got a chat ban that escalated to a full account suspension. The context was taken out of context. I want to appeal.,Teamfight Tactics,2024-04-07 04:25:29,0.0,33.17,MEDIUM,Account Ban / Suspension,True
RGT-002259,CUST-285CB8C0,Blatant cheater in Diamond ranked. Please investigate account RiotUser#50266. They were toggling aimbot openly.,Legends of Runeterra,2023-05-06 05:34:16,2.0,13.97,MEDIUM,Cheat / Hacker Report,True
RGT-001917,CUST-0BDF6CA8,My account RiotUser#50778 was permanently banned but I never cheated. Please review the ban.,Valorant,2023-03-28 17:38:43,3.0,,MEDIUM,Account Ban / Suspension,False
RGT-001816,CUST-0911EC11,Ranked queue dodging penalty applied even though I did not dodge. I was in loading screen.,Valorant,2023-06-03 17:54:09,3.0,37.52,MEDIUM,Ranked & Matchmaking,True
RGT-000536,CUST-E365E0A1,I purchased the Battle Pass but didn't receive the rewards. Transaction ID: TXN-33F5988E.,Teamfight Tactics,2023-10-27 17:35:15,8.0,24.04,LOW,Missing RP / Purchase Issue,True
RGT-001271,CUST-5B4081EE,I called out a griefer and got chat banned while they did not. The system feels inconsistent.,Valorant,2023-04-09 16:29:30,13.0,3.11,HIGH,Chat Restriction Appeal,True
RGT-002133,CUST-47E2D332,I keep getting matched against the same scripter. Already reported in-game but they are still playing.,Valorant,2024-05-27 17:46:08,3.0,244.79,LOW,Cheat / Hacker Report,True
RGT-001666,CUST-492466D9,Several ability sound effects are missing for my Prestige Lux skin since the last update.,Wild Rift,2023-01-30 07:04:55,3.0,,MEDIUM,Champion / Skin Bug,False
RGT-001072,CUST-E0EBF5E1,RP purchase failed but the money was deducted from my account. This is the second time this has happened.,Legends of Runeterra,2024-06-29 21:30:06,8.0,3.55,HIGH,Missing RP / Purchase Issue,True
RGT-001567,CUST-E5F60461,Audio cuts out completely mid-game after around 20 minutes of play. Rolling back drivers did not fix it.,Wild Rift,2023-07-09 09:53:02,4.0,13.95,MEDIUM,Client Bug / Crash,True
RGT-002749,CUST-5755564A,Several ability sound effects are missing for my Prestige Lux skin since the last update.,Teamfight Tactics,2023-12-20 18:06:43,3.0,13.3,MEDIUM,Champion / Skin Bug,True
RGT-002207,CUST-733AC364,I bought 3250 RP but it never showed up in my account. I was charged on my card though.,League of Legends,2023-02-08 18:16:12,4.0,3.73,HIGH,Missing RP / Purchase Issue,True
RGT-002781,CUST-F262F08C,Getting a black screen on launch. The process shows in Task Manager but nothing displays.,Teamfight Tactics,2023-06-03 09:46:12,4.0,,LOW,Client Bug / Crash,False
RGT-000839,CUST-5865892D,I was in promo series but the server crashed mid-game. The loss was counted against me.,Valorant,2023-06-25 18:37:55,2.0,,LOW,Ranked & Matchmaking,True
RGT-001095,CUST-3C8F8826,Someone is ddosing our team. Two of my teammates disconnected within seconds of each other.,Valorant,2023-05-11 06:19:16,3.0,181.17,LOW,Cheat / Hacker Report,True
RGT-001346,CUST-BFE29D5D,I got permabanned for 'toxic behaviour' but all I did was mute my teammates. This seems unfair.,Wild Rift,2024-05-14 14:59:05,1.0,5.64,LOW,Account Ban / Suspension,True
RGT-002305,CUST-66CFECED,I used my last refund token on an item I now see is in the next sale. Can I have an exception?,League of Legends,2023-09-12 15:36:49,2.0,119.83,LOW,Refund Request,True
RGT-001234,CUST-01E0218A,I received a 14-day suspension for allegedly using scripts. I have never used any third-party software. Please investigate.,Legends of Runeterra,2023-06-04 03:33:10,17.0,3.11,MEDIUM,Account Ban / Suspension,True
RGT-002598,CUST-7709DC90,RP purchase failed but the money was deducted from my account. This is the second time this has happened.,League of Legends,2023-03-12 08:10:25,27.0,30.27,MEDIUM,Missing RP / Purchase Issue,True
RGT-001847,CUST-C01D4863,My son made an unauthorized purchase on my account. He is 9 years old. Please refund $20.00.,Valorant,2023-01-18 12:30:19,2.0,37.17,MEDIUM,Refund Request,True
RGT-002830,CUST-B24928A2,There is a blatant scripter in my ranked game. They had 0ms reaction time and perfect skill shots all game.,Valorant,2024-06-06 02:43:22,7.0,13.48,HIGH,Cheat / Hacker Report,True
RGT-000325,CUST-06C5C50B,Locked out of my account after too many failed login attempts. I was trying to recover access legitimately.,Teamfight Tactics,2023-11-02 03:51:51,0.0,85.0,MEDIUM,Login / 2FA Issue,True
RGT-000760,CUST-E3CAA4C1,My Riot Points are missing after I topped up. I have the bank receipt. Please refund or credit my account.,Valorant,2023-03-17 17:04:27,1.0,46.83,MEDIUM,Missing RP / Purchase Issue,True
RGT-001510,CUST-9290DF1B,My Pulsefire Ezreal skin's recall animation is broken. It just shows the default animation instead.,League of Legends,2023-09-23 17:08:28,2.0,3.26,MEDIUM,Champion / Skin Bug,True
RGT-001732,CUST-4CF66CD9,The Dragon Trainer Tristana skin has a missing particle effect on her W ability.,Valorant,2023-06-10 03:46:02,26.0,5.83,MEDIUM,Champion / Skin Bug,True
RGT-002350,CUST-1B5CD02F,,Legends of Runeterra,2024-02-24 17:55:01,4.0,,MEDIUM,Account Ban / Suspension,False
RGT-001884,CUST-632AAECA,Someone is ddosing our team. Two of my teammates disconnected within seconds of each other.,Wild Rift,2024-01-28 09:21:24,3.0,1.03,MEDIUM,Cheat / Hacker Report,True
RGT-000600,CUST-1767AA4A,Client keeps logging me out randomly. I have to re-enter my password multiple times per session.,Valorant,2023-01-11 14:26:05,12.0,105.0,LOW,Client Bug / Crash,True
RGT-002164,CUST-FE972C20,I would like a refund for the champion I purchased yesterday. I have not played them yet.,Teamfight Tactics,2024-04-11 08:12:54,26.0,,MEDIUM,Refund Request,True
RGT-000434,CUST-5B4081EE,Lost 40 LP for a game I disconnected from due to power outage. Can this be reversed?,Wild Rift,2024-02-29 13:44:09,2.0,0.43,MEDIUM,Ranked & Matchmaking,True
RGT-002380,CUST-3488A6BE,Blatant cheater in Diamond ranked. Please investigate account RiotUser#76838. They were toggling aimbot openly.,Teamfight Tactics,2023-12-10 04:58:43,2.0,,MEDIUM,Cheat / Hacker Report,False
RGT-DUPE-0045,CUST-9F16D7C7,I bought 3250 RP but it never showed up in my account. I was charged on my card though.,Legends of Runeterra,2024-02-04 01:49:39,1.0,,LOW,Missing RP / Purchase Issue,False
RGT-001745,CUST-ABA4C4B7,I used 'Login with Google' but Google account is now deleted. How do I recover my Riot account?,Valorant,2024-02-23 13:42:37,24.0,22.68,MEDIUM,Login / 2FA Issue,True
RGT-000240,CUST-AD0EDBC6,I bought 3250 RP but it never showed up in my account. I was charged on my card though.,Teamfight Tactics,2023-04-01 00:33:08,0.0,7.19,LOW,Missing RP / Purchase Issue,True
RGT-000818,CUST-7B38F130,"After the latest patch, my client freezes on the loading screen. I cannot get into any game.",Valorant,2023-12-28 17:33:35,2.0,2.4,HIGH,Client Bug / Crash,True
RGT-002662,CUST-17C181B6,I was charged twice for the same RP bundle. I see two transactions on my statement for $25.00.,Teamfight Tactics,2024-01-07 03:07:37,5.0,,MEDIUM,Missing RP / Purchase Issue,False
RGT-001178,CUST-0A0639F6,Reporting a player for using wallhacks in Valorant. Their username is Player3370. Please review game ID NA1_2204011980.,Valorant,Jan 2023,1.0,7.43,MEDIUM,Cheat / Hacker Report,True
RGT-002964,CUST-5C770011,"Purchased RP via prepaid card, entered the code but nothing was credited. Code: RITO-6DC0A0.",Teamfight Tactics,2023-12-12 01:34:02,4.0,62.29,MEDIUM,Missing RP / Purchase Issue,True
RGT-001731,CUST-CD15BFFA,Permanent ban issued on my account. I have 3000 hours on this game and have never violated ToS. Please help.,Wild Rift,2024-05-04 01:17:54,4.0,7.8,MEDIUM,Account Ban / Suspension,True
RGT-002534,CUST-5A8BFDA6,Blatant cheater in Diamond ranked. Please investigate account RiotUser#79462. They were toggling aimbot openly.,Teamfight Tactics,2023-06-03 07:03:06,2.0,11.12,HIGH,Cheat / Hacker Report,True
RGT-002226,CUST-F48C257F,Got a chat ban that escalated to a full account suspension. The context was taken out of context. I want to appeal.,League of Legends,2023-12-24 08:42:00,4.0,51.46,LOW,Account Ban / Suspension,True
RGT-002524,CUST-6843F2D2,I purchased a champion that is currently on free rotation. I would like a refund as this was misleading.,Wild Rift,2023-11-04 18:56:49,6.0,24.54,MEDIUM,Refund Request,True
RGT-001484,CUST-AC643856,I was charged twice for the same RP bundle. I see two transactions on my statement for $10.00.,Wild Rift,2023-02-09 06:51:00,4.0,24.16,LOW,Missing RP / Purchase Issue,True
RGT-000913,CUST-E365E0A1,Blatant cheater in Diamond ranked. Please investigate account RiotUser#56803. They were toggling aimbot openly.,Valorant,2023-11-08 02:58:38,11.0,56.71,LOW,Cheat / Hacker Report,True
RGT-002097,CUST-C7E0960A,"After updating, all my settings were reset. Also my custom game configurations are gone.",League of Legends,2023-04-04 20:08:19,23.0,20.57,MEDIUM,Client Bug / Crash,True
RGT-001966,CUST-3DE19524,I was banned for account sharing. I let my brother play once. Is there a way to appeal this decision?,Valorant,2023-07-08 18:19:35,0.0,4.96,HIGH,Account Ban / Suspension,True
RGT-000927,CUST-C1D53100,RP purchase failed but the money was deducted from my account. This is the second time this has happened.,Valorant,2024-06-06 11:15:10,1.0,,MEDIUM,Missing RP / Purchase Issue,True
RGT-002213,CUST-57FBCB14,Ranked queue dodging penalty applied even though I did not dodge. I was in loading screen.,Teamfight Tactics,2023-06-07 09:19:53,18.0,64.31,MEDIUM,Ranked & Matchmaking,True
RGT-001422,CUST-2C90108F,I got permabanned for 'toxic behaviour' but all I did was mute my teammates. This seems unfair.,Wild Rift,2023-04-13 20:50:36,,14.36,LOW,Account Ban / Suspension,True
RGT-DUPE-0009,CUST-11805665,"Purchased RP via prepaid card, entered the code but nothing was credited. Code: RITO-3789DD.",Wild Rift,2024-03-08 04:47:01,1.0,32.71,MEDIUM,Missing RP / Purchase Issue,True
RGT-000595,CUST-C7E0960A,My chat restriction ended but I am still unable to type in-game. There seems to be a bug.,Wild Rift,2023-08-17 00:04:34,9.0,7.38,MEDIUM,Chat Restriction Appeal,True
RGT-000602,CUST-5B1640FC,I was charged twice for the same RP bundle. I see two transactions on my statement for $35.00.,Teamfight Tactics,2023-04-04 13:33:33,2.0,,HIGH,Missing RP / Purchase Issue,False
RGT-000638,CUST-5C8E2E99,I purchased an emote for a character I no longer play. Refund would be appreciated.,Teamfight Tactics,2023-06-04 22:24:32,6.0,12.32,MEDIUM,Refund Request,True
RGT-002900,CUST-01E0218A,Client keeps logging me out randomly. I have to re-enter my password multiple times per session.,Valorant,2023-07-31 13:08:07,40.0,,MEDIUM,Client Bug / Crash,False
RGT-001796,CUST-5F210E14,I bought a new phone and now I cannot receive my 2FA SMS. Please help me recover access.,League of Legends,2023-08-07 02:09:11,21.0,0.62,HIGH,Login / 2FA Issue,True
RGT-001011,CUST-383F15F2,I received a 14-day suspension for allegedly using scripts. I have never used any third-party software. Please investigate.,Teamfight Tactics,2024-02-16 08:19:01,1.0,1.62,MEDIUM,Account Ban / Suspension,True
RGT-000681,CUST-ABA4C4B7,Someone is ddosing our team. Two of my teammates disconnected within seconds of each other.,Legends of Runeterra,2024-06-12 21:19:33,7.0,3.91,MEDIUM,Cheat / Hacker Report,True
RGT-002432,CUST-3E0E8F3E,Matchmaking is putting me against players 3 tiers above me. This has been happening all week.,Valorant,2023-09-26 05:03:44,5.0,8.17,MEDIUM,Ranked & Matchmaking,True
RGT-001779,CUST-5B4081EE,Client keeps logging me out randomly. I have to re-enter my password multiple times per session.,Wild Rift,Jan 2023,24.0,16.47,MEDIUM,Client Bug / Crash,True
RGT-000415,CUST-AE796F63,Locked out of my account after too many failed login attempts. I was trying to recover access legitimately.,Teamfight Tactics,2023-11-19 19:31:39,1.0,39.07,MEDIUM,Login / 2FA Issue,True
RGT-000875,CUST-7A32E5DE,I was charged twice for the same RP bundle. I see two transactions on my statement for $10.00.,Valorant,2023-05-23 21:19:18,11.0,71.05,LOW,Missing RP / Purchase Issue,True
RGT-000528,CUST-3502C77D,I was charged twice for the same RP bundle. I see two transactions on my statement for $20.00.,Legends of Runeterra,2023-11-27 03:00:00,-1.0,52.69,MEDIUM,Missing RP / Purchase Issue,True
RGT-001513,CUST-64D40638,I received a 25-game chat restriction for a single game where I was defending myself. This is disproportionate.,Teamfight Tactics,2023-01-27 20:07:06,1.0,9.79,MEDIUM,Chat Restriction Appeal,True
RGT-002549,CUST-7709DC90,Account banned with no explanation. I spent over $500 on this account. Please look into this immediately.,Legends of Runeterra,2023-03-04 15:43:04,26.0,27.19,MEDIUM,Account Ban / Suspension,True
RGT-000109,CUST-8962F792,I was banned for account sharing. I let my brother play once. Is there a way to appeal this decision?,League of Legends,2023-05-03 08:06:38,1.0,4.98,HIGH,Account Ban / Suspension,True
RGT-001207,CUST-110FA17F,Constant 'Connection Error' messages in client even though my internet is working perfectly.,Valorant,2023-03-15 08:55:27,3.0,13.65,MEDIUM,Client Bug / Crash,True
RGT-002415,CUST-58F376E2,Client keeps logging me out randomly. I have to re-enter my password multiple times per session.,Valorant,2023-06-06 16:15:54,3.0,4.5,HIGH,Client Bug / Crash,True
RGT-002440,CUST-87B8A0EF,There is a blatant scripter in my ranked game. They had 0ms reaction time and perfect skill shots all game.,Valorant,2023-11-21 00:46:31,2.0,15.26,MEDIUM,Cheat / Hacker Report,True
RGT-001117,CUST-66FA087D,My clash tournament registration was cancelled without notification. Please refund the ticket fee.,Wild Rift,2024-05-19 22:38:07,3.0,209.03,LOW,Ranked & Matchmaking,True
RGT-000319,CUST-91144FD2,Permanent ban issued on my account. I have 3000 hours on this game and have never violated ToS. Please help.,Wild Rift,2024-03-23 19:55:32,0.0,10.63,MEDIUM,Account Ban / Suspension,True
RGT-001952,CUST-A47EA986,"Bought a bundle in the store, got charged but the content never appeared in my collection.",Teamfight Tactics,2023-11-12 22:39:08,6.0,,LOW,Missing RP / Purchase Issue,False
RGT-001162,CUST-4FC4738B,Getting error UX-1 when attempting to sign in. This started after your maintenance window yesterday.,Legends of Runeterra,2023-05-14 18:58:20,20.0,23.54,LOW,Login / 2FA Issue,True
RGT-002701,CUST-E0EBF5E1,Player using Elo-boosting service. They were clearly being played by someone else based on behaviour change.,Legends of Runeterra,2024-06-21 13:09:41,28.0,22.64,MEDIUM,Cheat / Hacker Report,True
RGT-001559,CUST-9B770A9F,"After updating, all my settings were reset. Also my custom game configurations are gone.",League of Legends,2023-04-06 15:00:59,3.0,65.93,LOW,Client Bug / Crash,True
RGT-002921,CUST-58F376E2,My clash tournament registration was cancelled without notification. Please refund the ticket fee.,Wild Rift,2023-09-04 16:36:03,5.0,94.06,MEDIUM,Ranked & Matchmaking,True
RGT-000403,CUST-FE972C20,I got permabanned for 'toxic behaviour' but all I did was mute my teammates. This seems unfair.,Teamfight Tactics,2023-02-12 13:45:49,5.0,52.06,LOW,Account Ban / Suspension,True
RGT-001503,CUST-7A32E5DE,Account banned with no explanation. I spent over $500 on this account. Please look into this immediately.,Valorant,2023-10-11 18:55:55,17.0,5.77,MEDIUM,Account Ban / Suspension,True
RGT-000938,CUST-5C8E2E99,I cannot log into my account. I reset my password but the 2FA code is going to an old email I lost access to.,Valorant,2023-04-01 04:03:57,9.0,7.71,LOW,Login / 2FA Issue,True
RGT-002005,CUST-78B52439,I received a 14-day suspension for allegedly using scripts. I have never used any third-party software. Please investigate.,League of Legends,2023-02-06 21:12:16,1.0,9.47,HIGH,Account Ban / Suspension,True
RGT-001262,CUST-3D51023D,I purchased an emote for a character I no longer play. Refund would be appreciated.,League of Legends,2023-09-20 01:15:10,16.0,3.96,HIGH,Refund Request,True
RGT-002723,CUST-544343F1,I was charged twice for the same RP bundle. I see two transactions on my statement for $20.00.,League of Legends,2023-09-09 02:44:28,4.0,17.18,MEDIUM,Missing RP / Purchase Issue,True
RGT-002807,CUST-7709DC90,I was banned for account sharing. I let my brother play once. Is there a way to appeal this decision?,Valorant,2023-09-15 09:59:26,,0.13,MEDIUM,Account Ban / Suspension,True
RGT-000388,CUST-B46B2228,There is a blatant scripter in my ranked game. They had 0ms reaction time and perfect skill shots all game.,Wild Rift,2024-05-22 20:38:46,0.0,,LOW,Cheat / Hacker Report,False
RGT-001961,CUST-3D51023D,"Purchased RP via prepaid card, entered the code but nothing was credited. Code: RITO-35C38D.",Legends of Runeterra,2024-01-30 02:18:26,20.0,33.89,MEDIUM,Missing RP / Purchase Issue,True
RGT-001851,CUST-1542B5A1,I lost LP for a loss that was not my fault. My teammates went AFK in the first 5 minutes.,Valorant,2023-06-27 14:59:42,0.0,30.73,MEDIUM,Ranked & Matchmaking,True
RGT-000811,CUST-F84CD2F3,There is a blatant scripter in my ranked game. They had 0ms reaction time and perfect skill shots all game.,Wild Rift,2023-06-07 01:31:31,2.0,5.62,MEDIUM,Cheat / Hacker Report,True
RGT-000756,CUST-29D019A5,Reporting a player for using wallhacks in Valorant. Their username is Player3721. Please review game ID NA1_8875273236.,Legends of Runeterra,2024-03-11 08:12:49,2.0,13.99,MEDIUM,Cheat / Hacker Report,True
RGT-001175,CUST-A303BDBB,Someone is ddosing our team. Two of my teammates disconnected within seconds of each other.,League of Legends,2023-10-09 23:12:30,1.0,14.5,MEDIUM,Cheat / Hacker Report,True
RGT-001588,CUST-24511E5D,I got permabanned for 'toxic behaviour' but all I did was mute my teammates. This seems unfair.,Valorant,2023-06-17 08:10:13,1.0,46.56,LOW,Account Ban / Suspension,True
RGT-002714,CUST-1962F4A0,,Valorant,2023-12-25 23:03:17,6.0,120.85,MEDIUM,Account Ban / Suspension,True
RGT-001236,CUST-A47EA986,2FA is sending codes but they expire before I can enter them. Clock sync on my phone is correct.,Valorant,2024-01-03 22:03:41,3.0,28.2,MEDIUM,Login / 2FA Issue,True
RGT-001892,CUST-89D7ECA0,Constant 'Connection Error' messages in client even though my internet is working perfectly.,League of Legends,2024-01-06 08:31:29,3.0,2.63,HIGH,Client Bug / Crash,True
RGT-000071,CUST-95542775,The Lunar New Year bundle charged me but only delivered half the content. Missing the ward skin and icon.,Valorant,2024-03-06 11:10:55,0.0,,MEDIUM,Missing RP / Purchase Issue,False
RGT-002761,CUST-023FE7E6,I accidentally purchased the wrong champion. Can I get a refund? I only have one refund token left.,Wild Rift,2023-09-02 06:17:52,28.0,,LOW,Missing RP / Purchase Issue,False
RGT-002343,CUST-01E0218A,My Riot Points are missing after I topped up. I have the bank receipt. Please refund or credit my account.,Wild Rift,2024-03-08 22:59:32,32.0,62.73,MEDIUM,Missing RP / Purchase Issue,True
RGT-002264,CUST-D2571737,Login fails with 'incorrect password' even after a password reset. I have cleared cookies and cache.,Valorant,2023-08-26 05:43:40,2.0,,MEDIUM,Login / 2FA Issue,False
RGT-000840,CUST-A47EA986,This player in my last game was clearly using an aimbot. Every bullet was a headshot through smoke.,Legends of Runeterra,2024-05-09 14:00:12,,,LOW,Cheat / Hacker Report,False
RGT-000057,CUST-CE5E5E24,This player admitted to using scripts in chat. I have a screenshot. How do I submit it?,Teamfight Tactics,2023-10-25 11:05:38,0.0,6.38,MEDIUM,Cheat / Hacker Report,True
RGT-002469,CUST-F7406204,,Legends of Runeterra,2023-12-07 02:10:41,6.0,1.26,HIGH,Account Ban / Suspension,True
RGT-001818,CUST-17C181B6,Got a chat ban that escalated to a full account suspension. The context was taken out of context. I want to appeal.,League of Legends,2023-05-09 03:14:08,3.0,48.83,LOW,Account Ban / Suspension,True
RGT-001396,CUST-84393CA6,I bought 3250 RP but it never showed up in my account. I was charged on my card though.,League of Legends,2024-01-28 16:24:08,2.0,41.19,MEDIUM,Missing RP / Purchase Issue,True
RGT-001557,CUST-AC6387FA,"After the latest patch, my client freezes on the loading screen. I cannot get into any game.",Teamfight Tactics,2024-04-03 21:17:10,3.0,,HIGH,Client Bug / Crash,False
RGT-002087,CUST-09022E87,I was banned for account sharing. I let my brother play once. Is there a way to appeal this decision?,League of Legends,2023-07-11 19:00:43,4.0,90.57,LOW,Account Ban / Suspension,True
RGT-001905,CUST-3624A1BC,I completed my placement matches but my rank is much lower than last season. Is this expected?,Teamfight Tactics,2023-03-02 23:11:46,3.0,1.32,HIGH,Ranked & Matchmaking,True
RGT-002502,CUST-9EC8E46A,"My smurf account was banned, now my main account is also restricted. I do not understand what happened.",Teamfight Tactics,2023-02-15 02:08:54,2.0,35.01,MEDIUM,Account Ban / Suspension,True
RGT-002162,CUST-B703A4B4,Permanent ban issued on my account. I have 3000 hours on this game and have never violated ToS. Please help.,Wild Rift,2024-02-08 07:39:35,10.0,1.58,HIGH,Account Ban / Suspension,True
RGT-000310,CUST-5F210E14,My Pulsefire Ezreal skin's recall animation is broken. It just shows the default animation instead.,Teamfight Tactics,2023-10-07 22:50:23,3.0,,MEDIUM,Champion / Skin Bug,False
RGT-001962,CUST-7D5033BE,The Lunar New Year bundle charged me but only delivered half the content. Missing the ward skin and icon.,Legends of Runeterra,2024-06-22 14:21:14,3.0,5.67,MEDIUM,Missing RP / Purchase Issue,True
RGT-001254,CUST-3D51023D,The Lunar New Year bundle charged me but only delivered half the content. Missing the ward skin and icon.,Wild Rift,2023-09-07 09:40:02,15.0,-5.0,MEDIUM,Missing RP / Purchase Issue,True
RGT-001229,CUST-522A7E0A,I received a 14-day suspension for allegedly using scripts. I have never used any third-party software. Please investigate.,League of Legends,2023-10-14 02:44:03,6.0,94.24,LOW,Account Ban / Suspension,True
RGT-002770,CUST-4FC4738B,"Hello, my account was flagged and restricted. I believe this is a false positive from your anti-cheat. I need an appeal.",Teamfight Tactics,2023-09-06 13:50:59,40.0,16.0,MEDIUM,Account Ban / Suspension,True
RGT-001538,CUST-ED32F265,I bought 3250 RP but it never showed up in my account. I was charged on my card though.,Legends of Runeterra,2024-05-22 19:01:57,2.0,15.41,MEDIUM,Missing RP / Purchase Issue,True
RGT-001742,CUST-01E0218A,I bought a new phone and now I cannot receive my 2FA SMS. Please help me recover access.,Teamfight Tactics,2023-01-17 04:10:45,25.0,14.34,MEDIUM,Login / 2FA Issue,True
RGT-001352,CUST-CDB94453,"My smurf account was banned, now my main account is also restricted. I do not understand what happened.",Valorant,2023-05-25 04:32:26,18.0,0.51,HIGH,Account Ban / Suspension,True
RGT-001377,CUST-6B3776C0,"My smurf account was banned, now my main account is also restricted. I do not understand what happened.",League of Legends,2023-03-01 11:42:40,2.0,75.18,MEDIUM,Account Ban / Suspension,True
RGT-002163,CUST-B29C26D5,Transaction stuck as 'pending' for 48 hours. My bank confirmed the charge went through. Please help.,Teamfight Tactics,2024-04-30 22:20:20,7.0,,MEDIUM,Missing RP / Purchase Issue,False
RGT-002814,CUST-ABA4C4B7,I used 'Login with Google' but Google account is now deleted. How do I recover my Riot account?,Teamfight Tactics,2023-12-03 16:22:33,36.0,,MEDIUM,Login / 2FA Issue,False
RGT-001862,CUST-4A7559F4,My son made an unauthorized purchase on my account. He is 9 years old. Please refund $35.00.,League of Legends,2024-06-24 14:12:55,1.0,141.16,LOW,Refund Request,True
RGT-002717,CUST-3502C77D,Ranked queue dodging penalty applied even though I did not dodge. I was in loading screen.,Legends of Runeterra,2023-04-17 03:11:13,7.0,27.63,MEDIUM,Ranked & Matchmaking,True
RGT-002710,CUST-C4731564,Player using Elo-boosting service. They were clearly being played by someone else based on behaviour change.,Wild Rift,2023-03-28 18:10:10,32.0,35.54,LOW,Cheat / Hacker Report,True
RGT-001660,CUST-B9351447,Blatant cheater in Diamond ranked. Please investigate account RiotUser#14868. They were toggling aimbot openly.,League of Legends,2023-01-07 22:09:25,0.0,0.75,MEDIUM,Cheat / Hacker Report,True
RGT-000437,CUST-28A5607F,I lost LP for a loss that was not my fault. My teammates went AFK in the first 5 minutes.,Teamfight Tactics,2023-09-23 01:28:57,1.0,34.49,LOW,Ranked & Matchmaking,True
RGT-002079,CUST-4E0BB732,I cannot log into my account. I reset my password but the 2FA code is going to an old email I lost access to.,League of Legends,2024-05-16 22:38:39,6.0,44.07,LOW,Login / 2FA Issue,True
RGT-001223,CUST-5B4081EE,I lost LP for a loss that was not my fault. My teammates went AFK in the first 5 minutes.,Legends of Runeterra,2024-03-13 20:25:05,12.0,26.98,MEDIUM,Ranked & Matchmaking,True
RGT-001492,CUST-C9A78D21,I was in promo series but the server crashed mid-game. The loss was counted against me.,Legends of Runeterra,2024-03-20 12:21:03,3.0,29.8,LOW,Ranked & Matchmaking,True
RGT-001913,CUST-EBCA371A,Constant 'Connection Error' messages in client even though my internet is working perfectly.,Teamfight Tactics,2023-02-11 14:22:45,3.0,61.03,MEDIUM,Client Bug / Crash,True
RGT-000314,CUST-87EA02C9,Audio cuts out completely mid-game after around 20 minutes of play. Rolling back drivers did not fix it.,Legends of Runeterra,2023-08-18 15:44:16,1.0,41.08,MEDIUM,Client Bug / Crash,True
RGT-000234,CUST-C7E0960A,I bought 3250 RP but it never showed up in my account. I was charged on my card though.,Valorant,2024-01-26 22:52:19,2.0,63.96,LOW,Missing RP / Purchase Issue,True
RGT-001437,CUST-089FF8E0,Possible griefing bot detected on the enemy team. All five of them stood still in base.,Wild Rift,2023-03-31 01:31:58,2.0,0.05,HIGH,Cheat / Hacker Report,True
RGT-000686,CUST-C8E6F966,Account banned with no explanation. I spent over $500 on this account. Please look into this immediately.,Teamfight Tactics,2024-03-10 02:49:15,1.0,0.64,MEDIUM,Account Ban / Suspension,True
RGT-002919,CUST-24CD11C8,I cannot log into my account. I reset my password but the 2FA code is going to an old email I lost access to.,Legends of Runeterra,2023-04-05 22:00:33,4.0,18.6,MEDIUM,Login / 2FA Issue,True
RGT-000112,CUST-8389315E,,Legends of Runeterra,2023-05-08 21:25:49,0.0,4.24,MEDIUM,Login / 2FA Issue,True
RGT-001214,CUST-F4088E19,This player admitted to using scripts in chat. I have a screenshot. How do I submit it?,Legends of Runeterra,2023-03-11 15:21:43,,12.9,MEDIUM,Cheat / Hacker Report,True
RGT-001414,CUST-522A7E0A,I received a 14-day suspension for allegedly using scripts. I have never used any third-party software. Please investigate.,Wild Rift,2023-02-07 02:16:25,8.0,25.52,LOW,Account Ban / Suspension,True
RGT-001128,CUST-ABA4C4B7,This player admitted to using scripts in chat. I have a screenshot. How do I submit it?,Wild Rift,2024-01-12 16:13:27,15.0,1.35,HIGH,Cheat / Hacker Report,True
RGT-002917,CUST-740AC09D,"After updating, all my settings were reset. Also my custom game configurations are gone.",Valorant,2024-04-30 03:00:22,5.0,8.6,HIGH,Client Bug / Crash,True
RGT-001972,CUST-59C64C72,"My smurf account was banned, now my main account is also restricted. I do not understand what happened.",Valorant,2023-02-18 05:02:51,5.0,3.32,HIGH,Account Ban / Suspension,True
RGT-000473,CUST-F18BE5FC,Someone is ddosing our team. Two of my teammates disconnected within seconds of each other.,League of Legends,2023-03-10 01:38:14,0.0,0.53,HIGH,Cheat / Hacker Report,True
RGT-002836,CUST-E3190612,I was charged twice for the same RP bundle. I see two transactions on my statement for $10.00.,Valorant,2023-03-07 12:31:52,6.0,1.85,HIGH,Missing RP / Purchase Issue,True
RGT-002252,CUST-EC1A721E,"Purchased RP via prepaid card, entered the code but nothing was credited. Code: RITO-0E7E26.",Valorant,2023-03-04 19:37:06,3.0,75.75,LOW,Missing RP / Purchase Issue,True
RGT-000904,CUST-29C8A4E2,The client update bricked my installation. Now I get error code 0xB1AA on startup.,Legends of Runeterra,2024-05-04 16:36:29,0.0,,HIGH,Client Bug / Crash,False
RGT-000898,CUST-088F80DF,"Bought a bundle in the store, got charged but the content never appeared in my collection.",League of Legends,2023-02-16 22:00:42,1.0,23.21,MEDIUM,Missing RP / Purchase Issue,True
RGT-002449,CUST-F4EFB584,Reporting a player for using wallhacks in Valorant. Their username is Player5530. Please review game ID NA1_7816548350.,Valorant,2023-07-28 08:28:54,4.0,,MEDIUM,Cheat / Hacker Report,False
RGT-001940,CUST-8A8F6164,"After the latest patch, my client freezes on the loading screen. I cannot get into any game.",Wild Rift,2023-02-21 10:28:30,5.0,0.68,HIGH,Client Bug / Crash,True
RGT-002294,CUST-CD15BFFA,Constant 'Connection Error' messages in client even though my internet is working perfectly.,Legends of Runeterra,2023-03-12 12:44:05,7.0,37.04,MEDIUM,Client Bug / Crash,True
RGT-002897,CUST-4FC4738B,The new Ahri skin has a visual glitch where her tails disappear during her ultimate animation.,Legends of Runeterra,2023-04-10 13:04:58,42.0,,LOW,Champion / Skin Bug,False
RGT-002685,CUST-7709DC90,This player admitted to using scripts in chat. I have a screenshot. How do I submit it?,Valorant,2023-11-26 19:06:32,28.0,69.62,MEDIUM,Cheat / Hacker Report,True
RGT-000362,CUST-733AC364,The client update bricked my installation. Now I get error code 0x745F on startup.,Wild Rift,2024-05-31 15:51:55,0.0,28.87,LOW,Client Bug / Crash,True
RGT-000136,CUST-E47BC5B5,I was charged twice for the same RP bundle. I see two transactions on my statement for $10.00.,Teamfight Tactics,2023-02-16 19:14:46,0.0,10.91,HIGH,Missing RP / Purchase Issue,True
RGT-001310,CUST-E0EBF5E1,I received a 14-day suspension for allegedly using scripts. I have never used any third-party software. Please investigate.,Wild Rift,2024-04-12 03:53:46,12.0,65.13,LOW,Account Ban / Suspension,True
RGT-002996,CUST-FA9DBD80,I completed my placement matches but my rank is much lower than last season. Is this expected?,Valorant,2023-01-29 20:54:43,25.0,0.11,MEDIUM,Ranked & Matchmaking,True
RGT-001548,CUST-57FBCB14,Account banned with no explanation. I spent over $500 on this account. Please look into this immediately.,League of Legends,2023-08-01 16:54:18,11.0,29.78,MEDIUM,Account Ban / Suspension,True
RGT-002329,CUST-4FC4738B,Getting a black screen on launch. The process shows in Task Manager but nothing displays.,Wild Rift,2023-02-17 22:14:09,33.0,,MEDIUM,Client Bug / Crash,False
RGT-000367,CUST-3631F5AD,Duo partner and I are being put into the wrong queue tier. We are Diamond 2 and 3 but matched in Plat.,Valorant,2024-03-18 22:43:21,2.0,113.87,LOW,Ranked & Matchmaking,True
RGT-001018,CUST-E79B1BC6,My League account got banned out of nowhere. I was just playing ranked and then I got logged out. Can you explain why?,Legends of Runeterra,2024-04-01 07:47:12,1.0,37.88,LOW,Account Ban / Suspension,True
RGT-000030,CUST-A47EA986,Lost 40 LP for a game I disconnected from due to power outage. Can this be reversed?,League of Legends,2023-04-14 13:37:15,,116.39,LOW,Ranked & Matchmaking,True
RGT-002579,CUST-3D51023D,I purchased a champion that is currently on free rotation. I would like a refund as this was misleading.,Valorant,2024-04-20 17:11:57,29.0,49.6,LOW,Refund Request,True
RGT-000023,CUST-45A8BC32,Account recovery is not working. I no longer have access to the email or phone number on record.,Valorant,2023-08-26 01:10:12,0.0,41.23,MEDIUM,Login / 2FA Issue,True
RGT-DUPE-0008,CUST-CD15BFFA,Constant 'Connection Error' messages in client even though my internet is working perfectly.,Legends of Runeterra,2023-03-12 12:44:05,7.0,37.04,MEDIUM,Client Bug / Crash,True
RGT-001925,CUST-4CF66CD9,I purchased the Battle Pass but didn't receive the rewards. Transaction ID: TXN-89929FCD.,Legends of Runeterra,2023-05-31 01:49:54,29.0,18.16,MEDIUM,Missing RP / Purchase Issue,True
RGT-001101,CUST-B703A4B4,"My smurf account was banned, now my main account is also restricted. I do not understand what happened.",Valorant,2023-05-10 08:58:29,3.0,,MEDIUM,Account Ban / Suspension,False
RGT-000421,CUST-2AE5E127,I was punished for saying 'gg ez' which is a common phrase. I disagree this violates community standards.,Valorant,2024-02-20 02:19:00,5.0,20.82,MEDIUM,Chat Restriction Appeal,True
RGT-002391,CUST-5B4081EE,Getting a black screen on launch. The process shows in Task Manager but nothing displays.,Wild Rift,2023-01-03 07:25:12,36.0,67.16,MEDIUM,Client Bug / Crash,True
RGT-000461,CUST-0911EC11,"My smurf account was banned, now my main account is also restricted. I do not understand what happened.",Teamfight Tactics,2024-01-17 14:01:32,1.0,5.77,HIGH,Account Ban / Suspension,True
RGT-000044,CUST-EC1A721E,My League account got banned out of nowhere. I was just playing ranked and then I got logged out. Can you explain why?,League of Legends,2023-06-26 16:35:36,0.0,1.79,HIGH,Account Ban / Suspension,True
RGT-000088,CUST-7A32E5DE,The shop tab in the client is blank. I cannot browse or purchase anything. Tried clearing cache.,League of Legends,2024-04-06 10:27:01,0.0,16.98,MEDIUM,Client Bug / Crash,True
RGT-000860,CUST-DD0144EA,I purchased the Battle Pass but didn't receive the rewards. Transaction ID: TXN-5E182AD2.,Teamfight Tactics,2023-02-15 22:33:54,0.0,,MEDIUM,Missing RP / Purchase Issue,False
RGT-000573,CUST-AB8C24EE,Ranked queue dodging penalty applied even though I did not dodge. I was in loading screen.,Teamfight Tactics,2023-11-26 02:18:44,1.0,1.54,HIGH,Ranked & Matchmaking,True
RGT-000945,CUST-6D4FBE82,My Riot Points are missing after I topped up. I have the bank receipt. Please refund or credit my account.,Valorant,2024-04-10 05:46:30,1.0,17.68,MEDIUM,Missing RP / Purchase Issue,True
RGT-000283,CUST-0509293C,This player admitted to using scripts in chat. I have a screenshot. How do I submit it?,Wild Rift,2023-11-06 05:40:35,0.0,95.83,LOW,Cheat / Hacker Report,True
RGT-002659,CUST-4CF66CD9,I keep getting matched against the same scripter. Already reported in-game but they are still playing.,Teamfight Tactics,2024-05-16 10:22:33,38.0,41.36,MEDIUM,Cheat / Hacker Report,True
RGT-002467,CUST-80A7FB33,My League account got banned out of nowhere. I was just playing ranked and then I got logged out. Can you explain why?,Wild Rift,2023-04-06 01:51:26,5.0,10.27,MEDIUM,Account Ban / Suspension,True
RGT-ND-9014,CUST-8840EC6E,Cannot log into my account after password reset.,League of Legends,2023-06-15 14:30:00,2.0,10.0,MEDIUM,Missing RP / Purchase Issue,True
RGT-002933,CUST-EBCA371A,Getting a black screen on launch. The process shows in Task Manager but nothing displays.,Wild Rift,2023-11-29 10:59:39,5.0,,LOW,Client Bug / Crash,False
RGT-002477,CUST-FE972C20,My League account got banned out of nowhere. I was just playing ranked and then I got logged out. Can you explain why?,Teamfight Tactics,2024-06-18 09:37:22,33.0,,HIGH,Account Ban / Suspension,False
RGT-000534,CUST-6E9E55C7,My League account got banned out of nowhere. I was just playing ranked and then I got logged out. Can you explain why?,Legends of Runeterra,2023-06-25 03:27:00,1.0,13.04,MEDIUM,Account Ban / Suspension,True
RGT-000777,CUST-AC6387FA,The authenticator app code is being rejected. I re-scanned the QR code and still getting errors.,Teamfight Tactics,2023-11-27 02:13:25,1.0,1.2,HIGH,Login / 2FA Issue,True
RGT-002528,CUST-4B079F84,FPS dropping from 200 to single digits every few minutes since patch 14.3. My hardware is fine.,Wild Rift,2023-12-29 05:36:52,23.0,,MEDIUM,Client Bug / Crash,False
RGT-002431,CUST-C0DDE2A2,I cannot log into my account. I reset my password but the 2FA code is going to an old email I lost access to.,League of Legends,2023-11-18 06:09:49,3.0,2.47,MEDIUM,Login / 2FA Issue,True
RGT-002465,CUST-2A231E0F,Possible griefing bot detected on the enemy team. All five of them stood still in base.,Wild Rift,2023-01-13 23:13:10,6.0,25.04,MEDIUM,Cheat / Hacker Report,True
RGT-002180,CUST-4B1AF024,I received a 25-game chat restriction for a single game where I was defending myself. This is disproportionate.,Wild Rift,2024-01-26 11:47:29,4.0,12.97,MEDIUM,Chat Restriction Appeal,True
RGT-000810,CUST-BC359A86,The Arcane Vi skin causes my game to crash during the level-up animation. Reproducible every time.,Wild Rift,2023-09-17 05:01:55,6.0,31.13,MEDIUM,Champion / Skin Bug,True
RGT-000965,CUST-4720A994,Account recovery is not working. I no longer have access to the email or phone number on record.,Wild Rift,2024-02-15 19:16:51,,38.49,MEDIUM,Login / 2FA Issue,True
RGT-000979,CUST-1767AA4A,Chat restriction applied to my account but I have honour level 5. Seems like an error in your system.,Valorant,2023-10-20 16:56:57,15.0,46.05,MEDIUM,Chat Restriction Appeal,True
RGT-000692,CUST-3D51023D,The shop tab in the client is blank. I cannot browse or purchase anything. Tried clearing cache.,Legends of Runeterra,2023-10-27 16:13:14,6.0,4.78,HIGH,Client Bug / Crash,True
RGT-000933,CUST-BF93857A,"Hello, my account was flagged and restricted. I believe this is a false positive from your anti-cheat. I need an appeal.",Teamfight Tactics,2024-01-24 08:34:46,2.0,9.24,MEDIUM,Account Ban / Suspension,True
RGT-001242,CUST-ACA676FD,Reporting a player for using wallhacks in Valorant. Their username is Player5449. Please review game ID NA1_8700802495.,League of Legends,2023-01-05 21:40:52,3.0,,LOW,Cheat / Hacker Report,False
RGT-002260,CUST-0909E3ED,I keep getting matched against the same scripter. Already reported in-game but they are still playing.,Wild Rift,2024-02-20 13:51:01,3.0,,LOW,Cheat / Hacker Report,False
RGT-001673,CUST-80A7FB33,I was in promo series but the server crashed mid-game. The loss was counted against me.,Wild Rift,2023-12-04 20:38:23,3.0,,HIGH,Ranked & Matchmaking,False
RGT-001427,CUST-E5A3E89B,Account logged in on an unrecognised device. I changed password but 2FA was not set up. How do I add it now?,Legends of Runeterra,2024-05-07 11:29:57,4.0,11.56,MEDIUM,Login / 2FA Issue,True
RGT-000222,CUST-53D13EEB,Permanent ban issued on my account. I have 3000 hours on this game and have never violated ToS. Please help.,Wild Rift,2024-01-29 15:20:55,0.0,12.4,MEDIUM,Account Ban / Suspension,True
RGT-000544,CUST-6578BDD6,I bought 3250 RP but it never showed up in my account. I was charged on my card though.,Wild Rift,2023-01-27 18:05:54,0.0,53.57,MEDIUM,Missing RP / Purchase Issue,True
RGT-001287,CUST-D6E35D8E,RP purchase failed but the money was deducted from my account. This is the second time this has happened.,Legends of Runeterra,2024-06-07 07:02:19,2.0,0.0,HIGH,Missing RP / Purchase Issue,True
RGT-002210,CUST-36250838,Cheater ruined 3 games in a row. Your reporting system seems broken. They are still not banned.,Valorant,2023-12-15 19:28:22,-1.0,4.11,HIGH,Cheat / Hacker Report,True
RGT-000790,CUST-0E37DF6D,Ranked queue dodging penalty applied even though I did not dodge. I was in loading screen.,Legends of Runeterra,2023-12-27 07:58:57,1.0,8.09,MEDIUM,Ranked & Matchmaking,True
RGT-000795,CUST-4B079F84,Possible griefing bot detected on the enemy team. All five of them stood still in base.,League of Legends,2023-11-06 10:39:12,6.0,126.87,LOW,Cheat / Hacker Report,True
RGT-001721,CUST-D6E35D8E,The shop tab in the client is blank. I cannot browse or purchase anything. Tried clearing cache.,Wild Rift,2024-03-27 18:28:03,3.0,68.59,LOW,Client Bug / Crash,True
RGT-002006,CUST-1B5CD02F,Ranked queue dodging penalty applied even though I did not dodge. I was in loading screen.,Legends of Runeterra,2023-08-19 06:15:42,,,MEDIUM,Ranked & Matchmaking,False
RGT-001564,CUST-2C65B41B,Getting a black screen on launch. The process shows in Task Manager but nothing displays.,Teamfight Tactics,2023-08-20 22:52:37,2.0,67.4,LOW,Client Bug / Crash,True
RGT-000613,CUST-B24928A2,My custom Draven skin shows the wrong splash art in the loading screen.,Legends of Runeterra,2023-06-08 09:19:07,0.0,20.92,MEDIUM,Champion / Skin Bug,True
RGT-001457,CUST-E5F60461,Bought the wrong skin. I meant to buy the Prestige version but bought the regular one. Can you swap it?,League of Legends,2023-07-30 13:17:04,3.0,26.13,MEDIUM,Refund Request,True
RGT-001719,CUST-34B3AB66,2FA is sending codes but they expire before I can enter them. Clock sync on my phone is correct.,Legends of Runeterra,2023-02-08 17:49:21,3.0,34.08,LOW,Login / 2FA Issue,True
RGT-000273,CUST-0C333566,,Valorant,2024-02-09 23:05:43,0.0,24.09,MEDIUM,Missing RP / Purchase Issue,True
RGT-000522,CUST-2AE5E127,The client update bricked my installation. Now I get error code 0x3F2A on startup.,Wild Rift,not-a-date,7.0,1.84,MEDIUM,Client Bug / Crash,True
RGT-001004,CUST-01E0218A,I received a 14-day suspension for allegedly using scripts. I have never used any third-party software. Please investigate.,League of Legends,2023-11-12 08:10:39,12.0,18.74,MEDIUM,Account Ban / Suspension,True
RGT-001374,CUST-AE796F63,,Wild Rift,2023-12-08 14:34:41,3.0,13.03,MEDIUM,Missing RP / Purchase Issue,True
RGT-002523,CUST-116302BD,"My MMR seems stuck. I win 8 games in a row and gain 18 LP, then lose once and drop 25 LP.",Wild Rift,2024-03-01 10:56:59,,,MEDIUM,Ranked & Matchmaking,False
RGT-001939,CUST-7742CF32,Account banned with no explanation. I spent over $500 on this account. Please look into this immediately.,Valorant,2023-01-06 02:43:31,5.0,1.59,MEDIUM,Account Ban / Suspension,True
RGT-000351,CUST-AF4AC8B3,"Hello, my account was flagged and restricted. I believe this is a false positive from your anti-cheat. I need an appeal.",League of Legends,2024-05-12 13:59:27,0.0,5.39,MEDIUM,Account Ban / Suspension,True
RGT-000950,CUST-62F89721,RP purchase failed but the money was deducted from my account. This is the second time this has happened.,Legends of Runeterra,2023-12-23 13:51:25,2.0,18.5,MEDIUM,Missing RP / Purchase Issue,True
RGT-002127,CUST-CC7B8839,The game client crashes every time I enter champion select. I reinstalled but the problem persists.,Wild Rift,2024-02-26 13:21:58,9.0,86.93,LOW,Client Bug / Crash,True
RGT-002388,CUST-7A32E5DE,My League account got banned out of nowhere. I was just playing ranked and then I got logged out. Can you explain why?,Legends of Runeterra,2023-12-23 04:32:37,30.0,227.08,LOW,Account Ban / Suspension,True
RGT-002863,CUST-B31EBCB5,Account banned with no explanation. I spent over $500 on this account. Please look into this immediately.,Valorant,2023-12-31 07:04:47,1.0,0.49,HIGH,Account Ban / Suspension,True
RGT-002673,CUST-E79B1BC6,RP purchase failed but the money was deducted from my account. This is the second time this has happened.,League of Legends,2023-08-12 23:10:08,3.0,29.83,MEDIUM,Missing RP / Purchase Issue,True
RGT-DUPE-0038,CUST-4E0BB732,The Lunar New Year bundle charged me but only delivered half the content. Missing the ward skin and icon.,Valorant,2023-12-29 09:01:23,3.0,63.11,LOW,Missing RP / Purchase Issue,True
RGT-001180,CUST-015B8874,"Purchased RP via prepaid card, entered the code but nothing was credited. Code: RITO-FF2622.",Valorant,2023-02-08 15:59:09,1.0,4.71,LOW,Missing RP / Purchase Issue,True
RGT-001037,CUST-01E0218A,,Legends of Runeterra,2023-10-03 11:38:28,14.0,11.69,HIGH,Ranked & Matchmaking,True
RGT-002581,CUST-5F210E14,I received a 14-day suspension for allegedly using scripts. I have never used any third-party software. Please investigate.,League of Legends,2023-08-30 04:07:19,31.0,41.0,MEDIUM,Account Ban / Suspension,True
RGT-000169,CUST-A326E34B,Jinx's passive is not triggering correctly after the latest patch. The movement speed buff is inconsistent.,Wild Rift,2024-04-03 09:32:08,0.0,2.13,MEDIUM,Champion / Skin Bug,True
RGT-002583,CUST-84A10DDB,This player admitted to using scripts in chat. I have a screenshot. How do I submit it?,Valorant,2023-09-14 16:51:33,4.0,1.11,HIGH,Cheat / Hacker Report,True
RGT-002267,CUST-7CDF7E83,Permanent ban issued on my account. I have 3000 hours on this game and have never violated ToS. Please help.,Legends of Runeterra,2023-12-07 04:03:41,4.0,,MEDIUM,Account Ban / Suspension,False
RGT-001955,CUST-468B829E,Got a chat ban that escalated to a full account suspension. The context was taken out of context. I want to appeal.,Wild Rift,2023-02-24 15:22:52,0.0,3.34,MEDIUM,Account Ban / Suspension,True
RGT-002074,CUST-4CF66CD9,Permanent ban issued on my account. I have 3000 hours on this game and have never violated ToS. Please help.,Legends of Runeterra,2023-10-07 15:46:09,31.0,,HIGH,Account Ban / Suspension,False
RGT-002378,CUST-8E5D3D10,I got permabanned for 'toxic behaviour' but all I did was mute my teammates. This seems unfair.,League of Legends,not-a-date,3.0,21.63,LOW,Account Ban / Suspension,True
RGT-000766,CUST-E573FEE4,The authenticator app code is being rejected. I re-scanned the QR code and still getting errors.,Legends of Runeterra,2024-01-27 06:51:53,1.0,3.21,HIGH,Login / 2FA Issue,True
RGT-002191,CUST-8840EC6E,Account recovery is not working. I no longer have access to the email or phone number on record.,Wild Rift,2023-07-26 05:11:31,2.0,-5.0,HIGH,Login / 2FA Issue,True
RGT-002167,CUST-6E8F6EB2,My League account got banned out of nowhere. I was just playing ranked and then I got logged out. Can you explain why?,Wild Rift,2023-07-04 11:34:43,2.0,,HIGH,Account Ban / Suspension,False
RGT-002303,CUST-050C71EC,This player in my last game was clearly using an aimbot. Every bullet was a headshot through smoke.,Valorant,2023-05-05 04:55:14,5.0,83.03,LOW,Cheat / Hacker Report,True
RGT-000220,CUST-25A0FA26,My Riot Points are missing after I topped up. I have the bank receipt. Please refund or credit my account.,Legends of Runeterra,2023-07-04 12:47:56,0.0,1.21,MEDIUM,Missing RP / Purchase Issue,True
RGT-000368,CUST-F7CA9EEC,I received a 25-game chat restriction for a single game where I was defending myself. This is disproportionate.,Teamfight Tactics,2023-10-14 18:48:48,0.0,,MEDIUM,Chat Restriction Appeal,False
RGT-002546,CUST-8AC2E438,I want to appeal my chat restriction. The logs being cited were from a conversation I did not start.,Teamfight Tactics,2023-07-10 14:35:26,4.0,8.99,MEDIUM,Chat Restriction Appeal,True
RGT-000880,CUST-672227E5,Possible griefing bot detected on the enemy team. All five of them stood still in base.,Legends of Runeterra,2023-12-18 07:42:11,0.0,,LOW,Cheat / Hacker Report,False
RGT-002348,CUST-7033DBE6,The game client crashes every time I enter champion select. I reinstalled but the problem persists.,Legends of Runeterra,2023-07-27 10:05:31,4.0,-5.0,MEDIUM,Client Bug / Crash,True
RGT-001324,CUST-2C65B41B,I bought 3250 RP but it never showed up in my account. I was charged on my card though.,Legends of Runeterra,2023-01-14 04:11:33,1.0,18.19,MEDIUM,Missing RP / Purchase Issue,True
RGT-001393,CUST-E365E0A1,I cannot log into my account. I reset my password but the 2FA code is going to an old email I lost access to.,Valorant,2023-08-08 02:09:10,15.0,135.89,LOW,Login / 2FA Issue,True
RGT-000352,CUST-BFBE08BB,My account RiotUser#24920 was permanently banned but I never cheated. Please review the ban.,Legends of Runeterra,2023-09-14 17:14:34,0.0,,MEDIUM,Account Ban / Suspension,True
RGT-001054,CUST-CC7B8839,Possible griefing bot detected on the enemy team. All five of them stood still in base.,Legends of Runeterra,2024-02-10 14:44:42,4.0,8.41,MEDIUM,Cheat / Hacker Report,True
RGT-001212,CUST-6A9394B7,I was punished for saying 'gg ez' which is a common phrase. I disagree this violates community standards.,Valorant,2023-05-31 15:44:16,1.0,,MEDIUM,Chat Restriction Appeal,False
RGT-ND-9019,CUST-46BFE25C,Login is failing even though I just reset my password.,League of Legends,2023-06-15 14:30:00,2.0,10.0,MEDIUM,Missing RP / Purchase Issue,True
RGT-001968,CUST-25A0FA26,3rd chat restriction this year for increasingly minor things. I feel I am being targeted unfairly.,Legends of Runeterra,2023-04-25 13:07:55,2.0,46.75,LOW,Chat Restriction Appeal,True
RGT-002772,CUST-ACA676FD,Transaction stuck as 'pending' for 48 hours. My bank confirmed the charge went through. Please help.,League of Legends,2023-12-04 15:24:09,6.0,0.58,HIGH,Missing RP / Purchase Issue,True
RGT-002443,CUST-8AC2E438,This player in my last game was clearly using an aimbot. Every bullet was a headshot through smoke.,Legends of Runeterra,2024-03-28 14:09:34,3.0,,HIGH,Cheat / Hacker Report,True
RGT-000499,CUST-2AE5E127,Transaction stuck as 'pending' for 48 hours. My bank confirmed the charge went through. Please help.,Legends of Runeterra,2023-12-06 10:35:42,6.0,4.78,MEDIUM,Missing RP / Purchase Issue,True
RGT-001736,CUST-4854215C,This player admitted to using scripts in chat. I have a screenshot. How do I submit it?,League of Legends,2023-08-28 22:51:34,2.0,49.19,LOW,Cheat / Hacker Report,True
RGT-000211,CUST-522A7E0A,Account banned with no explanation. I spent over $500 on this account. Please look into this immediately.,League of Legends,2023-02-28 06:08:47,2.0,3.17,HIGH,Account Ban / Suspension,True
RGT-002488,CUST-CCC68570,RP purchase failed but the money was deducted from my account. This is the second time this has happened.,League of Legends,2023-03-22 20:24:52,4.0,24.11,MEDIUM,Missing RP / Purchase Issue,True
RGT-002839,CUST-ABA4C4B7,The client update bricked my installation. Now I get error code 0xC01C on startup.,Valorant,2024-05-16 02:37:12,37.0,48.02,LOW,Client Bug / Crash,True
RGT-000228,CUST-789EB511,Remake did not trigger even though a player was AFK from champion select. Lost LP unfairly.,Teamfight Tactics,2023-01-20 18:31:14,1.0,76.71,LOW,Ranked & Matchmaking,True
RGT-000366,CUST-91144FD2,Account recovery is not working. I no longer have access to the email or phone number on record.,Wild Rift,2023-06-19 00:34:38,1.0,6.79,HIGH,Login / 2FA Issue,True
RGT-000966,CUST-544343F1,Constant 'Connection Error' messages in client even though my internet is working perfectly.,Legends of Runeterra,2024-01-26 19:26:35,1.0,140.5,LOW,Client Bug / Crash,True
RGT-000277,CUST-FE972C20,Player using Elo-boosting service. They were clearly being played by someone else based on behaviour change.,Valorant,2023-05-13 11:35:43,3.0,17.83,LOW,Cheat / Hacker Report,True
RGT-002300,CUST-CDB4430E,I was in promo series but the server crashed mid-game. The loss was counted against me.,Wild Rift,2023-09-25 17:54:29,,9.18,LOW,Ranked & Matchmaking,True
RGT-001878,CUST-C46ABFD8,I purchased a champion that is currently on free rotation. I would like a refund as this was misleading.,Valorant,2024-01-23 07:37:37,2.0,,MEDIUM,Refund Request,True
RGT-002671,CUST-84393CA6,Consistent 300ms ping on EUW since the server migration. My ISP says nothing changed on their end.,Teamfight Tactics,2023-08-18 10:20:44,3.0,4.45,HIGH,Server Latency / Lag,True
RGT-001104,CUST-088F80DF,2FA is sending codes but they expire before I can enter them. Clock sync on my phone is correct.,League of Legends,2024-01-22 13:49:02,2.0,30.45,MEDIUM,Login / 2FA Issue,True
RGT-000408,CUST-4375BF79,Transaction stuck as 'pending' for 48 hours. My bank confirmed the charge went through. Please help.,Valorant,2024-04-05 20:58:51,0.0,,HIGH,Missing RP / Purchase Issue,False
RGT-002045,CUST-CDB94453,Player using Elo-boosting service. They were clearly being played by someone else based on behaviour change.,Teamfight Tactics,2023-12-08 07:14:25,25.0,0.79,HIGH,Cheat / Hacker Report,True
RGT-001125,CUST-6AC348D2,I got permabanned for 'toxic behaviour' but all I did was mute my teammates. This seems unfair.,League of Legends,2023-04-01 11:20:09,4.0,3.74,LOW,Account Ban / Suspension,True
RGT-002407,CUST-7E97667B,Transaction stuck as 'pending' for 48 hours. My bank confirmed the charge went through. Please help.,Teamfight Tactics,2023-02-13 05:51:13,5.0,88.77,MEDIUM,Missing RP / Purchase Issue,True
RGT-000786,CUST-5EDC08EE,My clash tournament registration was cancelled without notification. Please refund the ticket fee.,Legends of Runeterra,2023-09-27 00:44:09,1.0,124.52,LOW,Ranked & Matchmaking,True
RGT-002565,CUST-0C333566,"Hello, my account was flagged and restricted. I believe this is a false positive from your anti-cheat. I need an appeal.",Teamfight Tactics,2024-01-11 23:33:46,3.0,16.53,MEDIUM,Account Ban / Suspension,True
RGT-002628,CUST-A8CD9E15,I was gifted a skin I already owned. The duplicate was auto-converted to orange essence. I want a refund.,Teamfight Tactics,2023-11-05 05:29:37,4.0,9.49,LOW,Refund Request,True
RGT-002381,CUST-FE972C20,"After updating, all my settings were reset. Also my custom game configurations are gone.",Valorant,2023-03-25 20:08:53,30.0,2.26,MEDIUM,Client Bug / Crash,True
RGT-000008,CUST-FE972C20,RP purchase failed but the money was deducted from my account. This is the second time this has happened.,Legends of Runeterra,2023-01-16 03:04:22,1.0,2.85,MEDIUM,Missing RP / Purchase Issue,True
RGT-001245,CUST-731C8BAA,FPS dropping from 200 to single digits every few minutes since patch 13.19. My hardware is fine.,League of Legends,2024-06-04 19:29:49,0.0,0.38,HIGH,Client Bug / Crash,True
RGT-001290,CUST-4FC4738B,"Hello, my account was flagged and restricted. I believe this is a false positive from your anti-cheat. I need an appeal.",Legends of Runeterra,2023-12-13 19:36:54,22.0,4.0,MEDIUM,Account Ban / Suspension,True
RGT-000865,CUST-2CA48875,Constant 'Connection Error' messages in client even though my internet is working perfectly.,Legends of Runeterra,2024-05-01 11:48:37,1.0,40.01,LOW,Client Bug / Crash,True
RGT-000416,CUST-AEE4B6C8,My clash tournament registration was cancelled without notification. Please refund the ticket fee.,Wild Rift,2024-04-03 19:03:09,0.0,101.6,LOW,Ranked & Matchmaking,True
RGT-DUPE-0020,CUST-07D61658,I keep getting matched against the same scripter. Already reported in-game but they are still playing.,Teamfight Tactics,2023-03-04 14:34:07,2.0,7.3,MEDIUM,Cheat / Hacker Report,True
RGT-001743,CUST-2AE5E127,Constant 'Connection Error' messages in client even though my internet is working perfectly.,Legends of Runeterra,2024-03-18 04:51:39,19.0,13.36,MEDIUM,Client Bug / Crash,True
RGT-001714,CUST-B29C26D5,I bought 3250 RP but it never showed up in my account. I was charged on my card though.,Legends of Runeterra,2024-02-12 14:06:11,4.0,46.78,LOW,Missing RP / Purchase Issue,True
RGT-001692,CUST-B1B46D9C,My League account got banned out of nowhere. I was just playing ranked and then I got logged out. Can you explain why?,Wild Rift,2024-06-21 09:57:51,,1.26,MEDIUM,Account Ban / Suspension,True
RGT-000200,CUST-8A8F6164,Consistent 300ms ping on EUW since the server migration. My ISP says nothing changed on their end.,Wild Rift,2023-12-03 10:37:12,0.0,6.9,HIGH,Server Latency / Lag,True
RGT-000284,CUST-244114D7,Permanent ban issued on my account. I have 3000 hours on this game and have never violated ToS. Please help.,Valorant,2023-04-23 21:07:06,0.0,15.31,MEDIUM,Account Ban / Suspension,True
RGT-000232,CUST-4988314E,I purchased a champion that is currently on free rotation. I would like a refund as this was misleading.,Valorant,2023-12-18 02:52:58,0.0,23.01,LOW,Refund Request,True
RGT-000719,CUST-ABA4C4B7,I accidentally purchased the wrong champion. Can I get a refund? I only have one refund token left.,Wild Rift,2023-10-19 01:12:18,8.0,45.8,LOW,Missing RP / Purchase Issue,True
RGT-002948,CUST-E365E0A1,The game client crashes every time I enter champion select. I reinstalled but the problem persists.,Legends of Runeterra,2024-06-13 01:11:01,30.0,14.08,HIGH,Client Bug / Crash,True
RGT-000097,CUST-714F572F,I received a 25-game chat restriction for a single game where I was defending myself. This is disproportionate.,Wild Rift,2023-10-19 04:52:43,0.0,,MEDIUM,Chat Restriction Appeal,False
RGT-002827,CUST-C7E0960A,FPS dropping from 200 to single digits every few minutes since patch 13.20. My hardware is fine.,Valorant,2023-07-30 02:07:34,,21.39,MEDIUM,Client Bug / Crash,True
RGT-002649,CUST-C4731564,"Bought a bundle in the store, got charged but the content never appeared in my collection.",Wild Rift,2023-04-28 09:48:16,29.0,3.3,MEDIUM,Missing RP / Purchase Issue,True
RGT-001475,CUST-7A4D8589,I was punished for saying 'gg ez' which is a common phrase. I disagree this violates community standards.,League of Legends,2024-03-18 21:48:53,4.0,10.78,HIGH,Chat Restriction Appeal,True
RGT-000882,CUST-3F523C06,FPS dropping from 200 to single digits every few minutes since patch 14.10. My hardware is fine.,Wild Rift,2024-04-29 08:40:25,1.0,38.25,LOW,Client Bug / Crash,True
RGT-001420,CUST-01E0218A,Permanent ban issued on my account. I have 3000 hours on this game and have never violated ToS. Please help.,League of Legends,2023-09-16 21:54:12,19.0,100.21,LOW,Account Ban / Suspension,True
RGT-002543,CUST-A6E2586F,Remake did not trigger even though a player was AFK from champion select. Lost LP unfairly.,Wild Rift,2023-08-24 12:10:33,2.0,,MEDIUM,Ranked & Matchmaking,False
RGT-002950,CUST-4720A994,My League account got banned out of nowhere. I was just playing ranked and then I got logged out. Can you explain why?,Teamfight Tactics,2023-10-28 00:20:19,7.0,0.33,HIGH,Account Ban / Suspension,True
RGT-002667,CUST-A8C962F0,This player admitted to using scripts in chat. I have a screenshot. How do I submit it?,Legends of Runeterra,2024-01-23 02:16:30,,3.54,MEDIUM,Cheat / Hacker Report,True
RGT-002255,CUST-B24928A2,Getting a black screen on launch. The process shows in Task Manager but nothing displays.,Teamfight Tactics,2023-01-27 20:24:45,5.0,,LOW,Client Bug / Crash,True
RGT-001463,CUST-7709DC90,I purchased the Battle Pass but didn't receive the rewards. Transaction ID: TXN-958EE741.,Wild Rift,2023-11-13 18:21:01,13.0,,MEDIUM,Missing RP / Purchase Issue,False
RGT-000105,CUST-B24AD742,I got permabanned for 'toxic behaviour' but all I did was mute my teammates. This seems unfair.,League of Legends,2023-10-01 20:10:54,0.0,22.9,MEDIUM,Account Ban / Suspension,True
RGT-002299,CUST-2DD31862,Getting a black screen on launch. The process shows in Task Manager but nothing displays.,Legends of Runeterra,2024-06-27 02:15:16,3.0,,HIGH,Client Bug / Crash,False
RGT-002873,CUST-4F001816,RP purchase failed but the money was deducted from my account. This is the second time this has happened.,Valorant,2023-04-05 21:41:27,3.0,47.38,MEDIUM,Missing RP / Purchase Issue,True
RGT-001726,CUST-F7406204,I was charged twice for the same RP bundle. I see two transactions on my statement for $35.00.,Valorant,2024-03-25 06:04:38,3.0,2.69,LOW,Missing RP / Purchase Issue,True
RGT-002610,CUST-46C64CC1,I want to appeal my chat restriction. The logs being cited were from a conversation I did not start.,Valorant,2023-08-25 10:27:09,3.0,32.45,LOW,Chat Restriction Appeal,True
RGT-001103,CUST-F239E82D,I would like a refund for the champion I purchased yesterday. I have not played them yet.,Wild Rift,2023-04-01 11:19:27,3.0,4.78,MEDIUM,Refund Request,True
RGT-002821,CUST-4988314E,I keep getting matched against the same scripter. Already reported in-game but they are still playing.,Legends of Runeterra,2023-07-07 10:19:25,1.0,11.52,MEDIUM,Cheat / Hacker Report,True
RGT-000808,CUST-7B38F130,,Valorant,2023-03-26 10:31:58,1.0,34.54,MEDIUM,Cheat / Hacker Report,True
RGT-000227,CUST-FA9DBD80,This player admitted to using scripts in chat. I have a screenshot. How do I submit it?,Legends of Runeterra,2024-05-12 13:33:05,2.0,9.44,MEDIUM,Cheat / Hacker Report,True
RGT-000841,CUST-023FE7E6,Someone is ddosing our team. Two of my teammates disconnected within seconds of each other.,Legends of Runeterra,2023-02-01 19:45:59,10.0,34.59,LOW,Cheat / Hacker Report,True
RGT-002370,CUST-F9E0C7F8,I purchased an emote for a character I no longer play. Refund would be appreciated.,League of Legends,2023-03-23 17:02:55,0.0,76.87,LOW,Refund Request,True
RGT-001622,CUST-2D5422EC,Got a chat ban that escalated to a full account suspension. The context was taken out of context. I want to appeal.,League of Legends,2023-10-20 11:49:41,3.0,5.03,HIGH,Account Ban / Suspension,True
RGT-002640,CUST-E8A389C1,I got permabanned for 'toxic behaviour' but all I did was mute my teammates. This seems unfair.,Teamfight Tactics,2023-07-29 09:38:24,3.0,33.61,MEDIUM,Account Ban / Suspension,True
RGT-002529,CUST-3E0E8F3E,Transaction stuck as 'pending' for 48 hours. My bank confirmed the charge went through. Please help.,Valorant,2023-12-11 12:57:45,6.0,,LOW,Missing RP / Purchase Issue,False
RGT-001094,CUST-FA9DBD80,This player in my last game was clearly using an aimbot. Every bullet was a headshot through smoke.,Wild Rift,2024-03-31 11:54:46,10.0,23.22,MEDIUM,Cheat / Hacker Report,True
RGT-002898,CUST-5A03D5C8,The Lunar New Year bundle charged me but only delivered half the content. Missing the ward skin and icon.,Valorant,2023-12-18 03:47:43,2.0,14.75,MEDIUM,Missing RP / Purchase Issue,True
RGT-002784,CUST-CDB94453,Getting lag spikes every few minutes that last about 2 seconds. This started after last Tuesday's patch.,Teamfight Tactics,2023-08-09 22:29:37,32.0,49.78,LOW,Server Latency / Lag,True
RGT-001764,CUST-6843F2D2,I completed my placement matches but my rank is much lower than last season. Is this expected?,Wild Rift,2023-10-17 14:41:15,3.0,29.88,MEDIUM,Ranked & Matchmaking,True
RGT-002511,CUST-116302BD,Permanent ban issued on my account. I have 3000 hours on this game and have never violated ToS. Please help.,Valorant,2023-11-26 14:19:59,4.0,219.98,LOW,Account Ban / Suspension,True
RGT-000980,CUST-5B4081EE,Account recovery is not working. I no longer have access to the email or phone number on record.,Legends of Runeterra,2023-08-15 08:31:08,9.0,16.47,HIGH,Login / 2FA Issue,True
RGT-001954,CUST-7709DC90,I accidentally purchased the wrong champion. Can I get a refund? I only have one refund token left.,League of Legends,2023-09-28 18:56:39,20.0,77.53,LOW,Missing RP / Purchase Issue,True
RGT-000465,CUST-3D51023D,"Purchased RP via prepaid card, entered the code but nothing was credited. Code: RITO-CC8A49.",League of Legends,2024-05-03 01:25:06,3.0,223.6,LOW,Missing RP / Purchase Issue,True
RGT-001941,CUST-7204AB09,RP purchase failed but the money was deducted from my account. This is the second time this has happened.,League of Legends,2024-06-20 00:03:19,3.0,0.2,HIGH,Missing RP / Purchase Issue,True
RGT-002596,CUST-4083A651,I called out a griefer and got chat banned while they did not. The system feels inconsistent.,League of Legends,2023-03-05 10:48:39,2.0,1.25,LOW,Chat Restriction Appeal,True
RGT-000928,CUST-99C8CDE3,,League of Legends,2024-01-29 07:06:06,0.0,180.34,LOW,Cheat / Hacker Report,True
RGT-001360,CUST-F350A3A4,I keep getting matched against the same scripter. Already reported in-game but they are still playing.,Legends of Runeterra,2023-08-05 09:31:36,1.0,,LOW,Cheat / Hacker Report,False
RGT-001217,CUST-ED59D5A1,There is a blatant scripter in my ranked game. They had 0ms reaction time and perfect skill shots all game.,Wild Rift,2023-10-08 22:01:36,1.0,4.49,LOW,Cheat / Hacker Report,True
RGT-001033,CUST-089FF8E0,Packet loss of around 15 percent during peak hours. Unplayable. Other games are fine.,League of Legends,2023-06-11 11:50:41,1.0,6.6,MEDIUM,Server Latency / Lag,True
RGT-002568,CUST-2D5422EC,Matchmaking is putting me against players 3 tiers above me. This has been happening all week.,Teamfight Tactics,2024-05-24 20:48:30,6.0,119.45,LOW,Ranked & Matchmaking,True
RGT-001937,CUST-AF5E2768,Player using Elo-boosting service. They were clearly being played by someone else based on behaviour change.,Teamfight Tactics,2023-07-13 14:15:29,0.0,,HIGH,Cheat / Hacker Report,False
RGT-000213,CUST-2C0B0E3F,Matchmaking is putting me against players 3 tiers above me. This has been happening all week.,Teamfight Tactics,2023-03-10 01:30:39,0.0,8.37,MEDIUM,Ranked & Matchmaking,True
RGT-000013,CUST-110FA17F,"Hello, my account was flagged and restricted. I believe this is a false positive from your anti-cheat. I need an appeal.",League of Legends,2023-02-28 13:16:34,0.0,42.15,LOW,Account Ban / Suspension,True
RGT-002991,CUST-9C6414DA,There is a blatant scripter in my ranked game. They had 0ms reaction time and perfect skill shots all game.,Legends of Runeterra,2024-05-26 13:57:27,3.0,4.09,MEDIUM,Cheat / Hacker Report,True
RGT-000423,CUST-F7E0BA15,Reporting a player for using wallhacks in Valorant. Their username is Player1284. Please review game ID NA1_7354482425.,League of Legends,2023-12-10 06:19:10,1.0,52.91,MEDIUM,Cheat / Hacker Report,True
RGT-002437,CUST-1C0F3B84,Getting error UX-1 when attempting to sign in. This started after your maintenance window yesterday.,Legends of Runeterra,2023-06-03 22:39:30,2.0,,LOW,Login / 2FA Issue,False
RGT-002367,CUST-BFBE08BB,My son made an unauthorized purchase on my account. He is 9 years old. Please refund $50.00.,Wild Rift,2023-10-27 11:16:48,2.0,5.81,MEDIUM,Refund Request,True
RGT-001750,CUST-12B61267,Reporting a player for using wallhacks in Valorant. Their username is Player3130. Please review game ID NA1_2419222174.,Teamfight Tactics,2023-09-09 10:41:32,4.0,8.2,HIGH,Cheat / Hacker Report,True
RGT-001392,CUST-0E37DF6D,I used 'Login with Google' but Google account is now deleted. How do I recover my Riot account?,Wild Rift,2023-04-21 07:46:19,2.0,2.25,MEDIUM,Login / 2FA Issue,True
RGT-002722,CUST-E1F0BDA5,Login fails with 'incorrect password' even after a password reset. I have cleared cookies and cache.,Valorant,2024-02-15 23:18:18,3.0,61.59,MEDIUM,Login / 2FA Issue,True
RGT-001746,CUST-8B088BAB,Possible griefing bot detected on the enemy team. All five of them stood still in base.,League of Legends,2023-03-04 18:06:05,5.0,,HIGH,Cheat / Hacker Report,False
RGT-000742,CUST-5B4081EE,I purchased the Battle Pass but didn't receive the rewards. Transaction ID: TXN-22CBFC87.,Valorant,2023-02-27 09:24:50,5.0,50.56,LOW,Missing RP / Purchase Issue,True
RGT-001627,CUST-C684BA4E,Permanent ban issued on my account. I have 3000 hours on this game and have never violated ToS. Please help.,League of Legends,2023-09-18 10:26:17,2.0,6.78,MEDIUM,Account Ban / Suspension,True
RGT-002359,CUST-3D51023D,I keep getting matched against the same scripter. Already reported in-game but they are still playing.,Legends of Runeterra,2023-11-09 22:07:25,26.0,14.7,MEDIUM,Cheat / Hacker Report,True
RGT-000510,CUST-3E2F4D8F,I got permabanned for 'toxic behaviour' but all I did was mute my teammates. This seems unfair.,Wild Rift,2023-02-20 12:36:26,0.0,0.55,HIGH,Account Ban / Suspension,True
RGT-000645,CUST-DF7589A3,I received a 14-day suspension for allegedly using scripts. I have never used any third-party software. Please investigate.,Legends of Runeterra,2023-09-18 20:15:42,2.0,8.66,LOW,Account Ban / Suspension,True
RGT-000598,CUST-4CF66CD9,Audio cuts out completely mid-game after around 20 minutes of play. Rolling back drivers did not fix it.,Wild Rift,2023-12-08 06:12:09,4.0,4.24,MEDIUM,Client Bug / Crash,True
RGT-001006,CUST-B701CA66,Lost 40 LP for a game I disconnected from due to power outage. Can this be reversed?,Legends of Runeterra,2024-02-14 22:33:13,2.0,24.93,LOW,Ranked & Matchmaking,True
RGT-002016,CUST-ABA4C4B7,Someone is ddosing our team. Two of my teammates disconnected within seconds of each other.,Teamfight Tactics,2023-08-05 08:18:53,25.0,52.08,LOW,Cheat / Hacker Report,True
RGT-001238,CUST-4B079F84,My Riot Points are missing after I topped up. I have the bank receipt. Please refund or credit my account.,League of Legends,2023-11-04 21:54:40,9.0,2.52,MEDIUM,Missing RP / Purchase Issue,True
RGT-002726,CUST-023FE7E6,Constant 'Connection Error' messages in client even though my internet is working perfectly.,League of Legends,2023-06-12 02:44:59,25.0,,MEDIUM,Client Bug / Crash,False
RGT-000519,CUST-C91C1ECE,Account banned with no explanation. I spent over $500 on this account. Please look into this immediately.,Wild Rift,2024-04-13 14:52:36,8.0,10.08,MEDIUM,Account Ban / Suspension,True
RGT-002241,CUST-3928726A,My clash tournament registration was cancelled without notification. Please refund the ticket fee.,Legends of Runeterra,2023-05-07 01:18:13,1.0,41.26,MEDIUM,Ranked & Matchmaking,True
RGT-000574,CUST-2A231E0F,My chat restriction ended but I am still unable to type in-game. There seems to be a bug.,Legends of Runeterra,2023-06-20 00:40:14,2.0,2.77,HIGH,Chat Restriction Appeal,True
RGT-DUPE-0016,CUST-E1F0BDA5,The game client crashes every time I enter champion select. I reinstalled but the problem persists.,Wild Rift,2023-07-25 16:48:52,2.0,197.42,LOW,Client Bug / Crash,True
RGT-002809,CUST-B29C26D5,I completed my placement matches but my rank is much lower than last season. Is this expected?,League of Legends,2023-07-29 23:04:47,9.0,6.42,MEDIUM,Ranked & Matchmaking,True
RGT-DUPE-0013,CUST-3D51023D,I purchased the Battle Pass but didn't receive the rewards. Transaction ID: TXN-1751814E.,Teamfight Tactics,2023-03-28 15:02:38,5.0,,MEDIUM,Missing RP / Purchase Issue,False
RGT-002064,CUST-17B12739,I purchased the Battle Pass but didn't receive the rewards. Transaction ID: TXN-0E1B43D8.,Legends of Runeterra,2023-02-06 05:29:28,3.0,119.85,LOW,Missing RP / Purchase Issue,True
RGT-001317,CUST-A002C561,I bought 3250 RP but it never showed up in my account. I was charged on my card though.,League of Legends,2023-07-29 03:05:26,0.0,2.55,HIGH,Missing RP / Purchase Issue,True
RGT-001221,CUST-6D4FBE82,Reporting a player for using wallhacks in Valorant. Their username is Player7230. Please review game ID NA1_2132452825.,Teamfight Tactics,2023-04-15 01:31:44,3.0,,MEDIUM,Cheat / Hacker Report,False
RGT-001614,CUST-5865892D,The shop tab in the client is blank. I cannot browse or purchase anything. Tried clearing cache.,Teamfight Tactics,2023-05-24 01:28:13,3.0,19.8,LOW,Client Bug / Crash,True
RGT-000124,CUST-58A844D6,This player admitted to using scripts in chat. I have a screenshot. How do I submit it?,League of Legends,2023-09-23 21:26:17,1.0,56.9,LOW,Cheat / Hacker Report,True
RGT-001252,CUST-4CF66CD9,Possible griefing bot detected on the enemy team. All five of them stood still in base.,Legends of Runeterra,2023-03-11 03:34:53,15.0,13.06,MEDIUM,Cheat / Hacker Report,True
RGT-000221,CUST-8F005973,I purchased an emote for a character I no longer play. Refund would be appreciated.,Teamfight Tactics,2023-07-29 06:21:08,0.0,5.22,HIGH,Refund Request,True
RGT-002995,CUST-EE8A5B94,Blatant cheater in Diamond ranked. Please investigate account RiotUser#58969. They were toggling aimbot openly.,Legends of Runeterra,2024-04-10 20:56:11,4.0,31.33,MEDIUM,Cheat / Hacker Report,True
RGT-000359,CUST-9FDC861E,Permanent ban issued on my account. I have 3000 hours on this game and have never violated ToS. Please help.,League of Legends,2023-04-20 22:48:37,2.0,,MEDIUM,Account Ban / Suspension,False
RGT-002219,CUST-357C4273,Getting a black screen on launch. The process shows in Task Manager but nothing displays.,Legends of Runeterra,2024-03-17 21:41:33,0.0,10.86,HIGH,Client Bug / Crash,True
RGT-002124,CUST-5F210E14,Account logged in on an unrecognised device. I changed password but 2FA was not set up. How do I add it now?,Wild Rift,2024-05-25 01:09:36,26.0,25.53,MEDIUM,Login / 2FA Issue,True
RGT-002296,CUST-F7406204,Matchmaking is putting me against players 3 tiers above me. This has been happening all week.,Valorant,2023-05-06 08:44:24,4.0,5.76,MEDIUM,Ranked & Matchmaking,True
RGT-000260,CUST-87EA02C9,Permanent ban issued on my account. I have 3000 hours on this game and have never violated ToS. Please help.,Legends of Runeterra,2024-04-21 16:13:03,0.0,180.61,LOW,Account Ban / Suspension,True
RGT-002856,CUST-CE5E5E24,I was charged twice for the same RP bundle. I see two transactions on my statement for $50.00.,Teamfight Tactics,2023-02-08 17:58:28,5.0,1.01,HIGH,Missing RP / Purchase Issue,True
RGT-002831,CUST-023FE7E6,"Hello, my account was flagged and restricted. I believe this is a false positive from your anti-cheat. I need an appeal.",Teamfight Tactics,2024-01-20 10:56:19,30.0,,MEDIUM,Account Ban / Suspension,False
RGT-002466,CUST-2AE1BE16,The Arcane Vi skin causes my game to crash during the level-up animation. Reproducible every time.,Legends of Runeterra,2023-07-05 11:53:42,4.0,4.22,MEDIUM,Champion / Skin Bug,True
RGT-002907,CUST-5B4081EE,The new Ahri skin has a visual glitch where her tails disappear during her ultimate animation.,Wild Rift,2023-02-09 10:51:24,37.0,20.38,MEDIUM,Champion / Skin Bug,True
RGT-001676,CUST-8BF6B4F0,The game client crashes every time I enter champion select. I reinstalled but the problem persists.,Legends of Runeterra,2024-01-11 00:54:02,2.0,57.72,LOW,Client Bug / Crash,True
RGT-002481,CUST-CC7B8839,I bought 3250 RP but it never showed up in my account. I was charged on my card though.,Valorant,,10.0,11.76,LOW,Missing RP / Purchase Issue,True
RGT-DUPE-0040,CUST-5B4081EE,I keep getting matched against the same scripter. Already reported in-game but they are still playing.,League of Legends,2023-06-05 23:02:16,18.0,18.57,MEDIUM,Cheat / Hacker Report,True
RGT-001846,CUST-5B4081EE,I received a 14-day suspension for allegedly using scripts. I have never used any third-party software. Please investigate.,Valorant,2024-02-24 03:36:13,27.0,,MEDIUM,Account Ban / Suspension,False
RGT-001537,CUST-C0B0865D,Got a chat ban that escalated to a full account suspension. The context was taken out of context. I want to appeal.,Wild Rift,2023-04-24 22:20:22,1.0,8.7,HIGH,Account Ban / Suspension,True
RGT-002858,CUST-023FE7E6,I purchased the Battle Pass but didn't receive the rewards. Transaction ID: TXN-D45ADFAE.,Wild Rift,2023-01-14 19:39:30,32.0,6.12,MEDIUM,Missing RP / Purchase Issue,True
RGT-002398,CUST-3488A6BE,Got a chat ban that escalated to a full account suspension. The context was taken out of context. I want to appeal.,Teamfight Tactics,2023-01-20 23:17:20,3.0,30.92,MEDIUM,Account Ban / Suspension,True
RGT-000457,CUST-47259181,The client update bricked my installation. Now I get error code 0x175D on startup.,Teamfight Tactics,2023-07-02 21:46:12,1.0,69.23,LOW,Client Bug / Crash,True
RGT-000463,CUST-7E97667B,Someone is ddosing our team. Two of my teammates disconnected within seconds of each other.,Legends of Runeterra,2023-05-11 17:14:46,0.0,99.79,LOW,Cheat / Hacker Report,True
RGT-002293,CUST-1903D460,Bought the wrong skin. I meant to buy the Prestige version but bought the regular one. Can you swap it?,Wild Rift,2023-06-29 12:44:49,2.0,5.54,HIGH,Refund Request,True
RGT-001789,CUST-911B09FE,Remake did not trigger even though a player was AFK from champion select. Lost LP unfairly.,Wild Rift,2023-05-10 13:21:32,3.0,1.83,HIGH,Ranked & Matchmaking,True
RGT-001768,CUST-05F159F2,I received a 14-day suspension for allegedly using scripts. I have never used any third-party software. Please investigate.,Legends of Runeterra,2023-08-29 20:34:02,1.0,10.4,HIGH,Account Ban / Suspension,True
RGT-000382,CUST-B46EEE4B,The Dragon Trainer Tristana skin has a missing particle effect on her W ability.,Valorant,2023-02-18 10:59:06,3.0,34.74,LOW,Champion / Skin Bug,True
RGT-002526,CUST-C4731564,Blatant cheater in Diamond ranked. Please investigate account RiotUser#14301. They were toggling aimbot openly.,League of Legends,2024-06-28 22:14:34,28.0,3.91,HIGH,Cheat / Hacker Report,True
RGT-001445,CUST-87EA02C9,I was charged twice for the same RP bundle. I see two transactions on my statement for $10.00.,Legends of Runeterra,2023-09-30 22:37:16,5.0,50.58,MEDIUM,Missing RP / Purchase Issue,True
RGT-001188,CUST-1724F1B2,I cannot log into my account. I reset my password but the 2FA code is going to an old email I lost access to.,Valorant,2023-05-31 11:52:34,0.0,21.3,MEDIUM,Login / 2FA Issue,True
RGT-002608,CUST-FE972C20,RP purchase failed but the money was deducted from my account. This is the second time this has happened.,Wild Rift,2024-05-12 15:54:48,36.0,58.09,LOW,Missing RP / Purchase Issue,True
RGT-002358,CUST-2AE5E127,The client update bricked my installation. Now I get error code 0x2642 on startup.,Valorant,2023-11-03 02:59:10,24.0,54.73,MEDIUM,Client Bug / Crash,True
RGT-ND-9020,CUST-CDB94453,Game crashes on the loading screen every time.,League of Legends,2023-06-15 14:30:00,2.0,10.0,MEDIUM,Missing RP / Purchase Issue,True
RGT-001555,CUST-F00A34C2,I bought 3250 RP but it never showed up in my account. I was charged on my card though.,Wild Rift,2024-05-06 00:51:59,2.0,20.38,MEDIUM,Missing RP / Purchase Issue,True
RGT-000060,CUST-3780263D,Bought the wrong skin. I meant to buy the Prestige version but bought the regular one. Can you swap it?,Legends of Runeterra,2023-03-20 01:35:26,0.0,14.07,MEDIUM,Refund Request,True
RGT-001609,CUST-8BF6B4F0,The client update bricked my installation. Now I get error code 0x28EB on startup.,League of Legends,2024-04-27 00:10:18,1.0,93.05,LOW,Client Bug / Crash,True
RGT-002639,CUST-FCC1534C,Account banned with no explanation. I spent over $500 on this account. Please look into this immediately.,Valorant,2023-10-13 16:48:43,4.0,,MEDIUM,Account Ban / Suspension,False
RGT-001365,CUST-2AE5E127,"After the latest patch, my client freezes on the loading screen. I cannot get into any game.",Teamfight Tactics,2023-02-09 08:24:42,16.0,1.68,LOW,Client Bug / Crash,True
RGT-001506,CUST-1B562D78,Lost 40 LP for a game I disconnected from due to power outage. Can this be reversed?,League of Legends,2024-01-15 17:10:37,2.0,19.94,LOW,Ranked & Matchmaking,True
RGT-002877,CUST-2C90108F,"Hello, my account was flagged and restricted. I believe this is a false positive from your anti-cheat. I need an appeal.",League of Legends,2023-04-01 10:42:58,5.0,,MEDIUM,Account Ban / Suspension,False
RGT-002360,CUST-F350A3A4,I want to appeal my chat restriction. The logs being cited were from a conversation I did not start.,Valorant,2024-06-15 11:58:32,2.0,41.1,MEDIUM,Chat Restriction Appeal,True
RGT-002929,CUST-2A4294FC,Reporting a player for using wallhacks in Valorant. Their username is Player4579. Please review game ID NA1_1808071135.,League of Legends,2023-08-22 09:06:12,3.0,0.35,MEDIUM,Cheat / Hacker Report,True
RGT-001481,CUST-01D06299,"Bought a bundle in the store, got charged but the content never appeared in my collection.",Teamfight Tactics,2024-02-20 04:38:34,1.0,,HIGH,Missing RP / Purchase Issue,False
RGT-000543,CUST-EC3CD923,Bought the wrong skin. I meant to buy the Prestige version but bought the regular one. Can you swap it?,Wild Rift,2023-05-13 12:00:40,0.0,43.76,MEDIUM,Refund Request,True
RGT-001134,CUST-B29C26D5,Login fails with 'incorrect password' even after a password reset. I have cleared cookies and cache.,Wild Rift,2024-01-24 02:47:28,2.0,80.78,LOW,Login / 2FA Issue,True
RGT-001765,CUST-58F376E2,Jinx's passive is not triggering correctly after the latest patch. The movement speed buff is inconsistent.,League of Legends,2023-05-25 10:05:41,1.0,,MEDIUM,Champion / Skin Bug,True
RGT-002611,CUST-0981939A,Lost 40 LP for a game I disconnected from due to power outage. Can this be reversed?,Legends of Runeterra,2024-05-09 00:51:34,5.0,49.33,MEDIUM,Ranked & Matchmaking,True
RGT-001881,CUST-F239E82D,I purchased the Battle Pass but didn't receive the rewards. Transaction ID: TXN-FB1B2022.,Legends of Runeterra,2023-11-01 17:35:46,4.0,,MEDIUM,Missing RP / Purchase Issue,False
RGT-000846,CUST-9B770A9F,Possible griefing bot detected on the enemy team. All five of them stood still in base.,League of Legends,2023-08-16 00:26:06,,,LOW,Cheat / Hacker Report,False
RGT-002495,CUST-64865559,RP purchase failed but the money was deducted from my account. This is the second time this has happened.,League of Legends,2023-05-03 15:53:32,3.0,12.95,MEDIUM,Missing RP / Purchase Issue,True
RGT-002656,CUST-52F9765C,Getting error UX-1 when attempting to sign in. This started after your maintenance window yesterday.,Teamfight Tactics,2023-07-16 21:11:20,7.0,8.43,HIGH,Login / 2FA Issue,True
RGT-001476,CUST-1D5272DD,Constant 'Connection Error' messages in client even though my internet is working perfectly.,Legends of Runeterra,2024-02-19 17:30:51,5.0,,LOW,Client Bug / Crash,False
RGT-001840,CUST-B29C26D5,"My MMR seems stuck. I win 8 games in a row and gain 18 LP, then lose once and drop 25 LP.",Wild Rift,2023-06-18 17:12:36,5.0,,MEDIUM,Ranked & Matchmaking,False
RGT-002981,CUST-05F159F2,I used 'Login with Google' but Google account is now deleted. How do I recover my Riot account?,Legends of Runeterra,2023-05-30 08:42:55,2.0,0.12,HIGH,Login / 2FA Issue,True
RGT-001802,CUST-5B4081EE,My son made an unauthorized purchase on my account. He is 9 years old. Please refund $20.00.,Teamfight Tactics,2024-03-02 10:31:19,25.0,10.76,LOW,Refund Request,True
RGT-001767,CUST-6E8F6EB2,I was charged twice for the same RP bundle. I see two transactions on my statement for $50.00.,Wild Rift,2023/99/01 00:00,1.0,2.43,HIGH,Missing RP / Purchase Issue,True
RGT-002494,CUST-AB7EE0E4,Remake did not trigger even though a player was AFK from champion select. Lost LP unfairly.,Legends of Runeterra,2024-06-05 13:10:31,5.0,,HIGH,Ranked & Matchmaking,False
RGT-001787,CUST-39A2BAA5,Ranked queue dodging penalty applied even though I did not dodge. I was in loading screen.,Legends of Runeterra,2023-04-05 18:54:06,1.0,7.21,MEDIUM,Ranked & Matchmaking,True
RGT-001019,CUST-AD0EDBC6,The client update bricked my installation. Now I get error code 0xDA85 on startup.,Valorant,2024-01-05 17:30:55,3.0,28.03,MEDIUM,Client Bug / Crash,True
RGT-000436,CUST-4FC4738B,Transaction stuck as 'pending' for 48 hours. My bank confirmed the charge went through. Please help.,Legends of Runeterra,2023-07-24 13:57:49,7.0,49.15,LOW,Missing RP / Purchase Issue,True
RGT-001115,CUST-CDB94453,Permanent ban issued on my account. I have 3000 hours on this game and have never violated ToS. Please help.,Wild Rift,2023-01-22 00:06:08,12.0,,MEDIUM,Account Ban / Suspension,False
RGT-000238,CUST-D862ABB7,I got permabanned for 'toxic behaviour' but all I did was mute my teammates. This seems unfair.,Valorant,2024-03-01 18:02:49,0.0,,HIGH,Account Ban / Suspension,True
RGT-001076,CUST-6D4766F3,The authenticator app code is being rejected. I re-scanned the QR code and still getting errors.,Wild Rift,2023-01-27 08:08:50,3.0,72.58,MEDIUM,Login / 2FA Issue,True
RGT-000110,CUST-C3785461,"Hello, my account was flagged and restricted. I believe this is a false positive from your anti-cheat. I need an appeal.",Valorant,2024-03-04 11:26:39,0.0,3.34,MEDIUM,Account Ban / Suspension,True
RGT-000782,CUST-84591BE0,I bought 3250 RP but it never showed up in my account. I was charged on my card though.,Legends of Runeterra,2024-02-03 04:09:29,1.0,282.63,LOW,Missing RP / Purchase Issue,True
RGT-002120,CUST-F18BE5FC,I used 'Login with Google' but Google account is now deleted. How do I recover my Riot account?,Teamfight Tactics,2024-02-10 23:25:57,6.0,72.07,MEDIUM,Login / 2FA Issue,True
RGT-000164,CUST-95542775,I completed my placement matches but my rank is much lower than last season. Is this expected?,Teamfight Tactics,2023-10-18 14:05:39,1.0,,MEDIUM,Ranked & Matchmaking,False
RGT-000289,CUST-EA308573,,Wild Rift,2024-06-28 14:52:11,0.0,6.27,MEDIUM,Missing RP / Purchase Issue,True
RGT-000253,CUST-1ADC4D43,Kindred's Q ability is not applying on-hit effects correctly with the Spirit Blossom skin equipped.,Valorant,2023-01-10 22:03:34,0.0,17.75,MEDIUM,Champion / Skin Bug,True
RGT-001074,CUST-3C8F8826,Account banned with no explanation. I spent over $500 on this account. Please look into this immediately.,Valorant,2023-09-18 05:48:13,2.0,55.77,LOW,Account Ban / Suspension,True
RGT-002589,CUST-25A0FA26,,Wild Rift,2024-01-06 06:54:18,5.0,47.55,LOW,Chat Restriction Appeal,True
RGT-002351,CUST-57FBCB14,"My smurf account was banned, now my main account is also restricted. I do not understand what happened.",League of Legends,2023-09-14 20:47:57,20.0,,HIGH,Account Ban / Suspension,False
RGT-000768,CUST-F48C257F,I would like a refund for the champion I purchased yesterday. I have not played them yet.,League of Legends,2023-10-06 01:41:17,1.0,8.78,MEDIUM,Refund Request,True
RGT-000788,CUST-11805665,"Purchased RP via prepaid card, entered the code but nothing was credited. Code: RITO-3789DD.",Wild Rift,2024-03-08 04:47:01,1.0,32.71,MEDIUM,Missing RP / Purchase Issue,True
RGT-001379,CUST-E365E0A1,Login fails with 'incorrect password' even after a password reset. I have cleared cookies and cache.,Legends of Runeterra,2023-11-22 15:52:25,14.0,50.63,MEDIUM,Login / 2FA Issue,True
RGT-001028,CUST-01E0218A,I keep getting matched against the same scripter. Already reported in-game but they are still playing.,Valorant,2023-09-07 23:34:38,13.0,44.49,LOW,Cheat / Hacker Report,True
RGT-001038,CUST-C0607B19,Requesting a refund on a bundle because it was not clearly labelled that it included champions I already own.,Wild Rift,2023-03-07 17:11:10,1.0,2.54,HIGH,Refund Request,True
RGT-000870,CUST-95C5B9AF,My son made an unauthorized purchase on my account. He is 9 years old. Please refund $25.00.,Valorant,2024-06-20 03:46:31,0.0,0.25,MEDIUM,Refund Request,True
RGT-002958,CUST-75103BB2,Cheater ruined 3 games in a row. Your reporting system seems broken. They are still not banned.,Wild Rift,2023-03-04 15:46:04,7.0,2.64,MEDIUM,Cheat / Hacker Report,True
RGT-002406,CUST-AD716FA9,"After updating, all my settings were reset. Also my custom game configurations are gone.",Teamfight Tactics,2023-12-31 07:39:33,6.0,1.5,HIGH,Client Bug / Crash,True
RGT-001981,CUST-09022E87,"After the latest patch, my client freezes on the loading screen. I cannot get into any game.",Valorant,2023-06-02 03:22:37,3.0,,MEDIUM,Client Bug / Crash,False
RGT-002160,CUST-9E25788D,I was banned for account sharing. I let my brother play once. Is there a way to appeal this decision?,League of Legends,2023-06-02 10:52:52,4.0,39.3,MEDIUM,Account Ban / Suspension,True
RGT-002802,CUST-D24EC8EF,My account RiotUser#32482 was permanently banned but I never cheated. Please review the ban.,League of Legends,2024-06-04 15:46:02,-1.0,9.87,HIGH,Account Ban / Suspension,True
RGT-002909,CUST-023FE7E6,Matchmaking is putting me against players 3 tiers above me. This has been happening all week.,Wild Rift,2023-12-17 17:29:59,34.0,9.54,MEDIUM,Ranked & Matchmaking,True
RGT-002054,CUST-5A03D5C8,I got permabanned for 'toxic behaviour' but all I did was mute my teammates. This seems unfair.,Legends of Runeterra,2023-06-15 07:58:17,1.0,19.21,MEDIUM,Account Ban / Suspension,True
RGT-002473,CUST-023FE7E6,I bought a new phone and now I cannot receive my 2FA SMS. Please help me recover access.,Wild Rift,2023-11-23 13:56:21,23.0,16.37,MEDIUM,Login / 2FA Issue,True
RGT-000462,CUST-5F210E14,The client update bricked my installation. Now I get error code 0xC4B9 on startup.,Valorant,2023-04-01 02:50:41,7.0,128.15,MEDIUM,Client Bug / Crash,True
RGT-000912,CUST-544343F1,Account banned with no explanation. I spent over $500 on this account. Please look into this immediately.,League of Legends,2023-02-19 14:46:13,0.0,62.8,MEDIUM,Account Ban / Suspension,True
RGT-002773,CUST-088F80DF,"My smurf account was banned, now my main account is also restricted. I do not understand what happened.",Legends of Runeterra,2023-10-27 23:11:50,6.0,10.77,LOW,Account Ban / Suspension,True
RGT-000158,CUST-C715E320,I was gifted a skin I already owned. The duplicate was auto-converted to orange essence. I want a refund.,Legends of Runeterra,2023-05-10 20:58:18,1.0,41.07,LOW,Refund Request,True
RGT-000931,CUST-522A7E0A,Constant 'Connection Error' messages in client even though my internet is working perfectly.,Valorant,2023-11-12 10:37:23,5.0,8.66,MEDIUM,Client Bug / Crash,True
RGT-002139,CUST-9C359572,I bought a new phone and now I cannot receive my 2FA SMS. Please help me recover access.,Wild Rift,2023-03-14 23:51:20,3.0,,HIGH,Login / 2FA Issue,False
RGT-002165,CUST-61ADFAC6,I bought 3250 RP but it never showed up in my account. I was charged on my card though.,Teamfight Tactics,2023-02-16 16:44:37,17.0,117.45,LOW,Missing RP / Purchase Issue,True
RGT-000678,CUST-B24928A2,Ranked queue dodging penalty applied even though I did not dodge. I was in loading screen.,Wild Rift,2024-02-08 08:37:10,1.0,31.27,MEDIUM,Ranked & Matchmaking,True
RGT-002828,CUST-18077E6C,Cheater ruined 3 games in a row. Your reporting system seems broken. They are still not banned.,Teamfight Tactics,2023-04-14 23:56:49,5.0,98.23,MEDIUM,Cheat / Hacker Report,True
RGT-001256,CUST-68A03D3C,Locked out of my account after too many failed login attempts. I was trying to recover access legitimately.,Teamfight Tactics,2023-06-21 23:19:08,1.0,26.44,LOW,Login / 2FA Issue,True
RGT-000239,CUST-1767AA4A,"Purchased RP via prepaid card, entered the code but nothing was credited. Code: RITO-C92ED0.",League of Legends,2023-03-20 16:11:28,5.0,,HIGH,Missing RP / Purchase Issue,False
RGT-001053,CUST-D3A134F8,My account RiotUser#76505 was permanently banned but I never cheated. Please review the ban.,League of Legends,2023-12-18 22:32:38,0.0,115.56,MEDIUM,Account Ban / Suspension,True
RGT-001533,CUST-A897F389,"After the latest patch, my client freezes on the loading screen. I cannot get into any game.",League of Legends,2023-02-01 17:51:13,2.0,18.57,LOW,Client Bug / Crash,True
RGT-000244,CUST-F239E82D,"After updating, all my settings were reset. Also my custom game configurations are gone.",Teamfight Tactics,2024-03-09 16:17:27,0.0,53.43,MEDIUM,Client Bug / Crash,True
RGT-000101,CUST-46C64CC1,I used 'Login with Google' but Google account is now deleted. How do I recover my Riot account?,League of Legends,2023-07-07 06:54:46,0.0,31.69,MEDIUM,Login / 2FA Issue,True
RGT-000316,CUST-B8FC2778,Constant 'Connection Error' messages in client even though my internet is working perfectly.,Teamfight Tactics,2023-03-25 03:39:10,0.0,15.94,MEDIUM,Client Bug / Crash,True
RGT-002410,CUST-BC3F6430,Requesting a refund on a bundle because it was not clearly labelled that it included champions I already own.,Valorant,2023-11-11 18:57:38,4.0,,MEDIUM,Refund Request,False
RGT-002514,CUST-8F2E22DF,Bought the wrong skin. I meant to buy the Prestige version but bought the regular one. Can you swap it?,Legends of Runeterra,2024-03-11 03:59:27,6.0,,HIGH,Refund Request,False
RGT-001042,CUST-2C0D1061,Lost 40 LP for a game I disconnected from due to power outage. Can this be reversed?,Legends of Runeterra,2024-05-15 05:33:23,1.0,28.09,LOW,Ranked & Matchmaking,True
RGT-001065,CUST-F262F08C,The shop tab in the client is blank. I cannot browse or purchase anything. Tried clearing cache.,Legends of Runeterra,2023-01-18 15:48:44,0.0,12.15,MEDIUM,Client Bug / Crash,True
RGT-000262,CUST-E365E0A1,I received a 14-day suspension for allegedly using scripts. I have never used any third-party software. Please investigate.,Legends of Runeterra,2023-02-26 00:25:24,2.0,98.92,LOW,Account Ban / Suspension,True
RGT-001656,CUST-7B66B5CA,Matchmaking is putting me against players 3 tiers above me. This has been happening all week.,Wild Rift,2024-04-18 17:37:08,0.0,,MEDIUM,Ranked & Matchmaking,False
RGT-002967,CUST-57FBCB14,I received a 25-game chat restriction for a single game where I was defending myself. This is disproportionate.,Valorant,2024-04-04 01:14:32,26.0,39.04,LOW,Chat Restriction Appeal,True
RGT-000196,CUST-7709DC90,Locked out of my account after too many failed login attempts. I was trying to recover access legitimately.,Wild Rift,2023-03-26 15:24:03,1.0,12.16,LOW,Login / 2FA Issue,True
RGT-001942,CUST-2AE5E127,Packet loss of around 15 percent during peak hours. Unplayable. Other games are fine.,Valorant,2023-07-31 01:09:49,21.0,4.59,HIGH,Server Latency / Lag,True
RGT-001079,CUST-B98ACCE8,I received a 14-day suspension for allegedly using scripts. I have never used any third-party software. Please investigate.,Teamfight Tactics,2024-03-22 07:11:13,1.0,59.25,MEDIUM,Account Ban / Suspension,True
RGT-001848,CUST-4B0F6900,I got permabanned for 'toxic behaviour' but all I did was mute my teammates. This seems unfair.,Wild Rift,2023-09-22 21:08:21,5.0,41.44,LOW,Account Ban / Suspension,True
RGT-000180,CUST-CC7B8839,I received a 14-day suspension for allegedly using scripts. I have never used any third-party software. Please investigate.,Valorant,2024-06-12 03:47:48,1.0,14.13,MEDIUM,Account Ban / Suspension,True
RGT-001413,CUST-B701CA66,Blatant cheater in Diamond ranked. Please investigate account RiotUser#44093. They were toggling aimbot openly.,League of Legends,2024-06-26 20:04:57,4.0,66.63,LOW,Cheat / Hacker Report,True
RGT-000843,CUST-12B61267,The Arcane Vi skin causes my game to crash during the level-up animation. Reproducible every time.,League of Legends,2023-03-06 12:58:21,0.0,,MEDIUM,Champion / Skin Bug,False
RGT-002390,CUST-A326E34B,My Riot Points are missing after I topped up. I have the bank receipt. Please refund or credit my account.,Legends of Runeterra,2023-09-27 08:53:00,5.0,3.37,MEDIUM,Missing RP / Purchase Issue,True
RGT-001511,CUST-D2571737,My chat restriction ended but I am still unable to type in-game. There seems to be a bug.,Legends of Runeterra,2023-07-10 23:04:02,0.0,5.76,MEDIUM,Chat Restriction Appeal,True
RGT-001996,CUST-731C8BAA,2FA is sending codes but they expire before I can enter them. Clock sync on my phone is correct.,League of Legends,2023-04-15 06:42:27,3.0,,HIGH,Login / 2FA Issue,False
RGT-000341,CUST-8840EC6E,The Lunar New Year bundle charged me but only delivered half the content. Missing the ward skin and icon.,League of Legends,2023-02-12 08:49:24,1.0,84.31,LOW,Missing RP / Purchase Issue,True
RGT-001135,CUST-E7D3B17F,My League account got banned out of nowhere. I was just playing ranked and then I got logged out. Can you explain why?,Legends of Runeterra,2023-04-02 14:04:33,4.0,,MEDIUM,Account Ban / Suspension,False
RGT-002365,CUST-C7797CA4,I want to appeal my chat restriction. The logs being cited were from a conversation I did not start.,Legends of Runeterra,2023-02-06 13:04:30,0.0,136.64,LOW,Chat Restriction Appeal,True
RGT-000749,CUST-AD716FA9,Constant 'Connection Error' messages in client even though my internet is working perfectly.,Valorant,2024-06-09 14:17:18,3.0,7.59,MEDIUM,Client Bug / Crash,True
RGT-002937,CUST-6D47A2C7,Account banned with no explanation. I spent over $500 on this account. Please look into this immediately.,Legends of Runeterra,2023-09-02 21:01:14,0.0,35.15,MEDIUM,Account Ban / Suspension,True
RGT-000663,CUST-8071B213,"My smurf account was banned, now my main account is also restricted. I do not understand what happened.",Legends of Runeterra,2023-08-09 20:57:47,0.0,3.37,MEDIUM,Account Ban / Suspension,True
RGT-000481,CUST-3B5E48DD,I received a 14-day suspension for allegedly using scripts. I have never used any third-party software. Please investigate.,Legends of Runeterra,2023-07-20 06:09:10,0.0,364.42,LOW,Account Ban / Suspension,True
RGT-000804,CUST-089FF8E0,"My MMR seems stuck. I win 8 games in a row and gain 18 LP, then lose once and drop 25 LP.",League of Legends,2024-02-10 21:10:53,0.0,,MEDIUM,Ranked & Matchmaking,False
RGT-002205,CUST-09022E87,Account banned with no explanation. I spent over $500 on this account. Please look into this immediately.,Valorant,2024-01-03 10:51:24,5.0,122.55,LOW,Account Ban / Suspension,True
RGT-000999,CUST-492466D9,Requesting a refund on a bundle because it was not clearly labelled that it included champions I already own.,Valorant,2023-04-15 03:25:30,1.0,7.41,HIGH,Refund Request,True
RGT-001432,CUST-AB8C24EE,"After the latest patch, my client freezes on the loading screen. I cannot get into any game.",Valorant,2024-03-21 08:54:26,3.0,4.62,MEDIUM,Client Bug / Crash,True
RGT-002510,CUST-7BA13141,I would like a refund for the champion I purchased yesterday. I have not played them yet.,Legends of Runeterra,2023-11-30 11:00:15,1.0,23.53,MEDIUM,Refund Request,True
RGT-000550,CUST-9BFC5E9A,Permanent ban issued on my account. I have 3000 hours on this game and have never violated ToS. Please help.,Legends of Runeterra,2023-04-07 08:34:28,0.0,1.48,HIGH,Account Ban / Suspension,True
RGT-001211,CUST-5B4081EE,My Riot Points are missing after I topped up. I have the bank receipt. Please refund or credit my account.,Teamfight Tactics,2023-01-29 01:14:42,11.0,24.13,MEDIUM,Missing RP / Purchase Issue,True
RGT-000784,CUST-B49CB959,I used 'Login with Google' but Google account is now deleted. How do I recover my Riot account?,League of Legends,2023-11-06 15:45:33,2.0,57.72,MEDIUM,Login / 2FA Issue,True
RGT-002792,CUST-53D13EEB,I was charged twice for the same RP bundle. I see two transactions on my statement for $25.00.,Legends of Runeterra,2023-08-02 18:42:48,6.0,4.14,LOW,Missing RP / Purchase Issue,True
RGT-002008,CUST-138F8363,Getting a black screen on launch. The process shows in Task Manager but nothing displays.,Valorant,2023-07-08 09:15:10,3.0,5.94,LOW,Client Bug / Crash,True
RGT-000743,CUST-37F85925,This player in my last game was clearly using an aimbot. Every bullet was a headshot through smoke.,Legends of Runeterra,2023-08-01 20:39:26,0.0,2.46,HIGH,Cheat / Hacker Report,True
RGT-002489,CUST-2CA48875,There is a blatant scripter in my ranked game. They had 0ms reaction time and perfect skill shots all game.,Wild Rift,2023-03-22 16:54:30,3.0,2.34,HIGH,Cheat / Hacker Report,True
RGT-002734,CUST-4FF8A434,Reporting a player for using wallhacks in Valorant. Their username is Player9385. Please review game ID NA1_8120738425.,League of Legends,2024-02-01 00:15:08,1.0,6.97,MEDIUM,Cheat / Hacker Report,True
RGT-002911,CUST-95266502,I lost LP for a loss that was not my fault. My teammates went AFK in the first 5 minutes.,Legends of Runeterra,2024-05-11 15:44:32,2.0,1.43,LOW,Ranked & Matchmaking,True
RGT-001643,CUST-ABA4C4B7,I would like a refund for the champion I purchased yesterday. I have not played them yet.,Teamfight Tactics,2024-02-17 03:01:56,23.0,90.48,LOW,Refund Request,True
RGT-002034,CUST-E0EBF5E1,I purchased an emote for a character I no longer play. Refund would be appreciated.,League of Legends,2023-01-18 19:22:34,23.0,,HIGH,Refund Request,False
RGT-001240,CUST-C0D9D54D,My League account got banned out of nowhere. I was just playing ranked and then I got logged out. Can you explain why?,Valorant,2023-04-30 14:11:02,0.0,,MEDIUM,Account Ban / Suspension,False
RGT-002209,CUST-D3A134F8,I got permabanned for 'toxic behaviour' but all I did was mute my teammates. This seems unfair.,Teamfight Tactics,2023-12-26 04:10:22,1.0,0.78,LOW,Account Ban / Suspension,True
RGT-002968,CUST-3928726A,The client update bricked my installation. Now I get error code 0x302E on startup.,Teamfight Tactics,2023-05-24 20:04:53,2.0,19.03,MEDIUM,Client Bug / Crash,True
RGT-000248,CUST-0AC56119,Blatant cheater in Diamond ranked. Please investigate account RiotUser#69314. They were toggling aimbot openly.,Legends of Runeterra,2023-08-15 18:58:05,0.0,19.04,MEDIUM,Cheat / Hacker Report,True
RGT-000872,CUST-1767AA4A,I got permabanned for 'toxic behaviour' but all I did was mute my teammates. This seems unfair.,Valorant,2023-04-03 17:47:25,14.0,,MEDIUM,Account Ban / Suspension,False
RGT-000953,CUST-8F005973,Got a chat ban that escalated to a full account suspension. The context was taken out of context. I want to appeal.,Wild Rift,2023/99/01 00:00,2.0,3.85,HIGH,Account Ban / Suspension,True
RGT-002263,CUST-C91C1ECE,Permanent ban issued on my account. I have 3000 hours on this game and have never violated ToS. Please help.,Wild Rift,2024-03-17 01:54:05,26.0,22.39,MEDIUM,Account Ban / Suspension,True
RGT-002804,CUST-163CCE58,This player admitted to using scripts in chat. I have a screenshot. How do I submit it?,Legends of Runeterra,2023-05-20 00:32:23,1.0,36.21,LOW,Cheat / Hacker Report,True
RGT-000627,CUST-01E0218A,I got permabanned for 'toxic behaviour' but all I did was mute my teammates. This seems unfair.,Valorant,2024-05-14 00:12:57,6.0,0.13,HIGH,Account Ban / Suspension,True
RGT-000348,CUST-FEF6885B,Duo partner and I are being put into the wrong queue tier. We are Diamond 2 and 3 but matched in Plat.,Legends of Runeterra,2023-11-28 21:53:37,0.0,44.48,MEDIUM,Ranked & Matchmaking,True
RGT-000279,CUST-C4731564,Cheater ruined 3 games in a row. Your reporting system seems broken. They are still not banned.,Wild Rift,2024-01-10 13:37:21,5.0,,LOW,Cheat / Hacker Report,False
RGT-DUPE-0049,CUST-0BDF6CA8,I received a 14-day suspension for allegedly using scripts. I have never used any third-party software. Please investigate.,Wild Rift,2023-06-17 09:04:21,5.0,,HIGH,Account Ban / Suspension,False
RGT-002690,CUST-3D51023D,"After the latest patch, my client freezes on the loading screen. I cannot get into any game.",Wild Rift,2023-02-08 01:52:14,32.0,0.05,HIGH,Client Bug / Crash,True
RGT-000656,CUST-77E302EC,Getting a black screen on launch. The process shows in Task Manager but nothing displays.,Legends of Runeterra,2023-06-20 16:38:38,1.0,2.09,MEDIUM,Client Bug / Crash,True
RGT-001299,CUST-1D9D8E56,Player using Elo-boosting service. They were clearly being played by someone else based on behaviour change.,Valorant,2023-10-14 07:56:14,3.0,85.72,LOW,Cheat / Hacker Report,True
RGT-000963,CUST-4FC4738B,My League account got banned out of nowhere. I was just playing ranked and then I got logged out. Can you explain why?,Teamfight Tactics,2023-01-07 19:02:47,17.0,28.35,LOW,Account Ban / Suspension,True
RGT-002707,CUST-7CDF7E83,I was banned for account sharing. I let my brother play once. Is there a way to appeal this decision?,Wild Rift,2024-01-30 04:40:07,5.0,,MEDIUM,Account Ban / Suspension,False
RGT-002668,CUST-4FC4738B,I completed my placement matches but my rank is much lower than last season. Is this expected?,Teamfight Tactics,2023-03-13 09:40:47,38.0,,MEDIUM,Ranked & Matchmaking,False
RGT-001092,CUST-07D61658,Audio cuts out completely mid-game after around 20 minutes of play. Rolling back drivers did not fix it.,Legends of Runeterra,2024-06-22 09:48:58,0.0,13.41,MEDIUM,Client Bug / Crash,True
RGT-001821,CUST-80CA3A15,Matchmaking is putting me against players 3 tiers above me. This has been happening all week.,Teamfight Tactics,2023-04-09 01:34:42,1.0,80.31,LOW,Ranked & Matchmaking,True
RGT-000633,CUST-4B079F84,"Hello, my account was flagged and restricted. I believe this is a false positive from your anti-cheat. I need an appeal.",League of Legends,2023-08-14 21:40:48,2.0,,MEDIUM,Account Ban / Suspension,False
RGT-001179,CUST-57FBCB14,I received a 25-game chat restriction for a single game where I was defending myself. This is disproportionate.,Legends of Runeterra,2023-08-17 02:00:15,9.0,11.2,MEDIUM,Chat Restriction Appeal,True
RGT-000446,CUST-A8CD9E15,Matchmaking is putting me against players 3 tiers above me. This has been happening all week.,League of Legends,2024-06-05 16:52:29,0.0,,LOW,Ranked & Matchmaking,False
RGT-000618,CUST-E5A3E89B,FPS dropping from 200 to single digits every few minutes since patch 13.1. My hardware is fine.,League of Legends,2023-06-26 01:31:51,1.0,2.23,HIGH,Client Bug / Crash,True
RGT-001916,CUST-5A96127B,I was charged twice for the same RP bundle. I see two transactions on my statement for $20.00.,Wild Rift,2023-03-26 14:00:19,2.0,47.09,LOW,Missing RP / Purchase Issue,True
RGT-002923,CUST-2AE5E127,The shop tab in the client is blank. I cannot browse or purchase anything. Tried clearing cache.,Legends of Runeterra,2024-05-02 17:19:49,33.0,4.57,MEDIUM,Client Bug / Crash,True
RGT-002793,CUST-FEF6885B,"Hello, my account was flagged and restricted. I believe this is a false positive from your anti-cheat. I need an appeal.",Wild Rift,2024-05-24 09:24:39,2.0,,LOW,Account Ban / Suspension,False
RGT-001208,CUST-1C74A8CE,Reporting a player for using wallhacks in Valorant. Their username is Player8598. Please review game ID NA1_3020546666.,Teamfight Tactics,2024-03-07 20:49:58,1.0,17.45,MEDIUM,Cheat / Hacker Report,True
RGT-002015,CUST-C9A78D21,I used 'Login with Google' but Google account is now deleted. How do I recover my Riot account?,Legends of Runeterra,2024-02-22 10:33:08,4.0,46.15,MEDIUM,Login / 2FA Issue,True
RGT-000845,CUST-AD0EDBC6,Chat restriction applied to my account but I have honour level 5. Seems like an error in your system.,League of Legends,2024-05-17 14:36:12,2.0,,MEDIUM,Chat Restriction Appeal,False
RGT-002632,CUST-1767AA4A,I purchased the Battle Pass but didn't receive the rewards. Transaction ID: TXN-0D66F1A4.,Teamfight Tactics,2023-10-23 04:45:22,34.0,31.37,LOW,Missing RP / Purchase Issue,True
RGT-000548,CUST-3E0E8F3E,"Bought a bundle in the store, got charged but the content never appeared in my collection.",League of Legends,2023-08-23 05:00:20,1.0,35.02,MEDIUM,Missing RP / Purchase Issue,True
RGT-001890,CUST-CDB94453,I would like a refund for the champion I purchased yesterday. I have not played them yet.,Wild Rift,2023-09-20 05:48:36,23.0,34.54,MEDIUM,Refund Request,True
RGT-000943,CUST-116302BD,I received a 14-day suspension for allegedly using scripts. I have never used any third-party software. Please investigate.,Legends of Runeterra,2023-05-08 22:50:25,2.0,,MEDIUM,Account Ban / Suspension,False
RGT-001012,CUST-11805665,Client keeps logging me out randomly. I have to re-enter my password multiple times per session.,Teamfight Tactics,2023-07-02 01:55:24,3.0,,MEDIUM,Client Bug / Crash,False
RGT-000264,CUST-0298C4C2,My clash tournament registration was cancelled without notification. Please refund the ticket fee.,Legends of Runeterra,2023-03-09 04:34:27,1.0,7.93,MEDIUM,Ranked & Matchmaking,True
RGT-001394,CUST-4823FCFD,I got permabanned for 'toxic behaviour' but all I did was mute my teammates. This seems unfair.,Valorant,2023-03-25 05:10:37,1.0,32.2,MEDIUM,Account Ban / Suspension,True
RGT-002426,CUST-0C1E8B1D,I was charged twice for the same RP bundle. I see two transactions on my statement for $35.00.,Teamfight Tactics,2023-07-25 10:01:58,7.0,54.47,LOW,Missing RP / Purchase Issue,True
RGT-001934,CUST-3D51023D,I purchased the Battle Pass but didn't receive the rewards. Transaction ID: TXN-DBF81A1B.,Valorant,2024-01-31 03:13:37,19.0,8.46,MEDIUM,Missing RP / Purchase Issue,True
RGT-000354,CUST-FCC1534C,Getting a black screen on launch. The process shows in Task Manager but nothing displays.,Teamfight Tactics,2024-04-15 10:51:46,0.0,11.85,MEDIUM,Client Bug / Crash,True
RGT-002924,CUST-17C181B6,I called out a griefer and got chat banned while they did not. The system feels inconsistent.,Wild Rift,2024-02-07 22:38:35,6.0,37.17,LOW,Chat Restriction Appeal,True
RGT-000209,CUST-C7E0960A,Kindred's Q ability is not applying on-hit effects correctly with the Spirit Blossom skin equipped.,League of Legends,2023-07-19 08:27:02,1.0,,HIGH,Champion / Skin Bug,False
RGT-000614,CUST-D28814EF,The Lunar New Year bundle charged me but only delivered half the content. Missing the ward skin and icon.,Wild Rift,2024-03-18 11:11:40,0.0,16.18,MEDIUM,Missing RP / Purchase Issue,True
RGT-001711,CUST-F18BE5FC,Transaction stuck as 'pending' for 48 hours. My bank confirmed the charge went through. Please help.,League of Legends,2023-10-16 09:48:07,5.0,2.03,MEDIUM,Missing RP / Purchase Issue,True
RGT-001781,CUST-9F16D7C7,Someone is ddosing our team. Two of my teammates disconnected within seconds of each other.,Legends of Runeterra,2023-09-29 13:54:50,2.0,6.66,LOW,Cheat / Hacker Report,True
RGT-001845,CUST-7E97667B,,Legends of Runeterra,2023-12-11 21:29:29,4.0,,MEDIUM,Ranked & Matchmaking,False
RGT-001573,CUST-85BFB1BD,Account banned with no explanation. I spent over $500 on this account. Please look into this immediately.,Teamfight Tactics,2024-05-23 18:21:55,1.0,2.01,LOW,Account Ban / Suspension,True
RGT-002703,CUST-8071B213,Ranked queue dodging penalty applied even though I did not dodge. I was in loading screen.,Legends of Runeterra,2023-12-12 21:36:17,3.0,15.58,MEDIUM,Ranked & Matchmaking,True
RGT-002114,CUST-B2AAEFD4,Locked out of my account after too many failed login attempts. I was trying to recover access legitimately.,League of Legends,Jan 2023,3.0,,MEDIUM,Login / 2FA Issue,True
RGT-002308,CUST-F7406204,Constant 'Connection Error' messages in client even though my internet is working perfectly.,Wild Rift,2024-04-25 11:46:55,5.0,42.36,MEDIUM,Client Bug / Crash,True
RGT-000058,CUST-EBEF744C,My Riot Points are missing after I topped up. I have the bank receipt. Please refund or credit my account.,Wild Rift,2023-03-19 10:45:38,0.0,17.91,MEDIUM,Missing RP / Purchase Issue,True
RGT-002313,CUST-CCC68570,I got permabanned for 'toxic behaviour' but all I did was mute my teammates. This seems unfair.,League of Legends,2023-07-11 17:34:34,3.0,,MEDIUM,Account Ban / Suspension,False
RGT-000812,CUST-87EA02C9,Locked out of my account after too many failed login attempts. I was trying to recover access legitimately.,Wild Rift,2023-03-24 23:32:27,2.0,0.31,HIGH,Login / 2FA Issue,True
RGT-002261,CUST-5865892D,Kindred's Q ability is not applying on-hit effects correctly with the Spirit Blossom skin equipped.,Wild Rift,2023-01-15 12:49:31,5.0,1.12,HIGH,Champion / Skin Bug,True
RGT-000562,CUST-4B079F84,Getting error UX-1 when attempting to sign in. This started after your maintenance window yesterday.,League of Legends,2023-05-25 18:44:54,0.0,4.87,HIGH,Login / 2FA Issue,True
RGT-002113,CUST-ED32F265,Duo partner and I are being put into the wrong queue tier. We are Diamond 2 and 3 but matched in Plat.,League of Legends,2023-06-07 17:40:05,3.0,,HIGH,Ranked & Matchmaking,False
RGT-000230,CUST-C715E320,Lost 40 LP for a game I disconnected from due to power outage. Can this be reversed?,Teamfight Tactics,2023-08-17 09:30:36,2.0,,HIGH,Ranked & Matchmaking,True
RGT-002587,CUST-8B088BAB,"After updating, all my settings were reset. Also my custom game configurations are gone.",Teamfight Tactics,2023-12-05 12:35:33,9.0,32.68,LOW,Client Bug / Crash,True
RGT-001834,CUST-4FC4738B,Transaction stuck as 'pending' for 48 hours. My bank confirmed the charge went through. Please help.,Teamfight Tactics,2023-09-11 10:08:24,,137.21,LOW,Missing RP / Purchase Issue,True
RGT-001081,CUST-0DC35EE0,RP purchase failed but the money was deducted from my account. This is the second time this has happened.,League of Legends,2024-06-06 17:50:20,,3.2,MEDIUM,Missing RP / Purchase Issue,True
RGT-000539,CUST-5B4081EE,Account logged in on an unrecognised device. I changed password but 2FA was not set up. How do I add it now?,Valorant,2024-05-16 23:53:20,3.0,51.09,MEDIUM,Login / 2FA Issue,True
RGT-001321,CUST-5F2DF238,I purchased the Battle Pass but didn't receive the rewards. Transaction ID: TXN-0F04B47E.,Valorant,2023-06-25 20:53:24,1.0,15.82,MEDIUM,Missing RP / Purchase Issue,True
RGT-001675,CUST-FA9DBD80,The shop tab in the client is blank. I cannot browse or purchase anything. Tried clearing cache.,Teamfight Tactics,2023-08-19 05:01:55,14.0,0.1,HIGH,Client Bug / Crash,True
RGT-002882,CUST-61ADFAC6,Player using Elo-boosting service. They were clearly being played by someone else based on behaviour change.,League of Legends,2023-04-03 16:16:52,23.0,6.53,HIGH,Cheat / Hacker Report,True
RGT-001111,CUST-1B562D78,I was in promo series but the server crashed mid-game. The loss was counted against me.,Wild Rift,2024-02-16 00:10:05,1.0,5.71,HIGH,Ranked & Matchmaking,True
RGT-001843,CUST-D5B00482,"Bought a bundle in the store, got charged but the content never appeared in my collection.",Teamfight Tactics,2023-10-23 07:55:06,1.0,18.04,MEDIUM,Missing RP / Purchase Issue,True
RGT-001129,CUST-1767AA4A,Client keeps logging me out randomly. I have to re-enter my password multiple times per session.,Valorant,2023-12-13 11:18:35,16.0,39.48,MEDIUM,Client Bug / Crash,True
RGT-000708,CUST-4B0F6900,I purchased the Battle Pass but didn't receive the rewards. Transaction ID: TXN-3AA0C1B0.,Legends of Runeterra,2023-12-11 12:13:08,1.0,29.97,MEDIUM,Missing RP / Purchase Issue,True
RGT-000425,CUST-638C5485,I cannot log into my account. I reset my password but the 2FA code is going to an old email I lost access to.,Wild Rift,2023-02-21 10:56:25,1.0,1.44,HIGH,Login / 2FA Issue,True
RGT-000070,CUST-383F15F2,Blatant cheater in Diamond ranked. Please investigate account RiotUser#38477. They were toggling aimbot openly.,Teamfight Tactics,2024-06-16 14:00:23,0.0,10.99,MEDIUM,Cheat / Hacker Report,True
RGT-002818,CUST-B98ACCE8,3rd chat restriction this year for increasingly minor things. I feel I am being targeted unfairly.,League of Legends,2023-06-17 20:02:20,4.0,11.65,MEDIUM,Chat Restriction Appeal,True
RGT-002060,CUST-B24928A2,"Purchased RP via prepaid card, entered the code but nothing was credited. Code: RITO-7C5CF3.",League of Legends,2023-08-23 13:11:48,4.0,,LOW,Missing RP / Purchase Issue,False
RGT-000648,CUST-BA5D4F41,"My smurf account was banned, now my main account is also restricted. I do not understand what happened.",Wild Rift,2023-11-19 02:52:34,1.0,80.55,LOW,Account Ban / Suspension,True
RGT-002976,CUST-2AE5E127,Transaction stuck as 'pending' for 48 hours. My bank confirmed the charge went through. Please help.,Teamfight Tactics,2023-08-20 13:18:18,35.0,8.8,LOW,Missing RP / Purchase Issue,True
RGT-002052,CUST-9F16D7C7,Getting a black screen on launch. The process shows in Task Manager but nothing displays.,League of Legends,2023-04-18 08:00:51,3.0,129.86,LOW,Client Bug / Crash,True
RGT-002383,CUST-BFE29D5D,Duo partner and I are being put into the wrong queue tier. We are Diamond 2 and 3 but matched in Plat.,Teamfight Tactics,2023-10-01 03:06:50,2.0,,MEDIUM,Ranked & Matchmaking,False
RGT-001744,CUST-285CB8C0,Jinx's passive is not triggering correctly after the latest patch. The movement speed buff is inconsistent.,Valorant,2024-02-11 06:03:16,1.0,5.4,MEDIUM,Champion / Skin Bug,True
RGT-002684,CUST-01E0218A,My account RiotUser#47590 was permanently banned but I never cheated. Please review the ban.,Valorant,2023-10-31 19:38:05,38.0,,MEDIUM,Account Ban / Suspension,False
RGT-001454,CUST-C46ABFD8,The Dragon Trainer Tristana skin has a missing particle effect on her W ability.,Valorant,2023-01-24 11:05:59,0.0,16.63,LOW,Champion / Skin Bug,True
RGT-002520,CUST-FE81BAEC,I lost LP for a loss that was not my fault. My teammates went AFK in the first 5 minutes.,Wild Rift,2023-09-09 12:18:13,3.0,,LOW,Ranked & Matchmaking,False
RGT-000621,CUST-1767AA4A,I was in promo series but the server crashed mid-game. The loss was counted against me.,League of Legends,2023-03-29 21:31:49,13.0,62.09,LOW,Ranked & Matchmaking,True
RGT-002683,CUST-C4731564,Lost 40 LP for a game I disconnected from due to power outage. Can this be reversed?,Teamfight Tactics,2024-03-20 11:15:39,31.0,71.79,LOW,Ranked & Matchmaking,True
RGT-001408,CUST-E365E0A1,I was banned for account sharing. I let my brother play once. Is there a way to appeal this decision?,Wild Rift,2023-02-14 10:24:00,16.0,,HIGH,Account Ban / Suspension,False
RGT-001978,CUST-C14D0497,I bought 3250 RP but it never showed up in my account. I was charged on my card though.,Teamfight Tactics,2023-05-01 21:10:52,2.0,85.44,LOW,Missing RP / Purchase Issue,True
RGT-001106,CUST-5A8BFDA6,I was banned for account sharing. I let my brother play once. Is there a way to appeal this decision?,Legends of Runeterra,2023-10-17 02:10:41,0.0,4.4,HIGH,Account Ban / Suspension,True
RGT-001619,CUST-B29C26D5,My League account got banned out of nowhere. I was just playing ranked and then I got logged out. Can you explain why?,Wild Rift,2024-04-14 05:40:49,3.0,5.65,MEDIUM,Account Ban / Suspension,True
RGT-001581,CUST-1767AA4A,Permanent ban issued on my account. I have 3000 hours on this game and have never violated ToS. Please help.,Wild Rift,2023-11-30 08:13:56,25.0,,MEDIUM,Account Ban / Suspension,False
RGT-002322,CUST-45A6FD8E,This player admitted to using scripts in chat. I have a screenshot. How do I submit it?,Valorant,2024-05-02 14:25:52,0.0,0.26,HIGH,Cheat / Hacker Report,True
RGT-002747,CUST-1FBB9723,Packet loss of around 15 percent during peak hours. Unplayable. Other games are fine.,Valorant,2023-11-18 15:10:26,1.0,,LOW,Server Latency / Lag,False
RGT-002321,CUST-3631F5AD,I purchased the Battle Pass but didn't receive the rewards. Transaction ID: TXN-F4ACDC8F.,Wild Rift,2023-09-10 11:04:52,4.0,7.06,MEDIUM,Missing RP / Purchase Issue,True
RGT-000280,CUST-C1D53100,Audio cuts out completely mid-game after around 20 minutes of play. Rolling back drivers did not fix it.,Wild Rift,2024-04-02 12:39:07,0.0,117.56,LOW,Client Bug / Crash,True
RGT-002251,CUST-AEE4B6C8,Client keeps logging me out randomly. I have to re-enter my password multiple times per session.,Legends of Runeterra,2023-01-31 20:39:02,3.0,23.07,LOW,Client Bug / Crash,True
RGT-002243,CUST-A897F389,Possible griefing bot detected on the enemy team. All five of them stood still in base.,Legends of Runeterra,2024-05-11 12:45:04,4.0,61.9,LOW,Cheat / Hacker Report,True
RGT-001607,CUST-8B088BAB,Login fails with 'incorrect password' even after a password reset. I have cleared cookies and cache.,Teamfight Tactics,2023-03-16 06:14:32,4.0,10.63,HIGH,Login / 2FA Issue,True
RGT-000167,CUST-3D51023D,I accidentally purchased the wrong champion. Can I get a refund? I only have one refund token left.,Valorant,2023-01-23 16:11:00,0.0,5.35,HIGH,Missing RP / Purchase Issue,True
RGT-001243,CUST-F84CD2F3,Transaction stuck as 'pending' for 48 hours. My bank confirmed the charge went through. Please help.,Teamfight Tactics,2023-11-08 16:38:12,3.0,25.97,MEDIUM,Missing RP / Purchase Issue,True
RGT-001757,CUST-8AC2E438,I keep getting matched against the same scripter. Already reported in-game but they are still playing.,Legends of Runeterra,2023-10-30 08:57:17,1.0,15.04,MEDIUM,Cheat / Hacker Report,True
RGT-000554,CUST-6AC348D2,I used 'Login with Google' but Google account is now deleted. How do I recover my Riot account?,Legends of Runeterra,2023-08-10 15:21:48,3.0,20.62,MEDIUM,Login / 2FA Issue,True
RGT-000835,CUST-00BEEC20,"Bought a bundle in the store, got charged but the content never appeared in my collection.",League of Legends,2023-05-22 20:08:29,2.0,12.16,MEDIUM,Missing RP / Purchase Issue,True
RGT-000658,CUST-163CCE58,My clash tournament registration was cancelled without notification. Please refund the ticket fee.,League of Legends,2024-04-08 04:23:34,0.0,98.98,LOW,Ranked & Matchmaking,True
RGT-000597,CUST-B701CA66,,Wild Rift,2023-04-07 04:35:39,1.0,175.9,LOW,Missing RP / Purchase Issue,True
RGT-002829,CUST-FFDBFF7C,Cheater ruined 3 games in a row. Your reporting system seems broken. They are still not banned.,League of Legends,2023-10-15 22:55:34,4.0,22.06,LOW,Cheat / Hacker Report,True
RGT-000803,CUST-E0EBF5E1,The new Ahri skin has a visual glitch where her tails disappear during her ultimate animation.,Legends of Runeterra,2024-05-20 11:55:32,7.0,,LOW,Champion / Skin Bug,False
RGT-002204,CUST-672227E5,Reporting a player for using wallhacks in Valorant. Their username is Player9561. Please review game ID NA1_6940246930.,Wild Rift,2023-07-07 03:13:21,3.0,,HIGH,Cheat / Hacker Report,False
RGT-ND-9015,CUST-8840EC6E,Login is failing even though I just reset my password.,League of Legends,2023-06-15 14:30:00,2.0,10.0,MEDIUM,Missing RP / Purchase Issue,True
RGT-001812,CUST-BC359A86,Getting error UX-1 when attempting to sign in. This started after your maintenance window yesterday.,League of Legends,2023-12-28 04:29:22,9.0,2.58,MEDIUM,Login / 2FA Issue,True
RGT-002803,CUST-3F523C06,Account banned with no explanation. I spent over $500 on this account. Please look into this immediately.,League of Legends,2024-06-27 20:14:24,7.0,0.01,HIGH,Account Ban / Suspension,True
RGT-000441,CUST-D6E35D8E,Account logged in on an unrecognised device. I changed password but 2FA was not set up. How do I add it now?,League of Legends,2023-06-12 21:49:16,0.0,10.24,MEDIUM,Login / 2FA Issue,True
RGT-000509,CUST-77E302EC,Blatant cheater in Diamond ranked. Please investigate account RiotUser#35101. They were toggling aimbot openly.,League of Legends,2023-08-07 01:40:40,0.0,16.29,MEDIUM,Cheat / Hacker Report,True
RGT-000077,CUST-0911EC11,Duo partner and I are being put into the wrong queue tier. We are Diamond 2 and 3 but matched in Plat.,Valorant,2024-03-08 03:30:08,0.0,1.48,MEDIUM,Ranked & Matchmaking,True
RGT-002987,CUST-F8165A13,My account RiotUser#98993 was permanently banned but I never cheated. Please review the ban.,Legends of Runeterra,2024-04-06 15:31:54,4.0,8.84,MEDIUM,Account Ban / Suspension,True
RGT-001949,CUST-87433FD6,I keep getting matched against the same scripter. Already reported in-game but they are still playing.,Teamfight Tactics,2023-05-04 14:54:29,0.0,40.77,MEDIUM,Cheat / Hacker Report,True
RGT-000650,CUST-B29C26D5,"My smurf account was banned, now my main account is also restricted. I do not understand what happened.",Wild Rift,2023-04-09 02:58:01,1.0,50.52,LOW,Account Ban / Suspension,True
RGT-000523,CUST-E365E0A1,Account banned with no explanation. I spent over $500 on this account. Please look into this immediately.,Legends of Runeterra,2023-05-16 08:53:56,7.0,,MEDIUM,Account Ban / Suspension,False
RGT-001587,CUST-53D13EEB,,League of Legends,2023-05-12 21:27:19,4.0,10.34,MEDIUM,Client Bug / Crash,True
RGT-001118,CUST-FA9DBD80,"Bought a bundle in the store, got charged but the content never appeared in my collection.",League of Legends,2024-01-21 13:19:29,11.0,59.84,LOW,Missing RP / Purchase Issue,True
RGT-002384,CUST-14D5F5EB,I keep getting matched against the same scripter. Already reported in-game but they are still playing.,Legends of Runeterra,2024-05-08 00:02:14,3.0,8.48,MEDIUM,Cheat / Hacker Report,True
RGT-001594,CUST-4FC4738B,I got permabanned for 'toxic behaviour' but all I did was mute my teammates. This seems unfair.,League of Legends,2024-02-19 11:21:17,26.0,,MEDIUM,Account Ban / Suspension,False
RGT-000655,CUST-5865892D,Got a chat ban that escalated to a full account suspension. The context was taken out of context. I want to appeal.,Valorant,2024-02-10 06:05:52,1.0,5.41,HIGH,Account Ban / Suspension,True
RGT-001376,CUST-61ADFAC6,I accidentally purchased the wrong champion. Can I get a refund? I only have one refund token left.,League of Legends,2024-06-11 16:43:40,8.0,9.71,LOW,Missing RP / Purchase Issue,True
RGT-001645,CUST-5C8E2E99,RP purchase failed but the money was deducted from my account. This is the second time this has happened.,League of Legends,2023-09-06 07:59:24,14.0,10.42,MEDIUM,Missing RP / Purchase Issue,True
RGT-002132,CUST-9B770A9F,Permanent ban issued on my account. I have 3000 hours on this game and have never violated ToS. Please help.,Valorant,2024-03-07 13:04:43,4.0,112.41,LOW,Account Ban / Suspension,True
RGT-000977,CUST-CDD1BD58,,Valorant,2023-11-07 13:45:26,1.0,2.17,HIGH,Refund Request,True
RGT-001761,CUST-F262F08C,I received a 25-game chat restriction for a single game where I was defending myself. This is disproportionate.,League of Legends,2023-07-10 16:43:42,2.0,40.49,MEDIUM,Chat Restriction Appeal,True
RGT-000631,CUST-BC359A86,"Purchased RP via prepaid card, entered the code but nothing was credited. Code: RITO-136B05.",Legends of Runeterra,2023-08-08 08:21:29,3.0,12.75,HIGH,Missing RP / Purchase Issue,True
RGT-001341,CUST-1767AA4A,There is a blatant scripter in my ranked game. They had 0ms reaction time and perfect skill shots all game.,Legends of Runeterra,2024-02-22 14:17:26,22.0,33.14,MEDIUM,Cheat / Hacker Report,True
RGT-001610,CUST-2B9D18FF,I received a 25-game chat restriction for a single game where I was defending myself. This is disproportionate.,Wild Rift,not-a-date,2.0,61.13,LOW,Chat Restriction Appeal,True
RGT-002729,CUST-7204AB09,Getting a black screen on launch. The process shows in Task Manager but nothing displays.,Wild Rift,2023-02-08 14:12:10,6.0,135.33,LOW,Client Bug / Crash,True
RGT-000483,CUST-E365E0A1,,Valorant,2023-06-06 19:30:30,6.0,41.63,LOW,Refund Request,True
RGT-000561,CUST-244114D7,Bought the wrong skin. I meant to buy the Prestige version but bought the regular one. Can you swap it?,Wild Rift,2023-11-06 02:42:09,2.0,28.82,MEDIUM,Refund Request,True
RGT-001193,CUST-7709DC90,Matchmaking is putting me against players 3 tiers above me. This has been happening all week.,Valorant,2023-05-03 15:37:51,12.0,,HIGH,Ranked & Matchmaking,False
RGT-002643,CUST-2D9DCD5C,RP purchase failed but the money was deducted from my account. This is the second time this has happened.,League of Legends,2023-08-31 15:13:46,2.0,12.49,MEDIUM,Missing RP / Purchase Issue,True
RGT-002033,CUST-2AE1BE16,,Valorant,2023-01-09 19:29:22,3.0,7.81,HIGH,Ranked & Matchmaking,True
RGT-000439,CUST-5F210E14,I purchased an emote for a character I no longer play. Refund would be appreciated.,Wild Rift,2023-03-19 17:11:30,5.0,28.18,MEDIUM,Refund Request,True
RGT-002152,CUST-57FBCB14,Account banned with no explanation. I spent over $500 on this account. Please look into this immediately.,Teamfight Tactics,2023-12-18 01:03:49,17.0,,LOW,Account Ban / Suspension,False
RGT-001948,CUST-E0EBF5E1,3rd chat restriction this year for increasingly minor things. I feel I am being targeted unfairly.,Legends of Runeterra,2023-02-14 11:30:53,22.0,74.24,MEDIUM,Chat Restriction Appeal,True
RGT-002635,CUST-0C333566,My League account got banned out of nowhere. I was just playing ranked and then I got logged out. Can you explain why?,Wild Rift,2024-03-05 00:27:17,4.0,7.02,LOW,Account Ban / Suspension,True
RGT-000857,CUST-CDB94453,"Purchased RP via prepaid card, entered the code but nothing was credited. Code: RITO-855221.",Teamfight Tactics,2023-02-11 03:26:58,7.0,29.88,MEDIUM,Missing RP / Purchase Issue,True
RGT-000531,CUST-5C8E2E99,"After the latest patch, my client freezes on the loading screen. I cannot get into any game.",Valorant,2023-08-24 03:01:38,3.0,98.45,LOW,Client Bug / Crash,True
RGT-001819,CUST-B703A4B4,"Purchased RP via prepaid card, entered the code but nothing was credited. Code: RITO-D0461E.",Valorant,2023-02-10 00:57:14,7.0,58.93,MEDIUM,Missing RP / Purchase Issue,True
RGT-000050,CUST-1FBB9723,Player using Elo-boosting service. They were clearly being played by someone else based on behaviour change.,Teamfight Tactics,2023-09-08 08:30:35,0.0,22.21,MEDIUM,Cheat / Hacker Report,True
RGT-000859,CUST-5C8E2E99,,Wild Rift,2023-12-01 06:30:30,8.0,152.1,LOW,Client Bug / Crash,True
RGT-000720,CUST-5EC9CA7E,Got a chat ban that escalated to a full account suspension. The context was taken out of context. I want to appeal.,Teamfight Tactics,2023-10-22 06:05:01,1.0,,MEDIUM,Account Ban / Suspension,False
RGT-002257,CUST-E47BC5B5,I received a 25-game chat restriction for a single game where I was defending myself. This is disproportionate.,Teamfight Tactics,2023-04-20 06:13:09,4.0,6.5,MEDIUM,Chat Restriction Appeal,True
RGT-001367,CUST-375F8B4C,"Bought a bundle in the store, got charged but the content never appeared in my collection.",Legends of Runeterra,2023-10-09 23:09:41,4.0,,HIGH,Missing RP / Purchase Issue,False
RGT-002319,CUST-14D5F5EB,There is a blatant scripter in my ranked game. They had 0ms reaction time and perfect skill shots all game.,Wild Rift,2023-03-19 03:19:53,2.0,128.25,LOW,Cheat / Hacker Report,True
RGT-002771,CUST-110FA17F,"Bought a bundle in the store, got charged but the content never appeared in my collection.",Valorant,2024-01-09 04:40:48,4.0,64.94,LOW,Missing RP / Purchase Issue,True
RGT-001560,CUST-969472B2,Blatant cheater in Diamond ranked. Please investigate account RiotUser#61662. They were toggling aimbot openly.,League of Legends,2024-06-12 05:02:20,1.0,86.43,LOW,Cheat / Hacker Report,True
RGT-002195,CUST-C7E0960A,I received a 14-day suspension for allegedly using scripts. I have never used any third-party software. Please investigate.,League of Legends,2023-10-18 13:05:56,25.0,23.69,MEDIUM,Account Ban / Suspension,True
RGT-001375,CUST-FE972C20,I purchased the Battle Pass but didn't receive the rewards. Transaction ID: TXN-C8F43688.,League of Legends,2023-08-29 02:33:25,21.0,48.74,LOW,Missing RP / Purchase Issue,True
RGT-002594,CUST-812BA472,Blatant cheater in Diamond ranked. Please investigate account RiotUser#92954. They were toggling aimbot openly.,Wild Rift,2023-12-28 05:31:24,5.0,7.64,HIGH,Cheat / Hacker Report,True
RGT-001322,CUST-9A387166,I was banned for account sharing. I let my brother play once. Is there a way to appeal this decision?,League of Legends,2024-01-08 04:45:51,1.0,14.03,MEDIUM,Account Ban / Suspension,True
RGT-001069,CUST-ABA4C4B7,I bought 3250 RP but it never showed up in my account. I was charged on my card though.,Wild Rift,2023-07-14 06:41:07,14.0,7.14,HIGH,Missing RP / Purchase Issue,True
RGT-001712,CUST-4CF66CD9,FPS dropping from 200 to single digits every few minutes since patch 14.12. My hardware is fine.,Teamfight Tactics,2023-09-20 20:49:15,25.0,1.97,HIGH,Client Bug / Crash,True
RGT-002607,CUST-BA5D4F41,I want to appeal my chat restriction. The logs being cited were from a conversation I did not start.,Valorant,not-a-date,3.0,83.53,MEDIUM,Chat Restriction Appeal,True
RGT-002712,CUST-20E3067A,The game client crashes every time I enter champion select. I reinstalled but the problem persists.,League of Legends,2024-03-26 02:59:03,7.0,0.07,HIGH,Client Bug / Crash,True
RGT-001578,CUST-8F1A57AC,Player using Elo-boosting service. They were clearly being played by someone else based on behaviour change.,Legends of Runeterra,2023-08-22 03:07:57,0.0,,LOW,Cheat / Hacker Report,False
RGT-000298,CUST-4E0BB732,Got a chat ban that escalated to a full account suspension. The context was taken out of context. I want to appeal.,Legends of Runeterra,2023-12-14 03:22:52,2.0,8.82,HIGH,Account Ban / Suspension,True
RGT-001270,CUST-01E0218A,Getting error UX-1 when attempting to sign in. This started after your maintenance window yesterday.,League of Legends,2023-08-04 22:11:02,18.0,24.64,MEDIUM,Login / 2FA Issue,True
RGT-DUPE-0051,CUST-FA9DBD80,Client keeps logging me out randomly. I have to re-enter my password multiple times per session.,Wild Rift,2024-06-12 15:51:57,9.0,,HIGH,Client Bug / Crash,False
RGT-000959,CUST-4FC4738B,Account banned with no explanation. I spent over $500 on this account. Please look into this immediately.,League of Legends,2023-03-11 11:40:19,15.0,41.41,LOW,Account Ban / Suspension,True
RGT-001264,CUST-6348CE13,Transaction stuck as 'pending' for 48 hours. My bank confirmed the charge went through. Please help.,Valorant,2024-06-04 23:39:30,2.0,,HIGH,Missing RP / Purchase Issue,False
RGT-001289,CUST-B1E10B09,My Riot Points are missing after I topped up. I have the bank receipt. Please refund or credit my account.,Legends of Runeterra,2023-02-28 08:02:05,1.0,15.47,LOW,Missing RP / Purchase Issue,True
RGT-000350,CUST-29D019A5,"Purchased RP via prepaid card, entered the code but nothing was credited. Code: RITO-AC3D97.",Teamfight Tactics,2023-06-30 18:14:44,1.0,0.001,MEDIUM,Missing RP / Purchase Issue,True
RGT-001327,CUST-529E139B,My account RiotUser#33481 was permanently banned but I never cheated. Please review the ban.,League of Legends,2023-08-21 10:13:58,4.0,,MEDIUM,Account Ban / Suspension,False
RGT-000644,CUST-C14D0497,Permanent ban issued on my account. I have 3000 hours on this game and have never violated ToS. Please help.,Valorant,2024-03-24 01:00:37,1.0,74.48,MEDIUM,Account Ban / Suspension,True
RGT-001331,CUST-2C0B0E3F,Blatant cheater in Diamond ranked. Please investigate account RiotUser#76137. They were toggling aimbot openly.,Teamfight Tactics,2023-04-09 06:48:42,7.0,26.85,MEDIUM,Cheat / Hacker Report,True
RGT-DUPE-0055,CUST-4FC4738B,I got permabanned for 'toxic behaviour' but all I did was mute my teammates. This seems unfair.,League of Legends,2024-02-19 11:21:17,26.0,,MEDIUM,Account Ban / Suspension,False
RGT-002973,CUST-4854215C,This player in my last game was clearly using an aimbot. Every bullet was a headshot through smoke.,League of Legends,2023-07-26 13:42:53,4.0,,MEDIUM,Cheat / Hacker Report,False
RGT-001323,CUST-2E045B45,The client update bricked my installation. Now I get error code 0xF37F on startup.,League of Legends,2023-11-30 23:59:51,0.0,,MEDIUM,Client Bug / Crash,False
RGT-001107,CUST-0DC35EE0,The game client crashes every time I enter champion select. I reinstalled but the problem persists.,League of Legends,2023-03-05 16:46:29,2.0,40.46,MEDIUM,Client Bug / Crash,True
RGT-002214,CUST-4375BF79,I lost LP for a loss that was not my fault. My teammates went AFK in the first 5 minutes.,Wild Rift,2023-04-25 08:05:54,6.0,,LOW,Ranked & Matchmaking,False
RGT-001124,CUST-E0EBF5E1,My League account got banned out of nowhere. I was just playing ranked and then I got logged out. Can you explain why?,Valorant,2023-10-02 08:45:14,9.0,3.52,HIGH,Account Ban / Suspension,True
RGT-002448,CUST-942B891D,Client keeps logging me out randomly. I have to re-enter my password multiple times per session.,League of Legends,2023-10-04 03:44:46,2.0,4.18,MEDIUM,Client Bug / Crash,True
RGT-002411,CUST-C07C5C1F,I was banned for account sharing. I let my brother play once. Is there a way to appeal this decision?,Valorant,2023-10-09 13:53:26,2.0,35.63,MEDIUM,Account Ban / Suspension,True
RGT-001638,CUST-61ADFAC6,Constant 'Connection Error' messages in client even though my internet is working perfectly.,League of Legends,2023-02-13 13:47:06,11.0,62.64,MEDIUM,Client Bug / Crash,True
RGT-000787,CUST-3D51023D,Player using Elo-boosting service. They were clearly being played by someone else based on behaviour change.,Valorant,2023-06-11 05:02:05,10.0,33.08,MEDIUM,Cheat / Hacker Report,True
RGT-002777,CUST-0298C4C2,Permanent ban issued on my account. I have 3000 hours on this game and have never violated ToS. Please help.,Teamfight Tactics,2023-10-07 22:23:11,3.0,12.32,MEDIUM,Account Ban / Suspension,True
RGT-000141,CUST-7A32E5DE,"My smurf account was banned, now my main account is also restricted. I do not understand what happened.",Valorant,2023-09-05 13:38:27,3.0,85.81,LOW,Account Ban / Suspension,True
RGT-000789,CUST-8D9BBC65,My chat restriction ended but I am still unable to type in-game. There seems to be a bug.,Legends of Runeterra,2023-11-08 13:21:13,0.0,,HIGH,Chat Restriction Appeal,False
RGT-001950,CUST-E573FEE4,This player admitted to using scripts in chat. I have a screenshot. How do I submit it?,Wild Rift,2024-02-17 20:19:46,7.0,3.54,HIGH,Cheat / Hacker Report,True
RGT-002098,CUST-F00A34C2,I used 'Login with Google' but Google account is now deleted. How do I recover my Riot account?,Legends of Runeterra,2023-01-09 21:46:53,4.0,24.65,MEDIUM,Login / 2FA Issue,True
RGT-000715,CUST-5A96127B,Locked out of my account after too many failed login attempts. I was trying to recover access legitimately.,Teamfight Tactics,2023-01-29 17:48:00,0.0,13.51,HIGH,Login / 2FA Issue,True
RGT-001870,CUST-CDB4430E,My account RiotUser#11510 was permanently banned but I never cheated. Please review the ban.,Teamfight Tactics,2023-09-14 06:53:02,0.0,22.65,MEDIUM,Account Ban / Suspension,True
RGT-001641,CUST-4CF66CD9,Permanent ban issued on my account. I have 3000 hours on this game and have never violated ToS. Please help.,Legends of Runeterra,2023-09-18 15:26:38,22.0,73.58,LOW,Account Ban / Suspension,True
RGT-001919,CUST-E1B30BDB,I was gifted a skin I already owned. The duplicate was auto-converted to orange essence. I want a refund.,Legends of Runeterra,2023-12-19 00:54:47,0.0,,LOW,Refund Request,False
RGT-002988,CUST-F7F59242,Lost 40 LP for a game I disconnected from due to power outage. Can this be reversed?,Teamfight Tactics,2024-05-23 18:14:50,1.0,7.53,MEDIUM,Ranked & Matchmaking,True
RGT-000619,CUST-FE972C20,I purchased the Battle Pass but didn't receive the rewards. Transaction ID: TXN-ACECCCE7.,Wild Rift,2024-04-23 05:25:10,12.0,29.24,LOW,Missing RP / Purchase Issue,True
RGT-000407,CUST-F4EFB584,I was banned for account sharing. I let my brother play once. Is there a way to appeal this decision?,League of Legends,2023-09-27 06:57:39,1.0,2.18,HIGH,Account Ban / Suspension,True
RGT-001792,CUST-7709DC90,I was in promo series but the server crashed mid-game. The loss was counted against me.,Legends of Runeterra,2023-09-25 16:03:01,17.0,27.62,MEDIUM,Ranked & Matchmaking,True
RGT-001227,CUST-61ADFAC6,Account banned with no explanation. I spent over $500 on this account. Please look into this immediately.,Teamfight Tactics,2024-06-02 14:47:24,5.0,221.16,LOW,Account Ban / Suspension,True
RGT-001147,CUST-3E70C00C,Bought the wrong skin. I meant to buy the Prestige version but bought the regular one. Can you swap it?,League of Legends,2023-07-13 01:21:40,2.0,2.12,HIGH,Refund Request,True
RGT-002276,CUST-C7E0960A,I called out a griefer and got chat banned while they did not. The system feels inconsistent.,League of Legends,2023-08-01 08:56:40,27.0,,HIGH,Chat Restriction Appeal,False
RGT-002463,CUST-3C8F8826,Permanent ban issued on my account. I have 3000 hours on this game and have never violated ToS. Please help.,Teamfight Tactics,2023-10-02 11:20:44,5.0,66.18,LOW,Account Ban / Suspension,True
RGT-000498,CUST-E0EBF5E1,My account RiotUser#84743 was permanently banned but I never cheated. Please review the ban.,Legends of Runeterra,2024-05-26 06:45:05,5.0,198.12,LOW,Account Ban / Suspension,True
RGT-000343,CUST-7742CF32,I purchased a champion that is currently on free rotation. I would like a refund as this was misleading.,Teamfight Tactics,2024-02-11 20:39:44,0.0,4.91,HIGH,Refund Request,True
RGT-001958,CUST-8B477CDC,"After the latest patch, my client freezes on the loading screen. I cannot get into any game.",Wild Rift,2024-03-17 13:06:09,2.0,,MEDIUM,Client Bug / Crash,True
RGT-002339,CUST-5C770011,Getting a black screen on launch. The process shows in Task Manager but nothing displays.,Teamfight Tactics,2024-02-23 05:37:18,1.0,6.9,LOW,Client Bug / Crash,True
RGT-000783,CUST-FE972C20,"My MMR seems stuck. I win 8 games in a row and gain 18 LP, then lose once and drop 25 LP.",League of Legends,2023-07-22 16:56:25,16.0,126.77,MEDIUM,Ranked & Matchmaking,True
RGT-001558,CUST-4CF66CD9,My League account got banned out of nowhere. I was just playing ranked and then I got logged out. Can you explain why?,Wild Rift,2023-01-23 06:28:51,21.0,40.1,MEDIUM,Account Ban / Suspension,True
RGT-000304,CUST-11805665,I was banned for account sharing. I let my brother play once. Is there a way to appeal this decision?,Valorant,2024-04-08 16:57:23,0.0,6.31,MEDIUM,Account Ban / Suspension,True
RGT-001766,CUST-E1906887,Got a chat ban that escalated to a full account suspension. The context was taken out of context. I want to appeal.,Wild Rift,2023-10-03 09:21:11,3.0,1.67,MEDIUM,Account Ban / Suspension,True
RGT-000665,CUST-1962F4A0,I received a 14-day suspension for allegedly using scripts. I have never used any third-party software. Please investigate.,Wild Rift,2023-03-23 15:52:16,3.0,121.01,MEDIUM,Account Ban / Suspension,True
RGT-002244,CUST-82170E57,I bought 3250 RP but it never showed up in my account. I was charged on my card though.,League of Legends,2023-03-21 11:46:29,4.0,32.05,LOW,Missing RP / Purchase Issue,True
RGT-001552,CUST-7033DBE6,I keep getting matched against the same scripter. Already reported in-game but they are still playing.,League of Legends,2024-05-29 02:48:24,2.0,5.61,MEDIUM,Cheat / Hacker Report,True
RGT-001798,CUST-B46EEE4B,The client update bricked my installation. Now I get error code 0xEED6 on startup.,League of Legends,2023-07-07 23:24:31,4.0,11.27,MEDIUM,Client Bug / Crash,True
RGT-002859,CUST-06C5C50B,I used my last refund token on an item I now see is in the next sale. Can I have an exception?,Teamfight Tactics,2024-04-09 07:54:10,3.0,0.52,MEDIUM,Refund Request,True
RGT-000085,CUST-AD716FA9,Account recovery is not working. I no longer have access to the email or phone number on record.,Teamfight Tactics,2023-09-21 16:59:10,1.0,6.01,MEDIUM,Login / 2FA Issue,True
RGT-002282,CUST-C0DDE2A2,My League account got banned out of nowhere. I was just playing ranked and then I got logged out. Can you explain why?,Wild Rift,2023-10-23 02:38:31,2.0,3.57,MEDIUM,Account Ban / Suspension,True
RGT-000942,CUST-60798F60,I cannot log into my account. I reset my password but the 2FA code is going to an old email I lost access to.,Teamfight Tactics,2023-05-27 13:00:28,1.0,4.36,HIGH,Login / 2FA Issue,True
RGT-000962,CUST-529E139B,My League account got banned out of nowhere. I was just playing ranked and then I got logged out. Can you explain why?,Legends of Runeterra,2023-01-14 08:17:31,2.0,118.72,LOW,Account Ban / Suspension,True
RGT-000842,CUST-C91C1ECE,The shop tab in the client is blank. I cannot browse or purchase anything. Tried clearing cache.,Valorant,2024-05-31 10:49:55,14.0,,MEDIUM,Client Bug / Crash,False
RGT-001563,CUST-57F1BC20,Reporting a player for using wallhacks in Valorant. Their username is Player5035. Please review game ID NA1_5845756858.,Wild Rift,2024-03-30 00:55:23,0.0,36.59,MEDIUM,Cheat / Hacker Report,True
RGT-002848,CUST-AEAB083D,I keep getting matched against the same scripter. Already reported in-game but they are still playing.,Legends of Runeterra,2023-10-29 02:17:34,5.0,0.18,MEDIUM,Cheat / Hacker Report,True
RGT-002530,CUST-5898BB05,Got a communication ban for using my native language which the filter incorrectly flagged.,Wild Rift,2023-01-09 15:33:39,3.0,118.76,MEDIUM,Chat Restriction Appeal,True
RGT-001353,CUST-84A10DDB,I purchased the Battle Pass but didn't receive the rewards. Transaction ID: TXN-C9222944.,Teamfight Tactics,2023-07-19 11:45:26,3.0,26.34,LOW,Missing RP / Purchase Issue,True
RGT-000291,CUST-D54124E1,Chat restriction applied to my account but I have honour level 5. Seems like an error in your system.,Valorant,2023-03-02 23:06:51,1.0,4.51,HIGH,Chat Restriction Appeal,True
RGT-001908,CUST-7709DC90,I used 'Login with Google' but Google account is now deleted. How do I recover my Riot account?,Wild Rift,2023-12-20 09:42:06,19.0,31.04,MEDIUM,Login / 2FA Issue,True
RGT-001191,CUST-C91C1ECE,The shop tab in the client is blank. I cannot browse or purchase anything. Tried clearing cache.,Teamfight Tactics,2023-03-06 17:28:14,17.0,137.73,MEDIUM,Client Bug / Crash,True
RGT-000605,CUST-3D51023D,I purchased the Battle Pass but didn't receive the rewards. Transaction ID: TXN-1751814E.,Teamfight Tactics,2023-03-28 15:02:38,5.0,,MEDIUM,Missing RP / Purchase Issue,False
RGT-002472,CUST-6CF701DD,,Teamfight Tactics,2023-10-11 17:41:29,0.0,71.09,MEDIUM,Cheat / Hacker Report,True
RGT-000917,CUST-232BC039,Account logged in on an unrecognised device. I changed password but 2FA was not set up. How do I add it now?,Valorant,2023-07-19 01:22:20,0.0,9.77,MEDIUM,Login / 2FA Issue,True
RGT-001570,CUST-2A4294FC,I bought 3250 RP but it never showed up in my account. I was charged on my card though.,Teamfight Tactics,2023-07-24 11:51:24,1.0,4.74,MEDIUM,Missing RP / Purchase Issue,True
RGT-001741,CUST-01E0218A,"Hello, my account was flagged and restricted. I believe this is a false positive from your anti-cheat. I need an appeal.",Legends of Runeterra,2024-04-20 13:59:17,24.0,21.14,LOW,Account Ban / Suspension,True
RGT-001100,CUST-95542775,I keep getting matched against the same scripter. Already reported in-game but they are still playing.,Valorant,2023-05-01 12:58:55,3.0,3.44,HIGH,Cheat / Hacker Report,True
RGT-001089,CUST-F7E0BA15,I received a 14-day suspension for allegedly using scripts. I have never used any third-party software. Please investigate.,League of Legends,2024-04-04 14:44:10,3.0,53.41,LOW,Account Ban / Suspension,True
RGT-002379,CUST-6D8BA715,,Wild Rift,2024-05-23 19:02:01,7.0,93.23,LOW,Missing RP / Purchase Issue,True
RGT-001378,CUST-66FA087D,I used my last refund token on an item I now see is in the next sale. Can I have an exception?,Legends of Runeterra,2023-06-11 07:41:14,,10.77,MEDIUM,Refund Request,True
RGT-000822,CUST-C4731564,Getting error UX-1 when attempting to sign in. This started after your maintenance window yesterday.,Wild Rift,2023-06-04 06:52:32,12.0,0.92,HIGH,Login / 2FA Issue,True
RGT-002544,CUST-BC359A86,Client keeps logging me out randomly. I have to re-enter my password multiple times per session.,Teamfight Tactics,2023-04-12 02:47:50,16.0,105.46,LOW,Client Bug / Crash,True
RGT-001001,CUST-DAB2F333,I want to appeal my chat restriction. The logs being cited were from a conversation I did not start.,Valorant,2024-01-23 00:44:37,0.0,-5.0,MEDIUM,Chat Restriction Appeal,True
RGT-001428,CUST-5948519D,Permanent ban issued on my account. I have 3000 hours on this game and have never violated ToS. Please help.,Valorant,2024-02-26 16:25:16,1.0,26.28,MEDIUM,Account Ban / Suspension,True
RGT-000019,CUST-E0EBF5E1,Remake did not trigger even though a player was AFK from champion select. Lost LP unfairly.,Legends of Runeterra,2024-03-05 16:50:10,0.0,,MEDIUM,Ranked & Matchmaking,True
RGT-002576,CUST-61ADFAC6,My League account got banned out of nowhere. I was just playing ranked and then I got logged out. Can you explain why?,League of Legends,2023-07-13 23:00:05,20.0,13.68,MEDIUM,Account Ban / Suspension,True
RGT-001451,CUST-725E2848,I completed my placement matches but my rank is much lower than last season. Is this expected?,Legends of Runeterra,2023-04-18 05:26:42,,3.59,MEDIUM,Ranked & Matchmaking,True
RGT-001747,CUST-4CF66CD9,"My smurf account was banned, now my main account is also restricted. I do not understand what happened.",Wild Rift,2024-02-26 14:53:22,28.0,31.24,MEDIUM,Account Ban / Suspension,True
RGT-001361,CUST-60798F60,Reporting a player for using wallhacks in Valorant. Their username is Player9647. Please review game ID NA1_7056842024.,League of Legends,2023-04-25 23:33:27,2.0,30.08,MEDIUM,Cheat / Hacker Report,True
RGT-001642,CUST-0981939A,Transaction stuck as 'pending' for 48 hours. My bank confirmed the charge went through. Please help.,Legends of Runeterra,2023-07-23 03:39:48,4.0,23.33,MEDIUM,Missing RP / Purchase Issue,True
RGT-002786,CUST-CCC68570,"After the latest patch, my client freezes on the loading screen. I cannot get into any game.",League of Legends,2023-03-18 20:55:58,5.0,36.7,LOW,Client Bug / Crash,True
RGT-001730,CUST-E3CAA4C1,I got permabanned for 'toxic behaviour' but all I did was mute my teammates. This seems unfair.,Valorant,2023-07-01 13:29:37,2.0,2.36,MEDIUM,Account Ban / Suspension,True
RGT-001583,CUST-76501878,I purchased the Battle Pass but didn't receive the rewards. Transaction ID: TXN-8FD6B1CD.,Valorant,2024-01-02 05:57:46,0.0,84.59,LOW,Missing RP / Purchase Issue,True
RGT-002084,CUST-3D51023D,The Dragon Trainer Tristana skin has a missing particle effect on her W ability.,Wild Rift,2024-03-14 06:56:47,22.0,5.77,MEDIUM,Champion / Skin Bug,True
RGT-002727,CUST-B9351447,I bought 3250 RP but it never showed up in my account. I was charged on my card though.,Wild Rift,2024-01-01 19:20:43,4.0,,MEDIUM,Missing RP / Purchase Issue,False
RGT-002025,CUST-82487C44,I keep getting matched against the same scripter. Already reported in-game but they are still playing.,Teamfight Tactics,2023-06-07 06:31:22,5.0,1.88,LOW,Cheat / Hacker Report,True
RGT-000361,CUST-8E33334C,"My MMR seems stuck. I win 8 games in a row and gain 18 LP, then lose once and drop 25 LP.",Wild Rift,2024-06-26 14:50:12,0.0,45.48,LOW,Ranked & Matchmaking,True
RGT-002637,CUST-F3F4EDAF,The game client crashes every time I enter champion select. I reinstalled but the problem persists.,Valorant,2023-08-10 00:18:29,2.0,16.28,MEDIUM,Client Bug / Crash,True
RGT-001923,CUST-4FC4738B,Getting error UX-1 when attempting to sign in. This started after your maintenance window yesterday.,Legends of Runeterra,2023-01-19 12:39:46,29.0,,HIGH,Login / 2FA Issue,False
RGT-002993,CUST-E5F60461,Player using Elo-boosting service. They were clearly being played by someone else based on behaviour change.,Wild Rift,2024-02-24 11:33:39,6.0,44.03,MEDIUM,Cheat / Hacker Report,True
RGT-001335,CUST-C7E0960A,Transaction stuck as 'pending' for 48 hours. My bank confirmed the charge went through. Please help.,League of Legends,2024-05-20 09:12:35,15.0,9.77,MEDIUM,Missing RP / Purchase Issue,True
RGT-001671,CUST-2D5422EC,,Valorant,2023-11-14 01:14:53,4.0,31.73,MEDIUM,Cheat / Hacker Report,True
RGT-000345,CUST-5A03D5C8,I bought 3250 RP but it never showed up in my account. I was charged on my card though.,Valorant,2023-01-05 11:11:52,0.0,,HIGH,Missing RP / Purchase Issue,False
RGT-000987,CUST-121B8EE4,This player in my last game was clearly using an aimbot. Every bullet was a headshot through smoke.,Legends of Runeterra,2023-02-02 15:24:41,1.0,,MEDIUM,Cheat / Hacker Report,False
RGT-002222,CUST-8B477CDC,RP purchase failed but the money was deducted from my account. This is the second time this has happened.,Valorant,2023-01-29 00:53:16,3.0,44.34,MEDIUM,Missing RP / Purchase Issue,True
RGT-002422,CUST-B703A4B4,I purchased the Battle Pass but didn't receive the rewards. Transaction ID: TXN-5A5E68B7.,Teamfight Tactics,2024-02-22 09:02:45,12.0,69.34,LOW,Missing RP / Purchase Issue,True
RGT-001411,CUST-E0EBF5E1,My account RiotUser#38316 was permanently banned but I never cheated. Please review the ban.,Wild Rift,2024-06-16 06:00:08,14.0,,HIGH,Account Ban / Suspension,False
RGT-002020,CUST-DA68868E,I completed my placement matches but my rank is much lower than last season. Is this expected?,Valorant,2023-10-12 06:16:27,4.0,6.83,HIGH,Ranked & Matchmaking,True
RGT-002984,CUST-3E0E8F3E,"After the latest patch, my client freezes on the loading screen. I cannot get into any game.",Legends of Runeterra,2023-01-01 08:36:53,7.0,9.69,MEDIUM,Client Bug / Crash,True
RGT-002288,CUST-E0EBF5E1,The Lunar New Year bundle charged me but only delivered half the content. Missing the ward skin and icon.,Wild Rift,2023-10-06 03:59:59,26.0,14.36,LOW,Missing RP / Purchase Issue,True
RGT-002461,CUST-ABA4C4B7,Remake did not trigger even though a player was AFK from champion select. Lost LP unfairly.,League of Legends,2023-08-29 00:44:24,30.0,93.86,LOW,Ranked & Matchmaking,True
RGT-000086,CUST-AB648898,Blatant cheater in Diamond ranked. Please investigate account RiotUser#56019. They were toggling aimbot openly.,Legends of Runeterra,2024-04-12 21:31:51,0.0,0.66,HIGH,Cheat / Hacker Report,True
RGT-002130,CUST-25A0FA26,The shop tab in the client is blank. I cannot browse or purchase anything. Tried clearing cache.,Wild Rift,2023-12-26 20:58:45,4.0,26.68,LOW,Client Bug / Crash,True
RGT-000669,CUST-FE972C20,Duo partner and I are being put into the wrong queue tier. We are Diamond 2 and 3 but matched in Plat.,League of Legends,2024-01-14 18:22:20,13.0,2.65,MEDIUM,Ranked & Matchmaking,True
RGT-001015,CUST-4CF66CD9,Duo partner and I are being put into the wrong queue tier. We are Diamond 2 and 3 but matched in Plat.,Legends of Runeterra,2024-06-24 14:52:56,10.0,39.18,MEDIUM,Ranked & Matchmaking,True
RGT-000129,CUST-ABA4C4B7,,League of Legends,2023-01-08 04:45:09,0.0,,LOW,Missing RP / Purchase Issue,False
RGT-001994,CUST-CCC68570,I received a 14-day suspension for allegedly using scripts. I have never used any third-party software. Please investigate.,Legends of Runeterra,2024-04-18 13:24:33,1.0,19.37,MEDIUM,Account Ban / Suspension,True
RGT-001230,CUST-0981939A,I called out a griefer and got chat banned while they did not. The system feels inconsistent.,Valorant,2024-05-20 05:57:13,3.0,53.04,MEDIUM,Chat Restriction Appeal,True
RGT-000892,CUST-F8165A13,I accidentally purchased the wrong champion. Can I get a refund? I only have one refund token left.,Legends of Runeterra,2023-05-30 19:58:50,0.0,,MEDIUM,Missing RP / Purchase Issue,False
RGT-001938,CUST-BC359A86,Remake did not trigger even though a player was AFK from champion select. Lost LP unfairly.,Valorant,2024-01-02 09:11:06,10.0,27.57,MEDIUM,Ranked & Matchmaking,True
RGT-000308,CUST-7A32E5DE,I was banned for account sharing. I let my brother play once. Is there a way to appeal this decision?,Wild Rift,2023-07-26 23:59:12,7.0,35.87,MEDIUM,Account Ban / Suspension,True
RGT-000384,CUST-AE796F63,,League of Legends,2023-10-31 07:08:45,-999.0,1.24,HIGH,Missing RP / Purchase Issue,True
RGT-001953,CUST-C0B0865D,I keep getting matched against the same scripter. Already reported in-game but they are still playing.,League of Legends,2023-12-30 07:13:44,2.0,12.73,MEDIUM,Cheat / Hacker Report,True
RGT-001209,CUST-FFDBFF7C,Packet loss of around 15 percent during peak hours. Unplayable. Other games are fine.,Valorant,2024-05-25 14:00:50,0.0,2.42,MEDIUM,Server Latency / Lag,True
RGT-000427,CUST-7CDF7E83,My clash tournament registration was cancelled without notification. Please refund the ticket fee.,Legends of Runeterra,2023-01-04 08:41:49,0.0,87.21,MEDIUM,Ranked & Matchmaking,True
RGT-000495,CUST-7A32E5DE,I got permabanned for 'toxic behaviour' but all I did was mute my teammates. This seems unfair.,League of Legends,2023-02-04 16:56:30,8.0,,MEDIUM,Account Ban / Suspension,False
RGT-001672,CUST-24511E5D,Matchmaking is putting me against players 3 tiers above me. This has been happening all week.,Wild Rift,2023-07-03 10:51:16,2.0,,HIGH,Ranked & Matchmaking,True
RGT-002507,CUST-FFECECC1,Constant 'Connection Error' messages in client even though my internet is working perfectly.,Valorant,2024-04-12 21:44:49,2.0,48.32,LOW,Client Bug / Crash,True
RGT-002630,CUST-7B38F130,Matchmaking is putting me against players 3 tiers above me. This has been happening all week.,League of Legends,2024-02-22 16:18:16,4.0,4.33,LOW,Ranked & Matchmaking,True
RGT-001338,CUST-AB7EE0E4,I purchased the Battle Pass but didn't receive the rewards. Transaction ID: TXN-D207316C.,Wild Rift,2023-07-26 07:09:40,1.0,3.15,LOW,Missing RP / Purchase Issue,True
RGT-001386,CUST-AEAB083D,,Legends of Runeterra,2024-01-30 01:15:21,0.0,21.52,LOW,Account Ban / Suspension,True
RGT-000276,CUST-3780263D,Account recovery is not working. I no longer have access to the email or phone number on record.,Wild Rift,2023-04-10 07:57:04,,20.45,MEDIUM,Login / 2FA Issue,True
RGT-000490,CUST-0EDB0863,I was charged twice for the same RP bundle. I see two transactions on my statement for $50.00.,Wild Rift,2024-03-20 21:07:37,1.0,80.36,LOW,Missing RP / Purchase Issue,True
RGT-001579,CUST-1767AA4A,Account logged in on an unrecognised device. I changed password but 2FA was not set up. How do I add it now?,Valorant,2023-12-04 07:58:49,24.0,30.52,MEDIUM,Login / 2FA Issue,True
RGT-000691,CUST-A43D2767,My League account got banned out of nowhere. I was just playing ranked and then I got logged out. Can you explain why?,Wild Rift,2023-04-24 14:13:47,2.0,4.04,HIGH,Account Ban / Suspension,True
RGT-001403,CUST-CDB94453,"After the latest patch, my client freezes on the loading screen. I cannot get into any game.",Valorant,2024-04-13 22:34:03,,3.22,MEDIUM,Client Bug / Crash,True
RGT-002631,CUST-57FBCB14,RP purchase failed but the money was deducted from my account. This is the second time this has happened.,Legends of Runeterra,2024-01-11 22:51:51,21.0,18.86,MEDIUM,Missing RP / Purchase Issue,True
RGT-001274,CUST-74EA26B3,Requesting a refund on a bundle because it was not clearly labelled that it included champions I already own.,Wild Rift,2024-06-18 10:58:32,1.0,10.09,MEDIUM,Refund Request,True
RGT-002274,CUST-946EF12C,Getting error UX-1 when attempting to sign in. This started after your maintenance window yesterday.,Legends of Runeterra,2023-01-31 01:24:17,6.0,14.59,MEDIUM,Login / 2FA Issue,True
RGT-002692,CUST-F9E0C7F8,,Legends of Runeterra,2023-05-30 10:53:47,1.0,54.41,LOW,Missing RP / Purchase Issue,True
RGT-001059,CUST-9C359572,Remake did not trigger even though a player was AFK from champion select. Lost LP unfairly.,Teamfight Tactics,2023-01-12 14:22:23,0.0,19.8,MEDIUM,Ranked & Matchmaking,True
RGT-000119,CUST-8F2E22DF,Remake did not trigger even though a player was AFK from champion select. Lost LP unfairly.,Wild Rift,2023-08-06 06:22:16,1.0,41.87,MEDIUM,Ranked & Matchmaking,True
RGT-001025,CUST-C0B0865D,I bought 3250 RP but it never showed up in my account. I was charged on my card though.,Valorant,2023-03-31 14:14:00,0.0,,MEDIUM,Missing RP / Purchase Issue,False
RGT-001424,CUST-12B61267,"Hello, my account was flagged and restricted. I believe this is a false positive from your anti-cheat. I need an appeal.",League of Legends,2023-02-17 10:41:46,3.0,5.09,MEDIUM,Account Ban / Suspension,True
RGT-000282,CUST-2AE5E127,I purchased the Battle Pass but didn't receive the rewards. Transaction ID: TXN-04CB6038.,Teamfight Tactics,2023-08-03 00:49:14,3.0,115.28,MEDIUM,Missing RP / Purchase Issue,True
RGT-002682,CUST-5F210E14,My clash tournament registration was cancelled without notification. Please refund the ticket fee.,Valorant,2023-06-21 01:10:18,34.0,0.62,MEDIUM,Ranked & Matchmaking,True
RGT-002408,CUST-E47BC5B5,This player admitted to using scripts in chat. I have a screenshot. How do I submit it?,Valorant,2024-06-09 11:07:15,5.0,2.52,HIGH,Cheat / Hacker Report,True
RGT-000969,CUST-2C0D1061,I bought 3250 RP but it never showed up in my account. I was charged on my card though.,Valorant,2023-10-28 05:56:30,0.0,52.34,MEDIUM,Missing RP / Purchase Issue,True
RGT-001232,CUST-01E0218A,There is a blatant scripter in my ranked game. They had 0ms reaction time and perfect skill shots all game.,Valorant,2024-02-22 02:35:24,,1.56,MEDIUM,Cheat / Hacker Report,True
RGT-001661,CUST-5C8E2E99,The Lunar New Year bundle charged me but only delivered half the content. Missing the ward skin and icon.,Valorant,2024-01-24 16:00:51,15.0,30.02,MEDIUM,Missing RP / Purchase Issue,True
RGT-001710,CUST-29D019A5,I bought 3250 RP but it never showed up in my account. I was charged on my card though.,Wild Rift,2024-01-04 01:56:04,5.0,58.69,MEDIUM,Missing RP / Purchase Issue,True
RGT-000156,CUST-5B4081EE,Account banned with no explanation. I spent over $500 on this account. Please look into this immediately.,Valorant,2023-04-13 22:06:34,0.0,0.37,HIGH,Account Ban / Suspension,True
RGT-000305,CUST-C7E0960A,My League account got banned out of nowhere. I was just playing ranked and then I got logged out. Can you explain why?,Wild Rift,2023-07-06 01:45:21,4.0,52.34,LOW,Account Ban / Suspension,True
RGT-001964,CUST-0C1E8B1D,My account RiotUser#40971 was permanently banned but I never cheated. Please review the ban.,Legends of Runeterra,2023-02-03 13:38:33,4.0,5.21,HIGH,Account Ban / Suspension,True
RGT-001449,CUST-8A8F6164,2FA is sending codes but they expire before I can enter them. Clock sync on my phone is correct.,League of Legends,2024-04-22 03:32:16,3.0,0.39,MEDIUM,Login / 2FA Issue,True
RGT-001611,CUST-4375BF79,The game client crashes every time I enter champion select. I reinstalled but the problem persists.,Legends of Runeterra,2024-02-08 18:10:57,2.0,,MEDIUM,Client Bug / Crash,False
RGT-002309,CUST-C1D53100,My Riot Points are missing after I topped up. I have the bank receipt. Please refund or credit my account.,Teamfight Tactics,2024-06-19 18:46:46,,3.46,MEDIUM,Missing RP / Purchase Issue,True
RGT-001458,CUST-58F376E2,I used my last refund token on an item I now see is in the next sale. Can I have an exception?,League of Legends,2023-02-06 00:36:39,0.0,2.92,MEDIUM,Refund Request,True
RGT-000576,CUST-B8FC2778,I cannot log into my account. I reset my password but the 2FA code is going to an old email I lost access to.,Valorant,2024-06-10 12:56:50,2.0,15.39,MEDIUM,Login / 2FA Issue,True
RGT-001992,CUST-2A8271BF,"Purchased RP via prepaid card, entered the code but nothing was credited. Code: RITO-727509.",Teamfight Tactics,2023-02-15 07:00:56,2.0,5.7,MEDIUM,Missing RP / Purchase Issue,True
RGT-002652,CUST-924F38A5,I would like a refund for the champion I purchased yesterday. I have not played them yet.,Teamfight Tactics,2023-02-11 13:24:05,4.0,56.34,LOW,Refund Request,True
RGT-002705,CUST-D862ABB7,Permanent ban issued on my account. I have 3000 hours on this game and have never violated ToS. Please help.,Legends of Runeterra,2023-07-20 15:44:34,4.0,215.37,LOW,Account Ban / Suspension,True
RGT-002189,CUST-C01D4863,"My smurf account was banned, now my main account is also restricted. I do not understand what happened.",League of Legends,2024-05-28 15:18:19,-1.0,,MEDIUM,Account Ban / Suspension,False
RGT-001265,CUST-64D40638,Login fails with 'incorrect password' even after a password reset. I have cleared cookies and cache.,Wild Rift,2024-03-26 01:38:53,0.0,2.15,HIGH,Login / 2FA Issue,True
RGT-000844,CUST-4FC4738B,Getting error UX-1 when attempting to sign in. This started after your maintenance window yesterday.,Wild Rift,2024-04-12 07:47:54,12.0,2.74,MEDIUM,Login / 2FA Issue,True
RGT-001345,CUST-4B1AF024,"Hello, my account was flagged and restricted. I believe this is a false positive from your anti-cheat. I need an appeal.",Valorant,2023-07-28 13:46:46,1.0,,MEDIUM,Account Ban / Suspension,False
RGT-000270,CUST-6843F2D2,FPS dropping from 200 to single digits every few minutes since patch 13.17. My hardware is fine.,Legends of Runeterra,2024-05-05 14:22:16,0.0,0.13,HIGH,Client Bug / Crash,True
RGT-000630,CUST-4244656B,Account banned with no explanation. I spent over $500 on this account. Please look into this immediately.,League of Legends,2023-05-26 19:47:53,1.0,3.21,HIGH,Account Ban / Suspension,True
RGT-001034,CUST-B703A4B4,Constant 'Connection Error' messages in client even though my internet is working perfectly.,League of Legends,2023-11-01 05:22:49,2.0,6.99,MEDIUM,Client Bug / Crash,True
RGT-000287,CUST-062FB9F2,This player admitted to using scripts in chat. I have a screenshot. How do I submit it?,League of Legends,2023-11-10 18:17:39,1.0,,LOW,Cheat / Hacker Report,False
RGT-002280,CUST-DE4C8886,,Wild Rift,2023-03-14 10:12:14,3.0,,HIGH,Client Bug / Crash,False
RGT-000301,CUST-E669E68E,Matchmaking is putting me against players 3 tiers above me. This has been happening all week.,Wild Rift,2024-05-23 14:57:56,1.0,64.37,MEDIUM,Ranked & Matchmaking,True
RGT-002249,CUST-1724F1B2,Account logged in on an unrecognised device. I changed password but 2FA was not set up. How do I add it now?,League of Legends,2023-08-03 18:30:25,1.0,14.54,LOW,Login / 2FA Issue,True
RGT-001930,CUST-2E5165F3,I was in promo series but the server crashed mid-game. The loss was counted against me.,Valorant,2023-10-23 13:40:24,1.0,,LOW,Ranked & Matchmaking,False
RGT-001980,CUST-CCC68570,Reporting a player for using wallhacks in Valorant. Their username is Player9420. Please review game ID NA1_4956866299.,League of Legends,2023-11-06 19:45:54,0.0,,MEDIUM,Cheat / Hacker Report,False
RGT-000066,CUST-062FB9F2,I got permabanned for 'toxic behaviour' but all I did was mute my teammates. This seems unfair.,Teamfight Tactics,2023-02-28 11:40:54,0.0,3.64,MEDIUM,Account Ban / Suspension,True
RGT-002289,CUST-3502C77D,Player using Elo-boosting service. They were clearly being played by someone else based on behaviour change.,Teamfight Tactics,2023-02-11 01:33:45,5.0,1.2,MEDIUM,Cheat / Hacker Report,True
RGT-000891,CUST-2A8271BF,"After updating, all my settings were reset. Also my custom game configurations are gone.",League of Legends,2023-10-29 16:14:50,1.0,0.88,MEDIUM,Client Bug / Crash,True
RGT-DUPE-0047,CUST-C4731564,My account RiotUser#49703 was permanently banned but I never cheated. Please review the ban.,Wild Rift,2023-04-28 18:53:41,14.0,13.36,MEDIUM,Account Ban / Suspension,True
RGT-001883,CUST-3624A1BC,My Riot Points are missing after I topped up. I have the bank receipt. Please refund or credit my account.,Wild Rift,2023-02-12 12:20:00,2.0,27.18,LOW,Missing RP / Purchase Issue,True
RGT-002842,CUST-5C8E2E99,"After updating, all my settings were reset. Also my custom game configurations are gone.",Legends of Runeterra,2024-01-29 16:19:44,28.0,11.21,MEDIUM,Client Bug / Crash,True
RGT-001899,CUST-023FE7E6,I received a 14-day suspension for allegedly using scripts. I have never used any third-party software. Please investigate.,Wild Rift,2023-03-21 10:48:17,20.0,61.54,MEDIUM,Account Ban / Suspension,True
RGT-000231,CUST-C91C1ECE,My son made an unauthorized purchase on my account. He is 9 years old. Please refund $10.00.,Legends of Runeterra,2023-04-17 16:40:26,3.0,116.95,MEDIUM,Refund Request,True
RGT-000504,CUST-E5F60461,My custom Draven skin shows the wrong splash art in the loading screen.,Valorant,2023-08-01 06:44:09,1.0,21.86,MEDIUM,Champion / Skin Bug,True
RGT-001400,CUST-3F523C06,I was banned for account sharing. I let my brother play once. Is there a way to appeal this decision?,Teamfight Tactics,2023-08-27 08:56:56,4.0,92.38,MEDIUM,Account Ban / Suspension,True
RGT-001443,CUST-676E48EA,"Hello, my account was flagged and restricted. I believe this is a false positive from your anti-cheat. I need an appeal.",League of Legends,2023-08-05 08:07:19,6.0,1.07,HIGH,Account Ban / Suspension,True
RGT-001603,CUST-76501878,This player in my last game was clearly using an aimbot. Every bullet was a headshot through smoke.,League of Legends,2023-06-28 03:44:17,1.0,3.7,MEDIUM,Cheat / Hacker Report,True
RGT-001314,CUST-61ADFAC6,This player in my last game was clearly using an aimbot. Every bullet was a headshot through smoke.,Wild Rift,2023-07-13 12:14:51,,,MEDIUM,Cheat / Hacker Report,False
RGT-001005,CUST-CDB94453,I was punished for saying 'gg ez' which is a common phrase. I disagree this violates community standards.,Valorant,2024-06-14 01:45:18,11.0,51.31,LOW,Chat Restriction Appeal,True
RGT-000837,CUST-5F210E14,My League account got banned out of nowhere. I was just playing ranked and then I got logged out. Can you explain why?,Legends of Runeterra,2023-08-19 07:05:38,11.0,11.85,MEDIUM,Account Ban / Suspension,True
RGT-002094,CUST-4CF66CD9,RP purchase failed but the money was deducted from my account. This is the second time this has happened.,Wild Rift,2023-08-24 02:41:53,32.0,3.14,MEDIUM,Missing RP / Purchase Issue,True
RGT-000375,CUST-B1E10B09,The Lunar New Year bundle charged me but only delivered half the content. Missing the ward skin and icon.,Teamfight Tactics,2024-01-28 16:59:40,0.0,5.76,LOW,Missing RP / Purchase Issue,True
RGT-001337,CUST-8B2F9B31,Possible griefing bot detected on the enemy team. All five of them stood still in base.,Valorant,2023-05-18 13:10:53,0.0,17.68,MEDIUM,Cheat / Hacker Report,True
RGT-002178,CUST-B8FC2778,Reporting a player for using wallhacks in Valorant. Their username is Player2854. Please review game ID NA1_6162371427.,Wild Rift,2023-02-08 09:21:16,5.0,1.38,MEDIUM,Cheat / Hacker Report,True
RGT-001903,CUST-C7E0960A,My account RiotUser#29988 was permanently banned but I never cheated. Please review the ban.,League of Legends,2024-04-14 08:38:50,20.0,,LOW,Account Ban / Suspension,False
RGT-001922,CUST-0BDF6CA8,FPS dropping from 200 to single digits every few minutes since patch 13.20. My hardware is fine.,Wild Rift,2023-07-04 08:16:58,4.0,6.92,MEDIUM,Client Bug / Crash,True
RGT-002756,CUST-282DA42F,I bought 3250 RP but it never showed up in my account. I was charged on my card though.,Legends of Runeterra,2023-04-06 14:43:04,2.0,16.39,LOW,Missing RP / Purchase Issue,True
RGT-000752,CUST-00BEEC20,Permanent ban issued on my account. I have 3000 hours on this game and have never violated ToS. Please help.,Valorant,2024-03-29 23:16:49,1.0,31.36,MEDIUM,Account Ban / Suspension,True
RGT-000100,CUST-74EA26B3,I got permabanned for 'toxic behaviour' but all I did was mute my teammates. This seems unfair.,Valorant,2023-10-08 02:08:28,0.0,1.68,MEDIUM,Account Ban / Suspension,True
RGT-001836,CUST-5B4081EE,"After updating, all my settings were reset. Also my custom game configurations are gone.",Legends of Runeterra,2023-03-05 06:15:42,26.0,46.68,MEDIUM,Client Bug / Crash,True
RGT-000867,CUST-ABA4C4B7,I lost LP for a loss that was not my fault. My teammates went AFK in the first 5 minutes.,Valorant,2024-02-22 16:38:29,10.0,1.29,MEDIUM,Ranked & Matchmaking,True
RGT-000911,CUST-94D9DD38,Account banned with no explanation. I spent over $500 on this account. Please look into this immediately.,League of Legends,2023-01-20 18:42:24,1.0,3.97,HIGH,Account Ban / Suspension,True
RGT-001412,CUST-C91C1ECE,The Lunar New Year bundle charged me but only delivered half the content. Missing the ward skin and icon.,Valorant,2023-12-03 12:00:56,21.0,15.43,HIGH,Missing RP / Purchase Issue,True
RGT-000530,CUST-050C71EC,,Wild Rift,2023-03-06 00:23:32,1.0,8.37,MEDIUM,Cheat / Hacker Report,True
RGT-000637,CUST-62F89721,Packet loss of around 15 percent during peak hours. Unplayable. Other games are fine.,League of Legends,2024-03-18 20:03:46,0.0,2.04,HIGH,Server Latency / Lag,True
RGT-000186,CUST-5B4081EE,"My smurf account was banned, now my main account is also restricted. I do not understand what happened.",League of Legends,2024-05-12 12:28:49,1.0,,MEDIUM,Account Ban / Suspension,False
RGT-001272,CUST-5B47B4C1,My Pulsefire Ezreal skin's recall animation is broken. It just shows the default animation instead.,League of Legends,2024-05-28 01:36:58,0.0,51.51,MEDIUM,Champion / Skin Bug,True
RGT-001499,CUST-E0EBF5E1,Account banned with no explanation. I spent over $500 on this account. Please look into this immediately.,Legends of Runeterra,2023-11-06 05:48:35,17.0,94.31,MEDIUM,Account Ban / Suspension,True
RGT-000932,CUST-FE972C20,I got permabanned for 'toxic behaviour' but all I did was mute my teammates. This seems unfair.,League of Legends,2023-04-03 09:26:36,19.0,39.46,LOW,Account Ban / Suspension,True
RGT-002116,CUST-B29C26D5,Getting a black screen on launch. The process shows in Task Manager but nothing displays.,Valorant,2023-06-25 17:03:40,6.0,31.03,MEDIUM,Client Bug / Crash,True
RGT-002368,CUST-8F2E22DF,I received a 14-day suspension for allegedly using scripts. I have never used any third-party software. Please investigate.,Valorant,2024-06-16 14:59:41,5.0,0.98,HIGH,Account Ban / Suspension,True
RGT-001809,CUST-B00F49B2,Player using Elo-boosting service. They were clearly being played by someone else based on behaviour change.,Teamfight Tactics,2023-12-30 17:42:54,2.0,78.44,MEDIUM,Cheat / Hacker Report,True
RGT-002474,CUST-C7E0960A,Got a chat ban that escalated to a full account suspension. The context was taken out of context. I want to appeal.,Legends of Runeterra,2023-12-04 00:48:58,30.0,9.38,MEDIUM,Account Ban / Suspension,True
RGT-002135,CUST-3624A1BC,My Riot Points are missing after I topped up. I have the bank receipt. Please refund or credit my account.,Wild Rift,2023-01-15 17:45:30,4.0,26.4,LOW,Missing RP / Purchase Issue,True
RGT-000608,CUST-C4731564,Blatant cheater in Diamond ranked. Please investigate account RiotUser#68783. They were toggling aimbot openly.,Legends of Runeterra,2024-04-10 09:02:01,9.0,,LOW,Cheat / Hacker Report,False
RGT-002901,CUST-58F376E2,Blatant cheater in Diamond ranked. Please investigate account RiotUser#83774. They were toggling aimbot openly.,Wild Rift,2023-02-27 06:03:51,4.0,,MEDIUM,Cheat / Hacker Report,False
RGT-000152,CUST-1767AA4A,Account recovery is not working. I no longer have access to the email or phone number on record.,Teamfight Tactics,2023-08-06 18:31:54,3.0,55.1,MEDIUM,Login / 2FA Issue,True
RGT-001695,CUST-632AAECA,I was banned for account sharing. I let my brother play once. Is there a way to appeal this decision?,League of Legends,2023-11-26 13:48:14,1.0,2.1,LOW,Account Ban / Suspension,True
RGT-002211,CUST-82487C44,RP purchase failed but the money was deducted from my account. This is the second time this has happened.,Wild Rift,2024-06-28 19:52:50,,0.29,HIGH,Missing RP / Purchase Issue,True
RGT-000732,CUST-7709DC90,Lost 40 LP for a game I disconnected from due to power outage. Can this be reversed?,Teamfight Tactics,2024-02-03 08:06:25,5.0,4.46,HIGH,Ranked & Matchmaking,True
RGT-001430,CUST-AC6387FA,I used 'Login with Google' but Google account is now deleted. How do I recover my Riot account?,Legends of Runeterra,2023-09-05 16:23:37,2.0,5.34,HIGH,Login / 2FA Issue,True
RGT-002720,CUST-46C64CC1,Cheater ruined 3 games in a row. Your reporting system seems broken. They are still not banned.,Legends of Runeterra,2023-10-20 22:40:11,5.0,48.27,MEDIUM,Cheat / Hacker Report,True
RGT-002813,CUST-94472095,Login fails with 'incorrect password' even after a password reset. I have cleared cookies and cache.,Teamfight Tactics,2023-11-21 13:29:33,2.0,11.61,LOW,Login / 2FA Issue,True
RGT-000024,CUST-C4731564,I received a 14-day suspension for allegedly using scripts. I have never used any third-party software. Please investigate.,Teamfight Tactics,2023-05-19 16:44:43,0.0,3.48,HIGH,Account Ban / Suspension,True
RGT-001771,CUST-5EC9CA7E,Account recovery is not working. I no longer have access to the email or phone number on record.,Legends of Runeterra,2023-12-24 20:21:36,2.0,1.69,HIGH,Login / 2FA Issue,True
RGT-000159,CUST-6A23E27B,I used 'Login with Google' but Google account is now deleted. How do I recover my Riot account?,Valorant,2023-11-04 08:13:59,0.0,9.69,MEDIUM,Login / 2FA Issue,True
RGT-000862,CUST-B5FDACD0,Duo partner and I are being put into the wrong queue tier. We are Diamond 2 and 3 but matched in Plat.,Teamfight Tactics,2023-04-04 10:14:20,1.0,6.58,HIGH,Ranked & Matchmaking,True
RGT-000903,CUST-11805665,I used 'Login with Google' but Google account is now deleted. How do I recover my Riot account?,Teamfight Tactics,2023-03-24 08:11:51,2.0,4.99,LOW,Login / 2FA Issue,True
RGT-002242,CUST-CDB94453,Transaction stuck as 'pending' for 48 hours. My bank confirmed the charge went through. Please help.,League of Legends,2023-08-19 21:58:49,29.0,,HIGH,Missing RP / Purchase Issue,True
RGT-001231,CUST-C91C1ECE,There is a blatant scripter in my ranked game. They had 0ms reaction time and perfect skill shots all game.,Valorant,2023-12-18 19:54:17,19.0,,MEDIUM,Cheat / Hacker Report,False
RGT-002326,CUST-F48C257F,Login fails with 'incorrect password' even after a password reset. I have cleared cookies and cache.,League of Legends,2023-12-03 08:08:42,5.0,11.66,MEDIUM,Login / 2FA Issue,True
RGT-000445,CUST-023FE7E6,There is a blatant scripter in my ranked game. They had 0ms reaction time and perfect skill shots all game.,Wild Rift,2024-03-03 17:54:21,7.0,4.65,MEDIUM,Cheat / Hacker Report,True
RGT-DUPE-0024,CUST-6578BDD6,I bought 3250 RP but it never showed up in my account. I was charged on my card though.,Wild Rift,2023-01-27 18:05:54,0.0,53.57,MEDIUM,Missing RP / Purchase Issue,True
RGT-000755,CUST-3C8F8826,My account RiotUser#27953 was permanently banned but I never cheated. Please review the ban.,Teamfight Tactics,2024-03-11 01:51:43,1.0,35.97,LOW,Account Ban / Suspension,True
RGT-000924,CUST-8A8F6164,I completed my placement matches but my rank is much lower than last season. Is this expected?,Valorant,2023-05-16 22:39:47,1.0,86.6,MEDIUM,Ranked & Matchmaking,True
RGT-ND-9000,CUST-2D5422EC,I was charged twice for the same order.,League of Legends,2023-06-15 14:30:00,2.0,10.0,MEDIUM,Missing RP / Purchase Issue,True
RGT-ND-9024,CUST-522A7E0A,Game crashes on the loading screen every time.,League of Legends,2023-06-15 14:30:00,2.0,10.0,MEDIUM,Missing RP / Purchase Issue,True
RGT-000312,CUST-C9C81F9C,The shop tab in the client is blank. I cannot browse or purchase anything. Tried clearing cache.,League of Legends,2023/99/01 00:00,1.0,29.0,MEDIUM,Client Bug / Crash,True
RGT-000549,CUST-023FE7E6,Matchmaking is putting me against players 3 tiers above me. This has been happening all week.,Legends of Runeterra,2024-06-18 02:15:39,8.0,27.55,LOW,Ranked & Matchmaking,True
RGT-DUPE-0037,CUST-4CF66CD9,I purchased the Battle Pass but didn't receive the rewards. Transaction ID: TXN-392CAF66.,Legends of Runeterra,2023-10-08 10:44:13,2.0,,HIGH,Missing RP / Purchase Issue,False
RGT-001553,CUST-ABA4C4B7,I was punished for saying 'gg ez' which is a common phrase. I disagree this violates community standards.,Valorant,2024-03-14 19:08:57,20.0,42.51,MEDIUM,Chat Restriction Appeal,True
RGT-000307,CUST-9FDC861E,I lost LP for a loss that was not my fault. My teammates went AFK in the first 5 minutes.,Teamfight Tactics,2023-12-07 12:40:42,1.0,31.17,MEDIUM,Ranked & Matchmaking,True
RGT-000288,CUST-AC643856,I got permabanned for 'toxic behaviour' but all I did was mute my teammates. This seems unfair.,Legends of Runeterra,2023-12-10 21:48:20,0.0,81.19,MEDIUM,Account Ban / Suspension,True
RGT-000695,CUST-AE796F63,Account recovery is not working. I no longer have access to the email or phone number on record.,Teamfight Tactics,2024-01-29 18:47:46,2.0,,HIGH,Login / 2FA Issue,False
RGT-000309,CUST-1767AA4A,My account RiotUser#25985 was permanently banned but I never cheated. Please review the ban.,Teamfight Tactics,2023-12-24 22:34:48,6.0,95.71,LOW,Account Ban / Suspension,True
RGT-002393,CUST-01E0218A,,Legends of Runeterra,2023-10-10 13:50:26,,1.8,HIGH,Account Ban / Suspension,True
RGT-000750,CUST-4B0F6900,I was charged twice for the same RP bundle. I see two transactions on my statement for $25.00.,Valorant,2023-09-14 10:56:54,2.0,62.84,MEDIUM,Missing RP / Purchase Issue,True
RGT-001804,CUST-B7D9B9ED,Duo partner and I are being put into the wrong queue tier. We are Diamond 2 and 3 but matched in Plat.,Legends of Runeterra,2023-03-16 13:08:50,2.0,113.56,LOW,Ranked & Matchmaking,True
RGT-001979,CUST-2AE1BE16,The EUW server has been unstable all weekend. Multiple disconnects per gaming session.,Wild Rift,2024-06-25 06:44:47,2.0,4.8,HIGH,Server Latency / Lag,True
RGT-001615,CUST-7709DC90,I got permabanned for 'toxic behaviour' but all I did was mute my teammates. This seems unfair.,League of Legends,2023-07-11 12:58:00,16.0,68.46,MEDIUM,Account Ban / Suspension,True
RGT-000909,CUST-37C7A4E0,I was gifted a skin I already owned. The duplicate was auto-converted to orange essence. I want a refund.,Legends of Runeterra,2023-01-23 09:16:00,0.0,25.31,MEDIUM,Refund Request,True
RGT-002403,CUST-82545D92,RP purchase failed but the money was deducted from my account. This is the second time this has happened.,Legends of Runeterra,,2.0,12.89,LOW,Missing RP / Purchase Issue,True
RGT-002453,CUST-812BA472,My Riot Points are missing after I topped up. I have the bank receipt. Please refund or credit my account.,Wild Rift,2024-03-25 20:34:31,4.0,36.36,MEDIUM,Missing RP / Purchase Issue,True
RGT-001371,CUST-3B5E48DD,I called out a griefer and got chat banned while they did not. The system feels inconsistent.,Wild Rift,2023-11-22 04:37:42,2.0,66.84,MEDIUM,Chat Restriction Appeal,True
RGT-002571,CUST-64865559,Got a chat ban that escalated to a full account suspension. The context was taken out of context. I want to appeal.,Teamfight Tactics,2023-11-03 09:19:08,4.0,28.74,MEDIUM,Account Ban / Suspension,True
RGT-000971,CUST-36250838,I was banned for account sharing. I let my brother play once. Is there a way to appeal this decision?,Legends of Runeterra,2024-03-30 20:46:11,0.0,3.16,MEDIUM,Account Ban / Suspension,True
RGT-000014,CUST-404297A8,I received a 14-day suspension for allegedly using scripts. I have never used any third-party software. Please investigate.,Legends of Runeterra,2023-05-08 21:03:30,0.0,,MEDIUM,Account Ban / Suspension,False
RGT-000874,CUST-DD0144EA,Got a chat ban that escalated to a full account suspension. The context was taken out of context. I want to appeal.,League of Legends,2023-09-04 22:28:58,1.0,1.07,MEDIUM,Account Ban / Suspension,True
RGT-000809,CUST-BC359A86,"Bought a bundle in the store, got charged but the content never appeared in my collection.",Wild Rift,2023-05-03 16:16:26,5.0,67.82,LOW,Missing RP / Purchase Issue,True
RGT-002658,CUST-60798F60,"Purchased RP via prepaid card, entered the code but nothing was credited. Code: RITO-8FE8BC.",Legends of Runeterra,2023-11-25 05:15:56,3.0,1.98,HIGH,Missing RP / Purchase Issue,True
RGT-000515,CUST-CD15BFFA,"After updating, all my settings were reset. Also my custom game configurations are gone.",League of Legends,2023-02-20 12:12:49,0.0,36.63,MEDIUM,Client Bug / Crash,True
RGT-002487,CUST-630A1B8F,I cannot log into my account. I reset my password but the 2FA code is going to an old email I lost access to.,Valorant,2023-08-01 21:59:45,3.0,,MEDIUM,Login / 2FA Issue,False
RGT-000410,CUST-84591BE0,I was punished for saying 'gg ez' which is a common phrase. I disagree this violates community standards.,Teamfight Tactics,2023-04-09 05:38:13,0.0,41.86,LOW,Chat Restriction Appeal,True
RGT-001456,CUST-0C333566,Audio cuts out completely mid-game after around 20 minutes of play. Rolling back drivers did not fix it.,Wild Rift,2023-07-10 13:47:53,2.0,120.23,LOW,Client Bug / Crash,True
RGT-002766,CUST-FA9DBD80,Cheater ruined 3 games in a row. Your reporting system seems broken. They are still not banned.,Teamfight Tactics,2023-02-18 09:08:18,24.0,3.03,HIGH,Cheat / Hacker Report,True
RGT-001398,CUST-7D5033BE,There is a blatant scripter in my ranked game. They had 0ms reaction time and perfect skill shots all game.,Teamfight Tactics,2023-04-30 05:36:06,2.0,8.41,MEDIUM,Cheat / Hacker Report,True
RGT-001863,CUST-A8CD9E15,I was charged twice for the same RP bundle. I see two transactions on my statement for $35.00.,Legends of Runeterra,2024-02-28 15:14:47,2.0,1.09,HIGH,Missing RP / Purchase Issue,True
RGT-002216,CUST-FE972C20,,Legends of Runeterra,2023-05-11 13:23:44,27.0,17.99,MEDIUM,Account Ban / Suspension,True
RGT-001806,CUST-46BFE25C,There is a blatant scripter in my ranked game. They had 0ms reaction time and perfect skill shots all game.,Teamfight Tactics,2023-06-13 07:17:06,1.0,24.43,MEDIUM,Cheat / Hacker Report,True
RGT-000383,CUST-C684BA4E,The Lunar New Year bundle charged me but only delivered half the content. Missing the ward skin and icon.,Valorant,2024-04-21 21:09:40,0.0,74.23,LOW,Missing RP / Purchase Issue,True
RGT-001678,CUST-DAB2F333,I purchased a champion that is currently on free rotation. I would like a refund as this was misleading.,League of Legends,2024-05-01 14:02:55,1.0,6.36,MEDIUM,Refund Request,True
RGT-002954,CUST-3D51023D,This player admitted to using scripts in chat. I have a screenshot. How do I submit it?,Legends of Runeterra,2023-07-30 19:42:21,34.0,15.01,MEDIUM,Cheat / Hacker Report,True
RGT-001507,CUST-7A32E5DE,I was in promo series but the server crashed mid-game. The loss was counted against me.,Wild Rift,2023-04-14 14:13:23,18.0,9.33,MEDIUM,Ranked & Matchmaking,True
RGT-002270,CUST-E365E0A1,Cheater ruined 3 games in a row. Your reporting system seems broken. They are still not banned.,League of Legends,2024-01-12 06:59:19,22.0,117.65,LOW,Cheat / Hacker Report,True
RGT-001447,CUST-40672E0E,My League account got banned out of nowhere. I was just playing ranked and then I got logged out. Can you explain why?,Wild Rift,2024-03-12 14:17:34,1.0,1.94,HIGH,Account Ban / Suspension,True
RGT-000553,CUST-630A1B8F,The game client crashes every time I enter champion select. I reinstalled but the problem persists.,Teamfight Tactics,2023-04-08 12:37:36,0.0,2.31,MEDIUM,Client Bug / Crash,True
RGT-000223,CUST-2A4294FC,My son made an unauthorized purchase on my account. He is 9 years old. Please refund $20.00.,Valorant,2023-06-04 15:40:30,0.0,,HIGH,Refund Request,False
RGT-001097,CUST-C684BA4E,I accidentally purchased the wrong champion. Can I get a refund? I only have one refund token left.,League of Legends,2023-05-09 04:55:31,1.0,5.83,HIGH,Missing RP / Purchase Issue,True
RGT-002678,CUST-B46EEE4B,The Lunar New Year bundle charged me but only delivered half the content. Missing the ward skin and icon.,Valorant,2023-08-28 16:28:01,6.0,0.13,HIGH,Missing RP / Purchase Issue,True
RGT-000009,CUST-6AC348D2,Account recovery is not working. I no longer have access to the email or phone number on record.,Valorant,2023-05-09 06:11:22,0.0,,MEDIUM,Login / 2FA Issue,False
RGT-001576,CUST-35622996,2FA is sending codes but they expire before I can enter them. Clock sync on my phone is correct.,Wild Rift,2023-02-12 08:07:01,3.0,31.4,MEDIUM,Login / 2FA Issue,True
RGT-000317,CUST-ABA4C4B7,"After updating, all my settings were reset. Also my custom game configurations are gone.",Wild Rift,2024-01-17 16:27:44,4.0,63.28,MEDIUM,Client Bug / Crash,True
RGT-000428,CUST-C4731564,I was punished for saying 'gg ez' which is a common phrase. I disagree this violates community standards.,Wild Rift,Jan 2023,6.0,,LOW,Chat Restriction Appeal,True
RGT-002168,CUST-DAB2F333,I purchased an emote for a character I no longer play. Refund would be appreciated.,Legends of Runeterra,2024-03-31 20:50:50,3.0,40.03,MEDIUM,Refund Request,True
RGT-000106,CUST-2AE5E127,My custom Draven skin shows the wrong splash art in the loading screen.,League of Legends,2023-04-09 01:05:53,2.0,5.01,LOW,Champion / Skin Bug,True
RGT-001477,CUST-2AE5E127,My account RiotUser#68794 was permanently banned but I never cheated. Please review the ban.,Valorant,2023-09-16 19:24:04,18.0,91.79,MEDIUM,Account Ban / Suspension,True
RGT-000143,CUST-AB7EE0E4,I received a 14-day suspension for allegedly using scripts. I have never used any third-party software. Please investigate.,Wild Rift,2023-05-27 03:37:04,0.0,,MEDIUM,Account Ban / Suspension,False
RGT-000122,CUST-6E9E55C7,FPS dropping from 200 to single digits every few minutes since patch 14.6. My hardware is fine.,League of Legends,2024-02-12 04:23:56,,71.4,LOW,Client Bug / Crash,True
RGT-002444,CUST-65D3B0FA,Jinx's passive is not triggering correctly after the latest patch. The movement speed buff is inconsistent.,Legends of Runeterra,2024-05-10 04:45:13,2.0,11.91,MEDIUM,Champion / Skin Bug,True
RGT-002952,CUST-023FE7E6,I was banned for account sharing. I let my brother play once. Is there a way to appeal this decision?,Valorant,2024-01-04 07:38:55,36.0,8.85,LOW,Account Ban / Suspension,True
RGT-001190,CUST-CDB94453,Got a communication ban for using my native language which the filter incorrectly flagged.,Wild Rift,2023-05-22 23:07:18,14.0,94.06,LOW,Chat Restriction Appeal,True
RGT-002024,CUST-BA4754CE,I purchased a champion that is currently on free rotation. I would like a refund as this was misleading.,League of Legends,2023-08-21 12:39:01,3.0,,HIGH,Refund Request,False
RGT-002680,CUST-A9770EA6,Account banned with no explanation. I spent over $500 on this account. Please look into this immediately.,Valorant,2024-02-05 08:35:42,2.0,15.99,MEDIUM,Account Ban / Suspension,True
RGT-001460,CUST-DE92DE08,Got a communication ban for using my native language which the filter incorrectly flagged.,Teamfight Tactics,2023-08-03 01:44:39,2.0,,MEDIUM,Chat Restriction Appeal,False
RGT-000116,CUST-B2AAEFD4,Audio cuts out completely mid-game after around 20 minutes of play. Rolling back drivers did not fix it.,Teamfight Tactics,2023-07-27 18:02:00,1.0,14.33,MEDIUM,Client Bug / Crash,True
RGT-002103,CUST-01E0218A,I received a 14-day suspension for allegedly using scripts. I have never used any third-party software. Please investigate.,Legends of Runeterra,2023-10-05 10:15:58,27.0,21.03,MEDIUM,Account Ban / Suspension,True
RGT-001612,CUST-9C359572,Possible griefing bot detected on the enemy team. All five of them stood still in base.,League of Legends,2023-11-06 23:15:48,1.0,9.2,MEDIUM,Cheat / Hacker Report,True
RGT-002212,CUST-C7E0960A,I completed my placement matches but my rank is much lower than last season. Is this expected?,Legends of Runeterra,2023-08-12 07:48:22,26.0,74.28,LOW,Ranked & Matchmaking,True
RGT-002883,CUST-3C8F8826,This player in my last game was clearly using an aimbot. Every bullet was a headshot through smoke.,Teamfight Tactics,2023-09-25 01:04:28,6.0,1.5,HIGH,Cheat / Hacker Report,True
RGT-DUPE-0036,CUST-CB9803F9,Remake did not trigger even though a player was AFK from champion select. Lost LP unfairly.,League of Legends,2024-05-02 23:13:56,0.0,8.94,MEDIUM,Ranked & Matchmaking,True
RGT-001704,CUST-6A23E27B,,Valorant,2023-06-02 14:57:53,2.0,,HIGH,Account Ban / Suspension,True
RGT-001914,CUST-050C71EC,"Hello, my account was flagged and restricted. I believe this is a false positive from your anti-cheat. I need an appeal.",Wild Rift,2023-02-27 09:18:16,4.0,,HIGH,Account Ban / Suspension,False
RGT-000673,CUST-FE972C20,I accidentally purchased the wrong champion. Can I get a refund? I only have one refund token left.,Valorant,2023-07-13 08:39:25,14.0,229.93,LOW,Missing RP / Purchase Issue,True
RGT-002787,CUST-EBC9FA07,My Riot Points are missing after I topped up. I have the bank receipt. Please refund or credit my account.,Valorant,2023-06-27 00:23:17,2.0,107.63,LOW,Missing RP / Purchase Issue,True
RGT-001738,CUST-4CF66CD9,Got a chat ban that escalated to a full account suspension. The context was taken out of context. I want to appeal.,Teamfight Tactics,2023-10-24 21:18:11,,29.8,MEDIUM,Account Ban / Suspension,True
RGT-001617,CUST-B8EE1033,,Valorant,2023-09-08 05:28:11,,73.57,LOW,Missing RP / Purchase Issue,True
RGT-000592,CUST-1D5272DD,Reporting a player for using wallhacks in Valorant. Their username is Player6123. Please review game ID NA1_4630302254.,Valorant,2023-07-06 10:36:32,1.0,208.66,LOW,Cheat / Hacker Report,True
RGT-002801,CUST-FE972C20,I keep getting matched against the same scripter. Already reported in-game but they are still playing.,Valorant,2023-03-15 14:36:15,41.0,141.24,LOW,Cheat / Hacker Report,True
RGT-000889,CUST-447B0161,Requesting a refund on a bundle because it was not clearly labelled that it included champions I already own.,Valorant,2023-10-11 16:07:09,2.0,,HIGH,Refund Request,False
RGT-001869,CUST-8F005973,Got a communication ban for using my native language which the filter incorrectly flagged.,League of Legends,2023-05-22 13:55:44,6.0,,MEDIUM,Chat Restriction Appeal,False
RGT-001780,CUST-121B8EE4,My League account got banned out of nowhere. I was just playing ranked and then I got logged out. Can you explain why?,Teamfight Tactics,2023-04-24 05:17:55,3.0,0.12,HIGH,Account Ban / Suspension,True
RGT-001973,CUST-C07C5C1F,I lost LP for a loss that was not my fault. My teammates went AFK in the first 5 minutes.,Wild Rift,2024-03-29 14:53:45,0.0,45.27,MEDIUM,Ranked & Matchmaking,True
RGT-000214,CUST-DE92DE08,Player using Elo-boosting service. They were clearly being played by someone else based on behaviour change.,Valorant,2024-05-13 13:15:23,0.0,3.14,HIGH,Cheat / Hacker Report,True
RGT-000779,CUST-CDB94453,The Lunar New Year bundle charged me but only delivered half the content. Missing the ward skin and icon.,Legends of Runeterra,2023-10-13 03:19:00,6.0,1.23,MEDIUM,Missing RP / Purchase Issue,True
RGT-001778,CUST-C91C1ECE,I purchased a champion that is currently on free rotation. I would like a refund as this was misleading.,Legends of Runeterra,2024-01-27 01:08:01,24.0,186.55,LOW,Refund Request,True
RGT-000801,CUST-9BFC5E9A,I received a 14-day suspension for allegedly using scripts. I have never used any third-party software. Please investigate.,League of Legends,2023-04-03 21:20:44,1.0,75.59,LOW,Account Ban / Suspension,True
RGT-DUPE-0026,CUST-7204AB09,Getting a black screen on launch. The process shows in Task Manager but nothing displays.,Wild Rift,2023-02-08 14:12:10,6.0,135.33,LOW,Client Bug / Crash,True
RGT-001733,CUST-77E302EC,My chat restriction ended but I am still unable to type in-game. There seems to be a bug.,Wild Rift,2023-04-13 23:55:11,3.0,25.23,MEDIUM,Chat Restriction Appeal,True
RGT-DUPE-0023,CUST-17B12739,"My smurf account was banned, now my main account is also restricted. I do not understand what happened.",Teamfight Tactics,2024-01-13 02:28:35,0.0,93.79,LOW,Account Ban / Suspension,True
RGT-002356,CUST-DD0144EA,Kindred's Q ability is not applying on-hit effects correctly with the Spirit Blossom skin equipped.,League of Legends,2024-01-12 10:57:27,4.0,2.02,HIGH,Champion / Skin Bug,True
RGT-002745,CUST-7A32E5DE,Login fails with 'incorrect password' even after a password reset. I have cleared cookies and cache.,Valorant,2023-12-26 16:33:35,36.0,41.07,MEDIUM,Login / 2FA Issue,True
RGT-002795,CUST-5F210E14,This player admitted to using scripts in chat. I have a screenshot. How do I submit it?,Teamfight Tactics,2024-01-14 17:23:34,36.0,1.44,MEDIUM,Cheat / Hacker Report,True
RGT-001344,CUST-FBD3774A,Account logged in on an unrecognised device. I changed password but 2FA was not set up. How do I add it now?,League of Legends,2023-04-14 11:46:42,1.0,1.72,HIGH,Login / 2FA Issue,True
RGT-000274,CUST-E365E0A1,I accidentally purchased the wrong champion. Can I get a refund? I only have one refund token left.,Valorant,2023-11-12 05:26:49,3.0,10.45,MEDIUM,Missing RP / Purchase Issue,True
RGT-000072,CUST-C4731564,Account logged in on an unrecognised device. I changed password but 2FA was not set up. How do I add it now?,Valorant,2023-03-27 09:10:32,2.0,25.97,MEDIUM,Login / 2FA Issue,True
RGT-002277,CUST-01E0218A,,Wild Rift,2024-01-25 23:27:43,29.0,14.93,MEDIUM,Account Ban / Suspension,True
RGT-001088,CUST-C4731564,Duo partner and I are being put into the wrong queue tier. We are Diamond 2 and 3 but matched in Plat.,Valorant,2023-01-13 11:19:10,16.0,77.13,MEDIUM,Ranked & Matchmaking,True
RGT-000395,CUST-733AC364,I cannot log into my account. I reset my password but the 2FA code is going to an old email I lost access to.,Wild Rift,2023-12-18 23:17:02,2.0,3.19,LOW,Login / 2FA Issue,True
RGT-000584,CUST-DF7589A3,The new Ahri skin has a visual glitch where her tails disappear during her ultimate animation.,League of Legends,2023-09-01 01:33:02,1.0,2.96,HIGH,Champion / Skin Bug,True
RGT-002081,CUST-3D51023D,I was banned for account sharing. I let my brother play once. Is there a way to appeal this decision?,Valorant,2024-06-09 20:16:50,21.0,13.99,MEDIUM,Account Ban / Suspension,True
RGT-002962,CUST-BC359A86,I was gifted a skin I already owned. The duplicate was auto-converted to orange essence. I want a refund.,Wild Rift,2023-06-06 21:06:53,19.0,,LOW,Refund Request,False
RGT-000501,CUST-2A231E0F,My account RiotUser#49062 was permanently banned but I never cheated. Please review the ban.,Teamfight Tactics,2023-10-19 16:04:21,,68.16,MEDIUM,Account Ban / Suspension,True
RGT-002099,CUST-A897F389,Constant 'Connection Error' messages in client even though my internet is working perfectly.,Valorant,2023-04-30 09:08:34,3.0,79.02,MEDIUM,Client Bug / Crash,True
RGT-002292,CUST-4CF66CD9,I keep getting matched against the same scripter. Already reported in-game but they are still playing.,Legends of Runeterra,2023-04-16 16:38:20,33.0,,MEDIUM,Cheat / Hacker Report,False
RGT-ND-9009,CUST-52F9765C,My credit card was billed twice for a single purchase.,League of Legends,2023-06-15 14:30:00,2.0,10.0,MEDIUM,Missing RP / Purchase Issue,True
RGT-002824,CUST-FFECECC1,I received a 14-day suspension for allegedly using scripts. I have never used any third-party software. Please investigate.,Teamfight Tactics,2023-04-29 03:34:47,3.0,129.84,LOW,Account Ban / Suspension,True
RGT-001568,CUST-4244656B,Permanent ban issued on my account. I have 3000 hours on this game and have never violated ToS. Please help.,Legends of Runeterra,2023-06-10 02:32:58,3.0,3.49,HIGH,Account Ban / Suspension,True
RGT-001260,CUST-1767AA4A,Remake did not trigger even though a player was AFK from champion select. Lost LP unfairly.,Teamfight Tactics,2024-03-30 20:28:14,19.0,,MEDIUM,Ranked & Matchmaking,False
RGT-001715,CUST-015B8874,I received a 14-day suspension for allegedly using scripts. I have never used any third-party software. Please investigate.,Teamfight Tactics,2023-06-09 01:37:40,2.0,5.2,HIGH,Account Ban / Suspension,True
RGT-002092,CUST-E365E0A1,Matchmaking is putting me against players 3 tiers above me. This has been happening all week.,Valorant,2024-04-28 01:00:53,20.0,8.24,MEDIUM,Ranked & Matchmaking,True
RGT-000206,CUST-1767AA4A,Account banned with no explanation. I spent over $500 on this account. Please look into this immediately.,Valorant,2024-02-13 18:50:51,4.0,141.91,LOW,Account Ban / Suspension,True
RGT-000734,CUST-C4731564,"Bought a bundle in the store, got charged but the content never appeared in my collection.",Valorant,2024-01-17 03:08:45,11.0,3.26,HIGH,Missing RP / Purchase Issue,True
RGT-001868,CUST-5C8E2E99,,Valorant,2024-04-07 11:40:16,16.0,102.89,LOW,Ranked & Matchmaking,True
RGT-000527,CUST-89D7ECA0,Remake did not trigger even though a player was AFK from champion select. Lost LP unfairly.,Legends of Runeterra,2024-06-23 10:35:55,2.0,47.54,LOW,Ranked & Matchmaking,True
RGT-001468,CUST-D844F129,I was banned for account sharing. I let my brother play once. Is there a way to appeal this decision?,Teamfight Tactics,2024-02-12 08:10:27,2.0,11.74,MEDIUM,Account Ban / Suspension,True
RGT-000899,CUST-82545D92,Matchmaking is putting me against players 3 tiers above me. This has been happening all week.,Wild Rift,2023-09-05 19:47:01,0.0,43.15,LOW,Ranked & Matchmaking,True
RGT-000378,CUST-0BDF6CA8,I was banned for account sharing. I let my brother play once. Is there a way to appeal this decision?,Wild Rift,2023-12-04 16:02:07,0.0,0.05,HIGH,Account Ban / Suspension,True
RGT-002429,CUST-7A32E5DE,Kindred's Q ability is not applying on-hit effects correctly with the Spirit Blossom skin equipped.,Legends of Runeterra,2024-04-01 15:40:07,31.0,45.7,LOW,Champion / Skin Bug,True
RGT-002765,CUST-62F89721,I purchased a champion that is currently on free rotation. I would like a refund as this was misleading.,League of Legends,2023-01-19 01:10:35,5.0,13.17,MEDIUM,Refund Request,True
RGT-002871,CUST-C83A36A8,Getting lag spikes every few minutes that last about 2 seconds. This started after last Tuesday's patch.,Wild Rift,2023-02-15 00:36:56,4.0,32.77,MEDIUM,Server Latency / Lag,True
RGT-000387,CUST-724261F7,I was banned for account sharing. I let my brother play once. Is there a way to appeal this decision?,Wild Rift,2023-10-29 23:09:07,0.0,1.56,MEDIUM,Account Ban / Suspension,True
RGT-000199,CUST-404297A8,,Valorant,2024-03-31 06:02:43,2.0,7.19,MEDIUM,Missing RP / Purchase Issue,True
RGT-001051,CUST-ABA4C4B7,Permanent ban issued on my account. I have 3000 hours on this game and have never violated ToS. Please help.,Wild Rift,2023-07-08 01:04:23,13.0,8.7,MEDIUM,Account Ban / Suspension,True
RGT-000591,CUST-676E48EA,"Hello, my account was flagged and restricted. I believe this is a false positive from your anti-cheat. I need an appeal.",Teamfight Tactics,2023-12-31 00:33:50,1.0,50.23,LOW,Account Ban / Suspension,True
RGT-000520,CUST-5F2DF238,This player admitted to using scripts in chat. I have a screenshot. How do I submit it?,Valorant,2023-09-23 06:59:21,0.0,5.04,MEDIUM,Cheat / Hacker Report,True
RGT-002088,CUST-5948519D,The client update bricked my installation. Now I get error code 0xCE83 on startup.,Wild Rift,2024-01-25 06:33:00,3.0,68.92,MEDIUM,Client Bug / Crash,True
RGT-002108,CUST-6348CE13,Blatant cheater in Diamond ranked. Please investigate account RiotUser#84907. They were toggling aimbot openly.,Legends of Runeterra,2023-08-25 22:31:38,3.0,3.71,MEDIUM,Cheat / Hacker Report,True
RGT-000430,CUST-E573FEE4,My custom Draven skin shows the wrong splash art in the loading screen.,Legends of Runeterra,2023-03-23 16:32:45,0.0,12.12,MEDIUM,Champion / Skin Bug,True
RGT-001084,CUST-5F210E14,I purchased an emote for a character I no longer play. Refund would be appreciated.,Teamfight Tactics,2023-06-22 15:25:16,13.0,1.68,HIGH,Refund Request,True
RGT-000208,CUST-023FE7E6,My clash tournament registration was cancelled without notification. Please refund the ticket fee.,Valorant,2023-04-20 05:46:56,4.0,9.65,MEDIUM,Ranked & Matchmaking,True
RGT-000492,CUST-20E2A652,Permanent ban issued on my account. I have 3000 hours on this game and have never violated ToS. Please help.,Legends of Runeterra,13/32/2023 10:00:00,0.0,10.7,HIGH,Account Ban / Suspension,True
RGT-001426,CUST-CDB94453,Cheater ruined 3 games in a row. Your reporting system seems broken. They are still not banned.,Valorant,2024-02-28 12:18:43,20.0,6.47,MEDIUM,Cheat / Hacker Report,True
RGT-002999,CUST-00BEEC20,Getting error UX-1 when attempting to sign in. This started after your maintenance window yesterday.,League of Legends,2023-02-05 09:18:05,4.0,27.19,MEDIUM,Login / 2FA Issue,True
RGT-000793,CUST-C01D4863,My Riot Points are missing after I topped up. I have the bank receipt. Please refund or credit my account.,Valorant,2023-04-14 00:46:34,1.0,,MEDIUM,Missing RP / Purchase Issue,False
RGT-002619,CUST-94D9DD38,My Pulsefire Ezreal skin's recall animation is broken. It just shows the default animation instead.,Legends of Runeterra,2023-12-26 13:12:59,6.0,19.58,MEDIUM,Champion / Skin Bug,True
RGT-001187,CUST-C9A78D21,Locked out of my account after too many failed login attempts. I was trying to recover access legitimately.,Teamfight Tactics,2023-10-07 13:49:29,2.0,2.3,HIGH,Login / 2FA Issue,True
RGT-001186,CUST-116302BD,I used my last refund token on an item I now see is in the next sale. Can I have an exception?,Valorant,2024-02-23 04:52:21,3.0,2.07,MEDIUM,Refund Request,True
RGT-002345,CUST-5948519D,I got permabanned for 'toxic behaviour' but all I did was mute my teammates. This seems unfair.,League of Legends,2023-05-21 12:53:00,4.0,8.89,HIGH,Account Ban / Suspension,True
RGT-001433,CUST-2AE5E127,The shop tab in the client is blank. I cannot browse or purchase anything. Tried clearing cache.,Wild Rift,2024-03-27 01:15:52,17.0,10.76,MEDIUM,Client Bug / Crash,True
RGT-002740,CUST-C7E0960A,Permanent ban issued on my account. I have 3000 hours on this game and have never violated ToS. Please help.,Teamfight Tactics,13/32/2023 10:00:00,32.0,61.82,LOW,Account Ban / Suspension,True
RGT-000084,CUST-64865559,I purchased the Battle Pass but didn't receive the rewards. Transaction ID: TXN-0F8335B1.,Wild Rift,2023-03-31 10:59:14,0.0,37.39,LOW,Missing RP / Purchase Issue,True
RGT-002442,CUST-924F38A5,Permanent ban issued on my account. I have 3000 hours on this game and have never violated ToS. Please help.,Valorant,2024-06-14 21:33:45,3.0,30.95,MEDIUM,Account Ban / Suspension,True
RGT-002642,CUST-3D51023D,There is a blatant scripter in my ranked game. They had 0ms reaction time and perfect skill shots all game.,League of Legends,2023-10-09 14:47:27,30.0,114.08,MEDIUM,Cheat / Hacker Report,True
RGT-000021,CUST-E365E0A1,Reporting a player for using wallhacks in Valorant. Their username is Player1590. Please review game ID NA1_8879525611.,Legends of Runeterra,2023-04-09 23:45:24,0.0,3.08,LOW,Cheat / Hacker Report,True
RGT-002644,CUST-57FBCB14,I lost LP for a loss that was not my fault. My teammates went AFK in the first 5 minutes.,Valorant,2023-10-29 03:57:58,22.0,97.89,LOW,Ranked & Matchmaking,True
RGT-002822,CUST-8A8F6164,,Legends of Runeterra,2023-07-18 00:46:56,9.0,171.62,LOW,Account Ban / Suspension,True
RGT-001406,CUST-B24928A2,I cannot log into my account. I reset my password but the 2FA code is going to an old email I lost access to.,Teamfight Tactics,2023-03-01 18:54:27,2.0,21.21,MEDIUM,Login / 2FA Issue,True
RGT-002059,CUST-EBC9FA07,The Arcane Vi skin causes my game to crash during the level-up animation. Reproducible every time.,Wild Rift,2023-08-22 13:23:38,1.0,,LOW,Champion / Skin Bug,False
RGT-002776,CUST-AC643856,"Hello, my account was flagged and restricted. I believe this is a false positive from your anti-cheat. I need an appeal.",Wild Rift,2024-02-21 15:03:22,6.0,26.35,MEDIUM,Account Ban / Suspension,True
RGT-002058,CUST-4720A994,Packet loss of around 15 percent during peak hours. Unplayable. Other games are fine.,Valorant,2024-02-07 01:44:33,6.0,3.29,HIGH,Server Latency / Lag,True
RGT-000974,CUST-0981939A,I got permabanned for 'toxic behaviour' but all I did was mute my teammates. This seems unfair.,Valorant,2023-03-04 02:44:24,2.0,,LOW,Account Ban / Suspension,False
RGT-002875,CUST-A9770EA6,I received a 14-day suspension for allegedly using scripts. I have never used any third-party software. Please investigate.,Legends of Runeterra,2024-06-18 21:00:17,3.0,49.15,MEDIUM,Account Ban / Suspension,True
RGT-000884,CUST-F7F59242,Audio cuts out completely mid-game after around 20 minutes of play. Rolling back drivers did not fix it.,Valorant,2023-03-17 09:24:55,0.0,,MEDIUM,Client Bug / Crash,True
RGT-001099,CUST-C83A36A8,I was banned for account sharing. I let my brother play once. Is there a way to appeal this decision?,League of Legends,2023-05-22 02:14:53,0.0,5.07,HIGH,Account Ban / Suspension,True
RGT-000157,CUST-8840EC6E,Constant 'Connection Error' messages in client even though my internet is working perfectly.,League of Legends,2023-10-29 05:06:27,0.0,36.25,MEDIUM,Client Bug / Crash,True
RGT-002349,CUST-4B079F84,,Wild Rift,2023-12-09 20:58:35,20.0,12.18,MEDIUM,Ranked & Matchmaking,True
RGT-000887,CUST-E5A3E89B,This player in my last game was clearly using an aimbot. Every bullet was a headshot through smoke.,Valorant,2023-01-16 11:58:18,2.0,,LOW,Cheat / Hacker Report,False
RGT-ND-9028,CUST-C7E0960A,Game crashes on the loading screen every time.,League of Legends,2023-06-15 14:30:00,2.0,10.0,MEDIUM,Missing RP / Purchase Issue,True
RGT-002980,CUST-724261F7,Matchmaking is putting me against players 3 tiers above me. This has been happening all week.,Valorant,2024-05-17 16:12:38,3.0,16.73,MEDIUM,Ranked & Matchmaking,True
RGT-002555,CUST-529E139B,Player using Elo-boosting service. They were clearly being played by someone else based on behaviour change.,League of Legends,2024-02-17 15:07:15,5.0,6.28,MEDIUM,Cheat / Hacker Report,True
RGT-001597,CUST-023FE7E6,Requesting a refund on a bundle because it was not clearly labelled that it included champions I already own.,Valorant,2023-02-21 14:19:55,16.0,2.09,HIGH,Refund Request,True
RGT-DUPE-0033,CUST-1B562D78,Lost 40 LP for a game I disconnected from due to power outage. Can this be reversed?,Legends of Runeterra,2023-08-29 16:08:28,,,MEDIUM,Ranked & Matchmaking,False
RGT-001946,CUST-3C8F8826,"After updating, all my settings were reset. Also my custom game configurations are gone.",Valorant,2024-05-23 03:06:53,4.0,22.59,MEDIUM,Client Bug / Crash,True
RGT-002340,CUST-5C770011,Got a chat ban that escalated to a full account suspension. The context was taken out of context. I want to appeal.,Teamfight Tactics,2023-04-20 15:06:08,2.0,,MEDIUM,Account Ban / Suspension,False
RGT-002731,CUST-AEAB083D,Duo partner and I are being put into the wrong queue tier. We are Diamond 2 and 3 but matched in Plat.,League of Legends,2023-03-31 22:50:05,4.0,8.56,MEDIUM,Ranked & Matchmaking,True
RGT-000459,CUST-C91C1ECE,Got a chat ban that escalated to a full account suspension. The context was taken out of context. I want to appeal.,Wild Rift,2023-11-03 13:40:54,7.0,,LOW,Account Ban / Suspension,False
RGT-002017,CUST-25A0FA26,I was in promo series but the server crashed mid-game. The loss was counted against me.,Valorant,2023-12-06 23:22:49,3.0,0.71,MEDIUM,Ranked & Matchmaking,True
RGT-000079,CUST-F7E0BA15,I got permabanned for 'toxic behaviour' but all I did was mute my teammates. This seems unfair.,Teamfight Tactics,2023-05-21 03:11:57,0.0,22.98,LOW,Account Ban / Suspension,True
RGT-DUPE-0000,CUST-2D5422EC,Ranked queue dodging penalty applied even though I did not dodge. I was in loading screen.,Wild Rift,2024-03-08 22:48:42,2.0,6.62,HIGH,Ranked & Matchmaking,True
RGT-001057,CUST-241DCDA1,The client update bricked my installation. Now I get error code 0xF605 on startup.,Valorant,2024-03-11 20:39:19,0.0,101.86,LOW,Client Bug / Crash,True
RGT-000907,CUST-4CF66CD9,Got a chat ban that escalated to a full account suspension. The context was taken out of context. I want to appeal.,Legends of Runeterra,2023-02-15 20:14:09,7.0,15.41,MEDIUM,Account Ban / Suspension,True
RGT-002145,CUST-91144FD2,2FA is sending codes but they expire before I can enter them. Clock sync on my phone is correct.,Wild Rift,2023-01-28 03:12:20,3.0,63.11,MEDIUM,Login / 2FA Issue,True
RGT-002283,CUST-FE972C20,"My MMR seems stuck. I win 8 games in a row and gain 18 LP, then lose once and drop 25 LP.",League of Legends,2023-01-09 23:52:20,29.0,,MEDIUM,Ranked & Matchmaking,False
RGT-002779,CUST-D83851D5,"My MMR seems stuck. I win 8 games in a row and gain 18 LP, then lose once and drop 25 LP.",Wild Rift,2023-03-06 22:11:05,7.0,0.03,HIGH,Ranked & Matchmaking,True
RGT-000381,CUST-733AC364,There is a blatant scripter in my ranked game. They had 0ms reaction time and perfect skill shots all game.,Teamfight Tactics,2024-05-24 20:04:57,1.0,34.64,MEDIUM,Cheat / Hacker Report,True
RGT-000948,CUST-2B9D18FF,The client update bricked my installation. Now I get error code 0x6938 on startup.,Teamfight Tactics,2023-09-18 04:49:27,1.0,52.5,LOW,Client Bug / Crash,True
RGT-002149,CUST-C7E0960A,Transaction stuck as 'pending' for 48 hours. My bank confirmed the charge went through. Please help.,Legends of Runeterra,2023-12-09 11:27:41,24.0,39.2,MEDIUM,Missing RP / Purchase Issue,True
RGT-002769,CUST-969472B2,The Lunar New Year bundle charged me but only delivered half the content. Missing the ward skin and icon.,Legends of Runeterra,2024-03-07 16:31:59,2.0,,MEDIUM,Missing RP / Purchase Issue,False
RGT-000716,CUST-0AC56119,FPS dropping from 200 to single digits every few minutes since patch 13.9. My hardware is fine.,Legends of Runeterra,2023-08-03 11:42:13,3.0,,MEDIUM,Client Bug / Crash,False
RGT-002038,CUST-A81EE82F,My son made an unauthorized purchase on my account. He is 9 years old. Please refund $20.00.,Wild Rift,2023-03-25 23:02:09,1.0,97.6,LOW,Refund Request,True
RGT-000687,CUST-53D13EEB,My clash tournament registration was cancelled without notification. Please refund the ticket fee.,Teamfight Tactics,2023-11-09 23:23:08,3.0,26.61,MEDIUM,Ranked & Matchmaking,True
RGT-002645,CUST-5C8E2E99,I purchased the Battle Pass but didn't receive the rewards. Transaction ID: TXN-B7277BCA.,Valorant,2023-03-08 13:50:43,26.0,84.58,LOW,Missing RP / Purchase Issue,True
RGT-001294,CUST-B8EE1033,,Wild Rift,2023-06-08 07:58:36,0.0,5.79,MEDIUM,Account Ban / Suspension,True
RGT-000306,CUST-1962F4A0,The authenticator app code is being rejected. I re-scanned the QR code and still getting errors.,Teamfight Tactics,2023-03-27 17:11:29,0.0,,MEDIUM,Login / 2FA Issue,True
RGT-000210,CUST-E21ABCF8,"My smurf account was banned, now my main account is also restricted. I do not understand what happened.",Wild Rift,2024-05-20 14:57:07,1.0,,MEDIUM,Account Ban / Suspension,False
RGT-001585,CUST-BF047177,Login fails with 'incorrect password' even after a password reset. I have cleared cookies and cache.,Valorant,2023-05-29 13:15:00,0.0,21.86,MEDIUM,Login / 2FA Issue,True
RGT-002290,CUST-ABA4C4B7,This player admitted to using scripts in chat. I have a screenshot. How do I submit it?,Valorant,2023-10-01 02:58:28,28.0,56.05,MEDIUM,Cheat / Hacker Report,True
RGT-ND-9005,CUST-B46EEE4B,My credit card was billed twice for a single purchase.,League of Legends,2023-06-15 14:30:00,2.0,10.0,MEDIUM,Missing RP / Purchase Issue,True
RGT-ND-9018,CUST-46BFE25C,Cannot log into my account after password reset.,League of Legends,2023-06-15 14:30:00,2.0,10.0,MEDIUM,Missing RP / Purchase Issue,True
RGT-000886,CUST-CA66E01A,I used my last refund token on an item I now see is in the next sale. Can I have an exception?,Teamfight Tactics,2024-04-25 05:44:25,1.0,12.65,MEDIUM,Refund Request,True
RGT-001740,CUST-9EC8E46A,I got permabanned for 'toxic behaviour' but all I did was mute my teammates. This seems unfair.,Legends of Runeterra,2023-05-19 00:05:45,0.0,17.24,MEDIUM,Account Ban / Suspension,True
RGT-000918,CUST-AC643856,"Purchased RP via prepaid card, entered the code but nothing was credited. Code: RITO-1ACE17.",Wild Rift,2023-03-24 21:35:03,2.0,32.59,MEDIUM,Missing RP / Purchase Issue,True
RGT-001776,CUST-57F1BC20,Client keeps logging me out randomly. I have to re-enter my password multiple times per session.,Teamfight Tactics,2024-04-04 01:15:57,1.0,2.48,MEDIUM,Client Bug / Crash,True
RGT-001770,CUST-4B1AF024,Cheater ruined 3 games in a row. Your reporting system seems broken. They are still not banned.,League of Legends,2024-03-03 11:46:38,2.0,22.13,MEDIUM,Cheat / Hacker Report,True
RGT-000192,CUST-D83851D5,I received a 14-day suspension for allegedly using scripts. I have never used any third-party software. Please investigate.,League of Legends,2023-10-14 13:09:19,,,LOW,Account Ban / Suspension,False
RGT-001861,CUST-7A32E5DE,Several ability sound effects are missing for my Prestige Lux skin since the last update.,League of Legends,2024-02-20 22:55:57,23.0,,MEDIUM,Champion / Skin Bug,False
RGT-002104,CUST-75103BB2,This player in my last game was clearly using an aimbot. Every bullet was a headshot through smoke.,Valorant,2023-10-07 02:01:39,3.0,2.26,LOW,Cheat / Hacker Report,True
RGT-001266,CUST-282DA42F,,Legends of Runeterra,2024-05-22 20:03:43,0.0,,MEDIUM,Login / 2FA Issue,False
RGT-000484,CUST-75103BB2,Permanent ban issued on my account. I have 3000 hours on this game and have never violated ToS. Please help.,Wild Rift,2024-02-16 09:23:48,2.0,,LOW,Account Ban / Suspension,True
RGT-000916,CUST-C8EF30A7,My clash tournament registration was cancelled without notification. Please refund the ticket fee.,League of Legends,2023-03-04 15:00:15,0.0,20.91,MEDIUM,Ranked & Matchmaking,True
RGT-002679,CUST-1724F1B2,Kindred's Q ability is not applying on-hit effects correctly with the Spirit Blossom skin equipped.,Valorant,2023-01-22 07:23:55,2.0,,HIGH,Champion / Skin Bug,False
RGT-000278,CUST-3C8F8826,The authenticator app code is being rejected. I re-scanned the QR code and still getting errors.,Valorant,2023-10-21 18:22:14,0.0,35.06,LOW,Login / 2FA Issue,True
RGT-000989,CUST-44AD1558,This player in my last game was clearly using an aimbot. Every bullet was a headshot through smoke.,Legends of Runeterra,2023-01-31 14:56:22,0.0,43.7,LOW,Cheat / Hacker Report,True
RGT-001698,CUST-089FF8E0,Lost 40 LP for a game I disconnected from due to power outage. Can this be reversed?,Valorant,2024-05-25 18:00:22,3.0,,HIGH,Ranked & Matchmaking,False
RGT-002019,CUST-812BA472,I bought 3250 RP but it never showed up in my account. I was charged on my card though.,Valorant,2024-01-27 21:34:42,3.0,,HIGH,Missing RP / Purchase Issue,False
RGT-002951,CUST-630A1B8F,My account RiotUser#74525 was permanently banned but I never cheated. Please review the ban.,Legends of Runeterra,2023-10-21 10:29:29,4.0,,MEDIUM,Account Ban / Suspension,False
RGT-000572,CUST-AD0EDBC6,Transaction stuck as 'pending' for 48 hours. My bank confirmed the charge went through. Please help.,Wild Rift,2023-03-11 05:40:45,1.0,29.94,LOW,Missing RP / Purchase Issue,True
RGT-001436,CUST-07D61658,There is a blatant scripter in my ranked game. They had 0ms reaction time and perfect skill shots all game.,Wild Rift,2023-01-12 10:30:02,1.0,,LOW,Cheat / Hacker Report,False
RGT-000994,CUST-7A32E5DE,I called out a griefer and got chat banned while they did not. The system feels inconsistent.,Valorant,2024-02-26 05:34:08,13.0,84.69,LOW,Chat Restriction Appeal,True
RGT-001498,CUST-9F16D7C7,I bought 3250 RP but it never showed up in my account. I was charged on my card though.,Legends of Runeterra,2024-02-04 01:49:39,1.0,,LOW,Missing RP / Purchase Issue,False
RGT-001495,CUST-D6D08728,This player admitted to using scripts in chat. I have a screenshot. How do I submit it?,League of Legends,2023-06-18 01:09:38,2.0,3.53,HIGH,Cheat / Hacker Report,True
RGT-000586,CUST-2C90108F,I got permabanned for 'toxic behaviour' but all I did was mute my teammates. This seems unfair.,League of Legends,2023-04-22 06:15:38,1.0,18.42,MEDIUM,Account Ban / Suspension,True
RGT-DUPE-0027,CUST-911B09FE,Remake did not trigger even though a player was AFK from champion select. Lost LP unfairly.,Wild Rift,2023-05-10 13:21:32,3.0,1.83,HIGH,Ranked & Matchmaking,True
RGT-001749,CUST-95542775,I was charged twice for the same RP bundle. I see two transactions on my statement for $25.00.,Legends of Runeterra,2024-03-11 17:36:46,4.0,13.69,MEDIUM,Missing RP / Purchase Issue,True
RGT-ND-9023,CUST-C4731564,"Client freezes during loading screen, crash every game.",League of Legends,2023-06-15 14:30:00,2.0,10.0,MEDIUM,Missing RP / Purchase Issue,True
RGT-001350,CUST-7A32E5DE,I bought a new phone and now I cannot receive my 2FA SMS. Please help me recover access.,Teamfight Tactics,2024-02-27 07:19:40,15.0,3.5,HIGH,Login / 2FA Issue,True
RGT-001008,CUST-776C9714,The game client crashes every time I enter champion select. I reinstalled but the problem persists.,Valorant,2023-06-19 10:20:37,1.0,1.29,HIGH,Client Bug / Crash,True
RGT-000675,CUST-C4731564,I bought 3250 RP but it never showed up in my account. I was charged on my card though.,Legends of Runeterra,2023-07-05 08:11:22,10.0,4.48,MEDIUM,Missing RP / Purchase Issue,True
RGT-001833,CUST-AD716FA9,Cheater ruined 3 games in a row. Your reporting system seems broken. They are still not banned.,Valorant,2023-01-09 03:04:23,4.0,0.61,HIGH,Cheat / Hacker Report,True
RGT-000856,CUST-C7E0960A,Reporting a player for using wallhacks in Valorant. Their username is Player5128. Please review game ID NA1_4125707567.,League of Legends,2023-04-14 13:57:02,13.0,308.42,LOW,Cheat / Hacker Report,True
RGT-000448,CUST-84393CA6,I bought a new phone and now I cannot receive my 2FA SMS. Please help me recover access.,Valorant,2023-02-13 10:31:30,0.0,,LOW,Login / 2FA Issue,False
RGT-ND-9013,CUST-F84CD2F3,Login is failing even though I just reset my password.,League of Legends,2023-06-15 14:30:00,2.0,10.0,MEDIUM,Missing RP / Purchase Issue,True
RGT-001777,CUST-B703A4B4,Getting error UX-1 when attempting to sign in. This started after your maintenance window yesterday.,Teamfight Tactics,2023-10-23 13:41:37,6.0,28.11,MEDIUM,Login / 2FA Issue,True
RGT-001724,CUST-F4EFB584,I accidentally purchased the wrong champion. Can I get a refund? I only have one refund token left.,Valorant,2024-01-29 21:20:17,3.0,1.77,MEDIUM,Missing RP / Purchase Issue,True
RGT-002331,CUST-ED32F265,,League of Legends,2024-01-25 17:37:25,4.0,,MEDIUM,Refund Request,False
RGT-002758,CUST-5F210E14,"Purchased RP via prepaid card, entered the code but nothing was credited. Code: RITO-DA71BB.",Teamfight Tactics,2023-08-17 00:05:53,35.0,34.59,LOW,Missing RP / Purchase Issue,True
RGT-002458,CUST-61ADFAC6,Account banned with no explanation. I spent over $500 on this account. Please look into this immediately.,Legends of Runeterra,2024-02-06 22:36:14,18.0,82.69,MEDIUM,Account Ban / Suspension,True
RGT-002504,CUST-B701CA66,,Teamfight Tactics,2024-03-11 11:03:46,6.0,8.21,MEDIUM,Missing RP / Purchase Issue,True
RGT-002754,CUST-2AE5E127,The new Ahri skin has a visual glitch where her tails disappear during her ultimate animation.,League of Legends,2023-04-30 15:13:49,30.0,,LOW,Champion / Skin Bug,True
RGT-001248,CUST-B00F49B2,This player admitted to using scripts in chat. I have a screenshot. How do I submit it?,Wild Rift,2023-03-04 01:29:54,1.0,38.37,MEDIUM,Cheat / Hacker Report,True
RGT-000295,CUST-89D7ECA0,Player using Elo-boosting service. They were clearly being played by someone else based on behaviour change.,Teamfight Tactics,2023-07-29 16:12:57,1.0,,LOW,Cheat / Hacker Report,False
RGT-000589,CUST-61ADFAC6,"Bought a bundle in the store, got charged but the content never appeared in my collection.",League of Legends,2023-07-30 12:48:43,2.0,3.74,HIGH,Missing RP / Purchase Issue,True
RGT-001282,CUST-8F005973,My League account got banned out of nowhere. I was just playing ranked and then I got logged out. Can you explain why?,Wild Rift,2024-02-26 13:21:00,4.0,,LOW,Account Ban / Suspension,True
RGT-001519,CUST-B24928A2,Bought the wrong skin. I meant to buy the Prestige version but bought the regular one. Can you swap it?,League of Legends,2023-07-15 07:53:11,3.0,0.07,HIGH,Refund Request,True
RGT-002184,CUST-121B8EE4,My account RiotUser#34240 was permanently banned but I never cheated. Please review the ban.,Valorant,2023-02-18 18:22:37,4.0,19.68,MEDIUM,Account Ban / Suspension,True
RGT-002245,CUST-6D4766F3,Remake did not trigger even though a player was AFK from champion select. Lost LP unfairly.,Valorant,2023-03-05 10:29:50,7.0,71.53,LOW,Ranked & Matchmaking,True
RGT-002983,CUST-01E0218A,Transaction stuck as 'pending' for 48 hours. My bank confirmed the charge went through. Please help.,Wild Rift,2023-11-23 01:17:37,43.0,,HIGH,Missing RP / Purchase Issue,True
RGT-ND-9008,CUST-52F9765C,I was charged twice for the same order.,League of Legends,2023-06-15 14:30:00,2.0,10.0,MEDIUM,Missing RP / Purchase Issue,True
RGT-001418,CUST-C4731564,I purchased the Battle Pass but didn't receive the rewards. Transaction ID: TXN-AE80DDE8.,Valorant,2024-04-25 03:55:47,18.0,8.64,HIGH,Missing RP / Purchase Issue,True
RGT-000426,CUST-E365E0A1,I bought a new phone and now I cannot receive my 2FA SMS. Please help me recover access.,Valorant,2023-09-28 04:08:35,4.0,31.26,LOW,Login / 2FA Issue,True
RGT-000535,CUST-BF93857A,I lost LP for a loss that was not my fault. My teammates went AFK in the first 5 minutes.,Teamfight Tactics,2023-02-19 11:37:35,1.0,18.35,MEDIUM,Ranked & Matchmaking,True
RGT-001055,CUST-8F2E22DF,Audio cuts out completely mid-game after around 20 minutes of play. Rolling back drivers did not fix it.,Legends of Runeterra,2023-04-20 17:52:40,3.0,35.94,MEDIUM,Client Bug / Crash,True
RGT-002376,CUST-EC2A6BF7,Someone is ddosing our team. Two of my teammates disconnected within seconds of each other.,League of Legends,2023-05-27 15:31:30,1.0,16.98,MEDIUM,Cheat / Hacker Report,True
RGT-002582,CUST-FFDBFF7C,My account RiotUser#51950 was permanently banned but I never cheated. Please review the ban.,Legends of Runeterra,2024-04-06 19:02:34,3.0,16.25,MEDIUM,Account Ban / Suspension,True
RGT-001841,CUST-99C8CDE3,I got permabanned for 'toxic behaviour' but all I did was mute my teammates. This seems unfair.,League of Legends,2023-11-18 05:15:10,,,MEDIUM,Account Ban / Suspension,False
RGT-000133,CUST-023FE7E6,I got permabanned for 'toxic behaviour' but all I did was mute my teammates. This seems unfair.,Teamfight Tactics,2024-04-15 11:47:32,2.0,11.23,MEDIUM,Account Ban / Suspension,True
RGT-001957,CUST-28722E20,Requesting a refund on a bundle because it was not clearly labelled that it included champions I already own.,Valorant,2024-02-03 17:47:55,1.0,32.75,LOW,Refund Request,True
RGT-002603,CUST-45A6FD8E,"My smurf account was banned, now my main account is also restricted. I do not understand what happened.",Legends of Runeterra,2023-11-18 09:06:34,1.0,,LOW,Account Ban / Suspension,False
RGT-000422,CUST-3E0E8F3E,My League account got banned out of nowhere. I was just playing ranked and then I got logged out. Can you explain why?,Wild Rift,2024-04-21 11:08:00,0.0,28.08,MEDIUM,Account Ban / Suspension,True
RGT-002741,CUST-4CF66CD9,I was banned for account sharing. I let my brother play once. Is there a way to appeal this decision?,Teamfight Tactics,2023-05-09 07:01:44,40.0,10.05,MEDIUM,Account Ban / Suspension,True
RGT-002105,CUST-5B4081EE,My account RiotUser#78008 was permanently banned but I never cheated. Please review the ban.,Valorant,2024-03-08 11:27:25,30.0,5.86,HIGH,Account Ban / Suspension,True
RGT-002509,CUST-E7D3B17F,The Lunar New Year bundle charged me but only delivered half the content. Missing the ward skin and icon.,Legends of Runeterra,2023-07-14 19:35:15,6.0,1.55,LOW,Missing RP / Purchase Issue,True
RGT-001369,CUST-676E48EA,Bought the wrong skin. I meant to buy the Prestige version but bought the regular one. Can you swap it?,Valorant,2023-08-13 11:05:19,5.0,248.15,LOW,Refund Request,True
RGT-000557,CUST-45A8BC32,My account RiotUser#11682 was permanently banned but I never cheated. Please review the ban.,Valorant,2023-10-17 19:55:30,3.0,,MEDIUM,Account Ban / Suspension,False
RGT-002109,CUST-8B088BAB,,Wild Rift,2023-03-08 11:14:21,6.0,,MEDIUM,Missing RP / Purchase Issue,False
RGT-DUPE-0021,CUST-ED59D5A1,,Wild Rift,2023-10-24 07:23:57,4.0,23.88,MEDIUM,Account Ban / Suspension,True
RGT-002762,CUST-46C64CC1,The game client crashes every time I enter champion select. I reinstalled but the problem persists.,Valorant,2024-03-14 06:12:03,6.0,44.42,LOW,Client Bug / Crash,True
RGT-000571,CUST-3631F5AD,,Teamfight Tactics,2024-03-23 08:53:52,3.0,34.89,MEDIUM,Missing RP / Purchase Issue,True
RGT-000353,CUST-20E3067A,I purchased an emote for a character I no longer play. Refund would be appreciated.,Valorant,2024-06-10 18:31:12,1.0,27.29,LOW,Refund Request,True
RGT-000092,CUST-A43D2767,"My smurf account was banned, now my main account is also restricted. I do not understand what happened.",League of Legends,2023-10-09 00:57:52,0.0,1.32,LOW,Account Ban / Suspension,True
RGT-002190,CUST-7A6802CC,2FA is sending codes but they expire before I can enter them. Clock sync on my phone is correct.,Valorant,2023-12-30 06:45:13,1.0,5.59,MEDIUM,Login / 2FA Issue,True
RGT-002612,CUST-B29C26D5,I lost LP for a loss that was not my fault. My teammates went AFK in the first 5 minutes.,Valorant,2024-06-28 20:27:23,8.0,86.59,MEDIUM,Ranked & Matchmaking,True
RGT-001171,CUST-17B12739,My son made an unauthorized purchase on my account. He is 9 years old. Please refund $35.00.,League of Legends,2023-09-13 20:54:28,1.0,,MEDIUM,Refund Request,True
RGT-001589,CUST-383F15F2,Reporting a player for using wallhacks in Valorant. Their username is Player9937. Please review game ID NA1_2139464266.,Teamfight Tactics,2023-12-04 05:20:08,2.0,48.99,LOW,Cheat / Hacker Report,True
RGT-001286,CUST-6578BDD6,Locked out of my account after too many failed login attempts. I was trying to recover access legitimately.,Valorant,2024-02-27 02:27:12,2.0,2.16,HIGH,Login / 2FA Issue,True
RGT-001814,CUST-672227E5,Possible griefing bot detected on the enemy team. All five of them stood still in base.,Teamfight Tactics,2023-01-15 23:41:04,2.0,1.94,MEDIUM,Cheat / Hacker Report,True
RGT-001566,CUST-1767AA4A,Ranked queue dodging penalty applied even though I did not dodge. I was in loading screen.,League of Legends,2023-10-05 18:06:43,23.0,7.01,LOW,Ranked & Matchmaking,True
RGT-001544,CUST-4FC4738B,Permanent ban issued on my account. I have 3000 hours on this game and have never violated ToS. Please help.,League of Legends,2024-05-18 23:33:09,25.0,126.54,LOW,Account Ban / Suspension,True
RGT-001577,CUST-CE3A6577,I was charged twice for the same RP bundle. I see two transactions on my statement for $50.00.,Wild Rift,2024-06-18 15:55:14,2.0,14.07,LOW,Missing RP / Purchase Issue,True
RGT-000698,CUST-E79B1BC6,Blatant cheater in Diamond ranked. Please investigate account RiotUser#24111. They were toggling aimbot openly.,League of Legends,2023-12-06 19:52:04,0.0,,MEDIUM,Cheat / Hacker Report,False
RGT-002584,CUST-023FE7E6,I bought a new phone and now I cannot receive my 2FA SMS. Please help me recover access.,Legends of Runeterra,2023-03-30 21:22:42,24.0,22.98,MEDIUM,Login / 2FA Issue,True
RGT-000349,CUST-1767AA4A,"My smurf account was banned, now my main account is also restricted. I do not understand what happened.",Teamfight Tactics,2024-06-18 21:26:46,7.0,22.28,MEDIUM,Account Ban / Suspension,True
RGT-002009,CUST-5F210E14,,Legends of Runeterra,2023-12-03 00:04:35,24.0,,MEDIUM,Account Ban / Suspension,False
RGT-002419,CUST-B46EEE4B,Matchmaking is putting me against players 3 tiers above me. This has been happening all week.,Teamfight Tactics,2023-01-13 08:16:07,5.0,3.98,HIGH,Ranked & Matchmaking,True
RGT-002506,CUST-8F005973,Got a chat ban that escalated to a full account suspension. The context was taken out of context. I want to appeal.,Legends of Runeterra,2024-06-26 07:08:45,8.0,154.16,LOW,Account Ban / Suspension,True
RGT-002237,CUST-7A32E5DE,My account RiotUser#32342 was permanently banned but I never cheated. Please review the ban.,League of Legends,2023-02-22 07:57:40,29.0,11.59,MEDIUM,Account Ban / Suspension,True
RGT-001138,CUST-676E48EA,This player in my last game was clearly using an aimbot. Every bullet was a headshot through smoke.,League of Legends,2023-07-08 20:47:40,4.0,41.9,MEDIUM,Cheat / Hacker Report,True
RGT-002044,CUST-10C54846,Lost 40 LP for a game I disconnected from due to power outage. Can this be reversed?,Teamfight Tactics,2023-09-16 14:00:38,2.0,30.49,LOW,Ranked & Matchmaking,True
RGT-002753,CUST-8E5D3D10,Matchmaking is putting me against players 3 tiers above me. This has been happening all week.,League of Legends,2023-03-13 21:58:01,4.0,124.16,LOW,Ranked & Matchmaking,True
RGT-002922,CUST-4B079F84,The client update bricked my installation. Now I get error code 0x606B on startup.,Wild Rift,2024-04-09 17:40:50,,67.67,LOW,Client Bug / Crash,True
RGT-002906,CUST-F48C257F,I accidentally purchased the wrong champion. Can I get a refund? I only have one refund token left.,League of Legends,2023-10-21 14:55:38,,5.72,MEDIUM,Missing RP / Purchase Issue,True
RGT-001340,CUST-023FE7E6,Transaction stuck as 'pending' for 48 hours. My bank confirmed the charge went through. Please help.,Teamfight Tactics,2023-11-16 19:47:22,13.0,20.54,MEDIUM,Missing RP / Purchase Issue,True
RGT-002567,CUST-B24928A2,My League account got banned out of nowhere. I was just playing ranked and then I got logged out. Can you explain why?,League of Legends,2023-11-02 06:43:54,6.0,157.24,LOW,Account Ban / Suspension,True
RGT-000454,CUST-740AC09D,,Teamfight Tactics,2023-10-21 01:45:18,1.0,208.51,LOW,Cheat / Hacker Report,True
RGT-000914,CUST-E8A389C1,I bought a new phone and now I cannot receive my 2FA SMS. Please help me recover access.,Legends of Runeterra,2024-05-15 19:10:15,0.0,,MEDIUM,Login / 2FA Issue,False
RGT-001200,CUST-022A5689,Packet loss of around 15 percent during peak hours. Unplayable. Other games are fine.,Valorant,2023-01-03 03:48:21,3.0,11.97,MEDIUM,Server Latency / Lag,True
RGT-001275,CUST-6D4766F3,My Riot Points are missing after I topped up. I have the bank receipt. Please refund or credit my account.,Legends of Runeterra,2023-03-19 11:05:45,4.0,3.34,MEDIUM,Missing RP / Purchase Issue,True
RGT-002846,CUST-47E2D332,I used 'Login with Google' but Google account is now deleted. How do I recover my Riot account?,Valorant,2024-01-27 16:52:41,5.0,4.06,LOW,Login / 2FA Issue,True
RGT-000038,CUST-E3190612,My League account got banned out of nowhere. I was just playing ranked and then I got logged out. Can you explain why?,League of Legends,2023-06-04 01:08:06,0.0,1.9,MEDIUM,Account Ban / Suspension,True
RGT-000975,CUST-A9770EA6,I used my last refund token on an item I now see is in the next sale. Can I have an exception?,Teamfight Tactics,2024-06-13 16:36:18,0.0,,MEDIUM,Refund Request,False
RGT-002855,CUST-C7E0960A,Lost 40 LP for a game I disconnected from due to power outage. Can this be reversed?,Teamfight Tactics,2024-03-31 12:58:58,34.0,129.69,LOW,Ranked & Matchmaking,True
RGT-000984,CUST-E47BC5B5,Chat restriction applied to my account but I have honour level 5. Seems like an error in your system.,Teamfight Tactics,2024-04-01 11:12:24,,149.8,LOW,Chat Restriction Appeal,True
RGT-002939,CUST-E365E0A1,"Purchased RP via prepaid card, entered the code but nothing was credited. Code: RITO-D449E3.",Teamfight Tactics,2024-06-06 13:10:47,29.0,0.41,MEDIUM,Missing RP / Purchase Issue,True
RGT-002517,CUST-CDB94453,I purchased the Battle Pass but didn't receive the rewards. Transaction ID: TXN-3E75378F.,Valorant,2024-03-29 20:22:13,30.0,2.12,HIGH,Missing RP / Purchase Issue,True
RGT-001419,CUST-FA9DBD80,I accidentally purchased the wrong champion. Can I get a refund? I only have one refund token left.,League of Legends,2023-07-11 07:10:27,13.0,36.08,LOW,Missing RP / Purchase Issue,True
RGT-001285,CUST-375F8B4C,The client update bricked my installation. Now I get error code 0x55C9 on startup.,Legends of Runeterra,2023-05-02 23:19:28,3.0,0.27,HIGH,Client Bug / Crash,True
RGT-001753,CUST-E3190612,Permanent ban issued on my account. I have 3000 hours on this game and have never violated ToS. Please help.,Wild Rift,2023-04-24 22:19:54,3.0,3.81,LOW,Account Ban / Suspension,True
RGT-000040,CUST-4F001816,Possible griefing bot detected on the enemy team. All five of them stood still in base.,Wild Rift,2024-04-05 04:31:38,0.0,7.5,MEDIUM,Cheat / Hacker Report,True
RGT-001487,CUST-6D4766F3,,Teamfight Tactics,2023-07-03 20:58:00,6.0,,HIGH,Client Bug / Crash,True
RGT-002004,CUST-7A32E5DE,I keep getting matched against the same scripter. Already reported in-game but they are still playing.,Valorant,2023-08-20 15:48:38,24.0,43.91,LOW,Cheat / Hacker Report,True
RGT-000170,CUST-E365E0A1,Transaction stuck as 'pending' for 48 hours. My bank confirmed the charge went through. Please help.,Teamfight Tactics,2024-05-08 14:36:33,1.0,3.08,HIGH,Missing RP / Purchase Issue,True
RGT-001356,CUST-522A7E0A,I called out a griefer and got chat banned while they did not. The system feels inconsistent.,League of Legends,2023-10-24 21:56:05,7.0,0.91,MEDIUM,Chat Restriction Appeal,True
RGT-000738,CUST-17B12739,"My smurf account was banned, now my main account is also restricted. I do not understand what happened.",Teamfight Tactics,2024-01-13 02:28:35,0.0,93.79,LOW,Account Ban / Suspension,True
RGT-001657,CUST-35622996,"Purchased RP via prepaid card, entered the code but nothing was credited. Code: RITO-9F15E7.",Wild Rift,2023-01-13 11:42:41,5.0,1.27,LOW,Missing RP / Purchase Issue,True
RGT-002783,CUST-BF93857A,Matchmaking is putting me against players 3 tiers above me. This has been happening all week.,League of Legends,2023-11-13 05:44:44,4.0,1.26,HIGH,Ranked & Matchmaking,True
RGT-001565,CUST-E0EBF5E1,I was charged twice for the same RP bundle. I see two transactions on my statement for $25.00.,Teamfight Tactics,2024-02-21 06:42:51,19.0,18.7,LOW,Missing RP / Purchase Issue,True
RGT-002224,CUST-FE972C20,My account RiotUser#52065 was permanently banned but I never cheated. Please review the ban.,Wild Rift,2023-09-15 11:17:15,28.0,14.11,LOW,Account Ban / Suspension,True
RGT-000635,CUST-725E2848,Got a communication ban for using my native language which the filter incorrectly flagged.,Teamfight Tactics,2024-05-20 02:19:22,2.0,10.32,HIGH,Chat Restriction Appeal,True
RGT-002926,CUST-11805665,My clash tournament registration was cancelled without notification. Please refund the ticket fee.,Wild Rift,2023-01-24 13:06:54,5.0,36.09,MEDIUM,Ranked & Matchmaking,True
RGT-002043,CUST-ABA4C4B7,I cannot log into my account. I reset my password but the 2FA code is going to an old email I lost access to.,Valorant,2023-11-24 01:43:00,26.0,9.15,HIGH,Login / 2FA Issue,True
RGT-001291,CUST-F48C257F,,Teamfight Tactics,2023-06-20 08:47:49,3.0,149.83,LOW,Client Bug / Crash,True
RGT-001381,CUST-D862ABB7,"After updating, all my settings were reset. Also my custom game configurations are gone.",League of Legends,2023-07-13 11:08:37,1.0,0.01,HIGH,Client Bug / Crash,True
RGT-000580,CUST-5C8E2E99,Possible griefing bot detected on the enemy team. All five of them stood still in base.,Valorant,2023-01-10 00:17:05,5.0,3.07,MEDIUM,Cheat / Hacker Report,True
RGT-000329,CUST-2C0B0E3F,Account recovery is not working. I no longer have access to the email or phone number on record.,Teamfight Tactics,2023-09-24 15:02:31,1.0,4.73,HIGH,Login / 2FA Issue,True
RGT-002733,CUST-672FBBB9,I purchased the Battle Pass but didn't receive the rewards. Transaction ID: TXN-02F6EB1E.,Teamfight Tactics,2023-11-11 02:38:50,2.0,2.72,HIGH,Missing RP / Purchase Issue,True
RGT-000893,CUST-676E48EA,Account banned with no explanation. I spent over $500 on this account. Please look into this immediately.,League of Legends,2023-02-27 19:11:21,2.0,4.68,MEDIUM,Account Ban / Suspension,True
RGT-002179,CUST-DF7589A3,"Purchased RP via prepaid card, entered the code but nothing was credited. Code: RITO-5FD6EF.",Teamfight Tactics,2024-05-30 09:41:25,5.0,5.8,MEDIUM,Missing RP / Purchase Issue,True
RGT-000781,CUST-E365E0A1,I purchased the Battle Pass but didn't receive the rewards. Transaction ID: TXN-07690B89.,Wild Rift,2023-08-02 08:42:32,9.0,1.69,HIGH,Missing RP / Purchase Issue,True
RGT-000160,CUST-B46EEE4B,I purchased a champion that is currently on free rotation. I would like a refund as this was misleading.,Wild Rift,not-a-date,1.0,31.86,MEDIUM,Refund Request,True
RGT-001652,CUST-20E3067A,Lost 40 LP for a game I disconnected from due to power outage. Can this be reversed?,Legends of Runeterra,2023-09-06 12:01:27,4.0,3.23,MEDIUM,Ranked & Matchmaking,True
RGT-001808,CUST-4823FCFD,"Purchased RP via prepaid card, entered the code but nothing was credited. Code: RITO-F7A3D6.",Teamfight Tactics,2023-04-06 14:10:43,2.0,215.33,LOW,Missing RP / Purchase Issue,True
RGT-002397,CUST-5EC9CA7E,"After updating, all my settings were reset. Also my custom game configurations are gone.",Teamfight Tactics,2023-04-03 14:35:47,4.0,21.79,LOW,Client Bug / Crash,True
RGT-000062,CUST-68A03D3C,Duo partner and I are being put into the wrong queue tier. We are Diamond 2 and 3 but matched in Plat.,Legends of Runeterra,2024-02-29 13:19:40,0.0,4.13,MEDIUM,Ranked & Matchmaking,True
RGT-000850,CUST-023FE7E6,I purchased a champion that is currently on free rotation. I would like a refund as this was misleading.,Legends of Runeterra,2023-04-24 05:15:53,11.0,90.6,LOW,Refund Request,True
RGT-002197,CUST-CDB94453,Lost 40 LP for a game I disconnected from due to power outage. Can this be reversed?,Teamfight Tactics,2024-01-17 10:07:31,28.0,0.18,HIGH,Ranked & Matchmaking,True
RGT-002979,CUST-7709DC90,My account RiotUser#95737 was permanently banned but I never cheated. Please review the ban.,Legends of Runeterra,2024-02-08 17:21:15,30.0,6.92,MEDIUM,Account Ban / Suspension,True
RGT-001717,CUST-8071B213,I got permabanned for 'toxic behaviour' but all I did was mute my teammates. This seems unfair.,Teamfight Tactics,2023-06-18 02:55:54,2.0,34.12,LOW,Account Ban / Suspension,True
RGT-001044,CUST-E21ABCF8,My son made an unauthorized purchase on my account. He is 9 years old. Please refund $10.00.,League of Legends,2024-02-11 21:38:23,2.0,,LOW,Refund Request,False
RGT-002931,CUST-5EDC08EE,Chat restriction applied to my account but I have honour level 5. Seems like an error in your system.,Valorant,2023-03-14 18:18:19,3.0,19.24,MEDIUM,Chat Restriction Appeal,True
RGT-001545,CUST-5C8E2E99,I purchased the Battle Pass but didn't receive the rewards. Transaction ID: TXN-78C46F9C.,Legends of Runeterra,2024-03-06 22:54:37,,11.19,LOW,Missing RP / Purchase Issue,True
RGT-002817,CUST-B5BB0363,The client update bricked my installation. Now I get error code 0x99B3 on startup.,Legends of Runeterra,2023-12-14 04:31:36,0.0,103.34,MEDIUM,Client Bug / Crash,True
RGT-001727,CUST-241DCDA1,I was in promo series but the server crashed mid-game. The loss was counted against me.,Valorant,2024-06-23 16:50:31,1.0,39.36,LOW,Ranked & Matchmaking,True
RGT-001071,CUST-ED32F265,FPS dropping from 200 to single digits every few minutes since patch 14.8. My hardware is fine.,League of Legends,2023-11-27 21:35:51,0.0,145.03,LOW,Client Bug / Crash,True
RGT-000054,CUST-66FA087D,"My MMR seems stuck. I win 8 games in a row and gain 18 LP, then lose once and drop 25 LP.",Legends of Runeterra,2024-03-03 20:23:00,0.0,0.33,MEDIUM,Ranked & Matchmaking,True
RGT-002518,CUST-6578BDD6,"My MMR seems stuck. I win 8 games in a row and gain 18 LP, then lose once and drop 25 LP.",Teamfight Tactics,2024-04-10 10:02:38,4.0,3.88,MEDIUM,Ranked & Matchmaking,True
RGT-000259,CUST-4FC4738B,Transaction stuck as 'pending' for 48 hours. My bank confirmed the charge went through. Please help.,Valorant,2023-06-15 17:12:11,-5.0,26.13,MEDIUM,Missing RP / Purchase Issue,True
RGT-000506,CUST-E0EBF5E1,Getting lag spikes every few minutes that last about 2 seconds. This started after last Tuesday's patch.,Valorant,2023-09-07 19:46:17,6.0,30.1,LOW,Server Latency / Lag,True
RGT-000753,CUST-E26EC38E,I keep getting matched against the same scripter. Already reported in-game but they are still playing.,Legends of Runeterra,2023-03-21 11:25:21,0.0,3.25,MEDIUM,Cheat / Hacker Report,True
RGT-002085,CUST-24CD11C8,I lost LP for a loss that was not my fault. My teammates went AFK in the first 5 minutes.,League of Legends,2023-12-10 14:17:02,2.0,0.93,HIGH,Ranked & Matchmaking,True
RGT-000218,CUST-B24AD742,"After the latest patch, my client freezes on the loading screen. I cannot get into any game.",Teamfight Tactics,2023-12-22 20:40:07,1.0,179.34,LOW,Client Bug / Crash,True
RGT-000825,CUST-F18BE5FC,My chat restriction ended but I am still unable to type in-game. There seems to be a bug.,Valorant,2023-04-20 07:30:20,2.0,,MEDIUM,Chat Restriction Appeal,False
RGT-001624,CUST-B33E8B23,Duo partner and I are being put into the wrong queue tier. We are Diamond 2 and 3 but matched in Plat.,Wild Rift,2023-08-12 15:35:16,1.0,7.28,HIGH,Ranked & Matchmaking,True
RGT-ND-9027,CUST-E5A3E89B,"Client freezes during loading screen, crash every game.",League of Legends,2023-06-15 14:30:00,2.0,10.0,MEDIUM,Missing RP / Purchase Issue,True
RGT-002346,CUST-3502C77D,My League account got banned out of nowhere. I was just playing ranked and then I got logged out. Can you explain why?,Legends of Runeterra,2024-04-11 10:23:44,6.0,8.36,LOW,Account Ban / Suspension,True
RGT-001390,CUST-87B8A0EF,I purchased the Battle Pass but didn't receive the rewards. Transaction ID: TXN-4BD8D2D9.,Wild Rift,2023-12-28 13:57:38,1.0,48.44,MEDIUM,Missing RP / Purchase Issue,True
RGT-002580,CUST-A47EA986,I got permabanned for 'toxic behaviour' but all I did was mute my teammates. This seems unfair.,Legends of Runeterra,2024-06-08 23:28:08,9.0,32.13,LOW,Account Ban / Suspension,True
RGT-001267,CUST-5F210E14,The Arcane Vi skin causes my game to crash during the level-up animation. Reproducible every time.,Teamfight Tactics,2023-10-12 18:09:20,14.0,70.61,MEDIUM,Champion / Skin Bug,True
RGT-002541,CUST-CE5E5E24,Lost 40 LP for a game I disconnected from due to power outage. Can this be reversed?,Teamfight Tactics,2024-06-20 03:02:58,4.0,92.79,LOW,Ranked & Matchmaking,True
RGT-001823,CUST-946EF12C,"My MMR seems stuck. I win 8 games in a row and gain 18 LP, then lose once and drop 25 LP.",Teamfight Tactics,2023-08-11 11:04:23,5.0,62.02,MEDIUM,Ranked & Matchmaking,True
RGT-001599,CUST-B703A4B4,"Purchased RP via prepaid card, entered the code but nothing was credited. Code: RITO-4C5EA2.",Teamfight Tactics,2024-04-03 22:11:15,5.0,111.53,MEDIUM,Missing RP / Purchase Issue,True
RGT-001608,CUST-924F38A5,Getting a black screen on launch. The process shows in Task Manager but nothing displays.,Teamfight Tactics,2023-10-27 10:43:24,1.0,18.08,LOW,Client Bug / Crash,True
RGT-001748,CUST-4375BF79,I was in promo series but the server crashed mid-game. The loss was counted against me.,Teamfight Tactics,2023-08-05 02:44:52,3.0,9.4,MEDIUM,Ranked & Matchmaking,True
RGT-000772,CUST-4B079F84,I accidentally purchased the wrong champion. Can I get a refund? I only have one refund token left.,Valorant,2023-03-19 14:31:19,5.0,,HIGH,Missing RP / Purchase Issue,False
RGT-002888,CUST-F18BE5FC,Account recovery is not working. I no longer have access to the email or phone number on record.,Legends of Runeterra,2023-09-21 14:10:57,7.0,0.03,HIGH,Login / 2FA Issue,True
RGT-001872,CUST-57FBCB14,,Wild Rift,2023-06-07 12:19:25,15.0,0.62,HIGH,Account Ban / Suspension,True
RGT-DUPE-0002,CUST-EBCA371A,"Hello, my account was flagged and restricted. I believe this is a false positive from your anti-cheat. I need an appeal.",Legends of Runeterra,2023-02-07 01:48:18,0.0,5.65,HIGH,Account Ban / Suspension,True
RGT-001086,CUST-3FA730C7,Permanent ban issued on my account. I have 3000 hours on this game and have never violated ToS. Please help.,League of Legends,2023-02-06 10:05:23,1.0,,MEDIUM,Account Ban / Suspension,False
RGT-001831,CUST-7A32E5DE,"Purchased RP via prepaid card, entered the code but nothing was credited. Code: RITO-83719B.",League of Legends,2024-03-21 17:40:41,22.0,2.52,MEDIUM,Missing RP / Purchase Issue,True
RGT-ND-9025,CUST-522A7E0A,"Client freezes during loading screen, crash every game.",League of Legends,2023-06-15 14:30:00,2.0,10.0,MEDIUM,Missing RP / Purchase Issue,True
RGT-001326,CUST-C132E885,"Purchased RP via prepaid card, entered the code but nothing was credited. Code: RITO-02A6D3.",Legends of Runeterra,2024-05-08 07:17:53,1.0,89.12,LOW,Missing RP / Purchase Issue,True
RGT-002187,CUST-5F210E14,I completed my placement matches but my rank is much lower than last season. Is this expected?,Legends of Runeterra,2023-08-23 20:15:47,28.0,,LOW,Ranked & Matchmaking,False
RGT-002876,CUST-C70E83D6,I received a 14-day suspension for allegedly using scripts. I have never used any third-party software. Please investigate.,League of Legends,2023-09-28 13:42:33,6.0,,HIGH,Account Ban / Suspension,False
RGT-001826,CUST-2AE5E127,Chat restriction applied to my account but I have honour level 5. Seems like an error in your system.,Legends of Runeterra,2023-05-12 06:05:21,20.0,18.73,MEDIUM,Chat Restriction Appeal,True
RGT-001755,CUST-2A231E0F,I keep getting matched against the same scripter. Already reported in-game but they are still playing.,League of Legends,2024-06-08 10:40:42,4.0,12.81,MEDIUM,Cheat / Hacker Report,True
RGT-002002,CUST-ED59D5A1,Several ability sound effects are missing for my Prestige Lux skin since the last update.,Teamfight Tactics,2023-11-09 06:59:44,5.0,3.51,MEDIUM,Champion / Skin Bug,True
RGT-001790,CUST-BA4754CE,This player in my last game was clearly using an aimbot. Every bullet was a headshot through smoke.,Valorant,2023-06-12 20:30:20,2.0,0.17,HIGH,Cheat / Hacker Report,True
RGT-001988,CUST-3502C77D,Got a chat ban that escalated to a full account suspension. The context was taken out of context. I want to appeal.,Valorant,2024-04-29 23:06:21,4.0,112.56,LOW,Account Ban / Suspension,True
RGT-002663,CUST-5F210E14,Blatant cheater in Diamond ranked. Please investigate account RiotUser#41643. They were toggling aimbot openly.,Valorant,2023-06-16 10:13:15,33.0,,LOW,Cheat / Hacker Report,False
RGT-001164,CUST-AA3F74B3,Remake did not trigger even though a player was AFK from champion select. Lost LP unfairly.,Legends of Runeterra,2024-03-17 02:23:45,1.0,20.78,MEDIUM,Ranked & Matchmaking,True
RGT-000964,CUST-7709DC90,Possible griefing bot detected on the enemy team. All five of them stood still in base.,Legends of Runeterra,2024-04-18 00:00:24,7.0,,HIGH,Cheat / Hacker Report,False
RGT-002989,CUST-95266502,Account banned with no explanation. I spent over $500 on this account. Please look into this immediately.,Valorant,2024-05-19 10:47:33,3.0,,MEDIUM,Account Ban / Suspension,False
RGT-001772,CUST-7859EB08,Player using Elo-boosting service. They were clearly being played by someone else based on behaviour change.,League of Legends,2023-02-20 12:15:33,2.0,123.12,LOW,Cheat / Hacker Report,True
RGT-000399,CUST-9E25788D,"Purchased RP via prepaid card, entered the code but nothing was credited. Code: RITO-70274E.",Legends of Runeterra,2024-01-03 18:28:28,1.0,,HIGH,Missing RP / Purchase Issue,False
RGT-000585,CUST-0E37DF6D,The game client crashes every time I enter champion select. I reinstalled but the problem persists.,League of Legends,2024-04-12 16:47:05,0.0,19.27,MEDIUM,Client Bug / Crash,True
RGT-000949,CUST-25A0FA26,Getting a black screen on launch. The process shows in Task Manager but nothing displays.,Valorant,2024-02-08 23:36:11,1.0,4.57,MEDIUM,Client Bug / Crash,True
RGT-000705,CUST-3D51023D,Getting error UX-1 when attempting to sign in. This started after your maintenance window yesterday.,Legends of Runeterra,2023-04-08 06:35:39,7.0,40.44,LOW,Login / 2FA Issue,True
RGT-000432,CUST-C9A78D21,Possible griefing bot detected on the enemy team. All five of them stood still in base.,Legends of Runeterra,2023-12-20 03:00:21,0.0,8.23,LOW,Cheat / Hacker Report,True
RGT-000293,CUST-29EBE5F4,My account RiotUser#75860 was permanently banned but I never cheated. Please review the ban.,Wild Rift,2024-02-07 12:02:38,0.0,,LOW,Account Ban / Suspension,False
RGT-000146,CUST-B46EEE4B,Kindred's Q ability is not applying on-hit effects correctly with the Spirit Blossom skin equipped.,Teamfight Tactics,2023-04-29 09:09:16,0.0,,MEDIUM,Champion / Skin Bug,False
RGT-000324,CUST-812BA472,The game client crashes every time I enter champion select. I reinstalled but the problem persists.,Legends of Runeterra,2024-05-22 00:41:09,,7.57,HIGH,Client Bug / Crash,True
RGT-002176,CUST-383F15F2,"Bought a bundle in the store, got charged but the content never appeared in my collection.",Wild Rift,2024-05-26 20:28:59,4.0,44.81,MEDIUM,Missing RP / Purchase Issue,True
RGT-001166,CUST-59C64C72,Getting error UX-1 when attempting to sign in. This started after your maintenance window yesterday.,Legends of Runeterra,2024-03-17 04:31:58,3.0,113.18,LOW,Login / 2FA Issue,True
RGT-001453,CUST-2E045B45,"After updating, all my settings were reset. Also my custom game configurations are gone.",League of Legends,2023-04-04 04:55:31,1.0,59.41,LOW,Client Bug / Crash,True
RGT-000003,CUST-023FE7E6,The Dragon Trainer Tristana skin has a missing particle effect on her W ability.,League of Legends,2024-06-14 22:15:07,0.0,75.18,LOW,Champion / Skin Bug,True
RGT-000577,CUST-A43D2767,I was charged twice for the same RP bundle. I see two transactions on my statement for $35.00.,Teamfight Tactics,2023-08-25 04:21:01,1.0,,MEDIUM,Missing RP / Purchase Issue,True
RGT-002373,CUST-0AC56119,Transaction stuck as 'pending' for 48 hours. My bank confirmed the charge went through. Please help.,Valorant,2023-03-29 23:14:38,6.0,1.91,HIGH,Missing RP / Purchase Issue,True
RGT-000340,CUST-447B0161,The game client crashes every time I enter champion select. I reinstalled but the problem persists.,Legends of Runeterra,2024-02-22 18:36:27,1.0,36.25,LOW,Client Bug / Crash,True
RGT-001898,CUST-0D69F37A,Account banned with no explanation. I spent over $500 on this account. Please look into this immediately.,Wild Rift,2023-04-09 22:48:37,0.0,6.9,MEDIUM,Account Ban / Suspension,True
RGT-002141,CUST-2D5422EC,I received a 14-day suspension for allegedly using scripts. I have never used any third-party software. Please investigate.,Legends of Runeterra,2024-01-09 18:21:34,5.0,,HIGH,Account Ban / Suspension,False
RGT-000926,CUST-FE972C20,I was banned for account sharing. I let my brother play once. Is there a way to appeal this decision?,Wild Rift,2024-01-02 23:34:32,18.0,18.88,MEDIUM,Account Ban / Suspension,True
RGT-000266,CUST-C91C1ECE,I received a 14-day suspension for allegedly using scripts. I have never used any third-party software. Please investigate.,Legends of Runeterra,2023-05-23 21:52:22,6.0,5.99,MEDIUM,Account Ban / Suspension,True
RGT-000377,CUST-BC359A86,I purchased a champion that is currently on free rotation. I would like a refund as this was misleading.,League of Legends,2024-05-13 20:36:52,1.0,,MEDIUM,Refund Request,False
RGT-001984,CUST-8AC2E438,"Purchased RP via prepaid card, entered the code but nothing was credited. Code: RITO-5658E5.",Legends of Runeterra,2023-01-01 21:53:51,2.0,4.71,HIGH,Missing RP / Purchase Issue,True
RGT-001464,CUST-D844F129,"Hello, my account was flagged and restricted. I believe this is a false positive from your anti-cheat. I need an appeal.",Valorant,2024-04-18 20:03:38,1.0,34.04,LOW,Account Ban / Suspension,True
RGT-000272,CUST-C7E0960A,This player admitted to using scripts in chat. I have a screenshot. How do I submit it?,Legends of Runeterra,2023-02-01 09:28:48,3.0,5.93,MEDIUM,Cheat / Hacker Report,True
RGT-000697,CUST-A0671E5C,Chat restriction applied to my account but I have honour level 5. Seems like an error in your system.,Valorant,2023-01-30 01:31:37,1.0,,MEDIUM,Chat Restriction Appeal,False
RGT-ND-9003,CUST-C4731564,My credit card was billed twice for a single purchase.,League of Legends,2023-06-15 14:30:00,2.0,10.0,MEDIUM,Missing RP / Purchase Issue,True
RGT-000245,CUST-1844A1F5,Getting a black screen on launch. The process shows in Task Manager but nothing displays.,Wild Rift,2023-06-22 23:33:01,,,HIGH,Client Bug / Crash,False
RGT-002899,CUST-653899C4,Blatant cheater in Diamond ranked. Please investigate account RiotUser#93967. They were toggling aimbot openly.,Legends of Runeterra,2023-08-15 15:07:36,3.0,,LOW,Cheat / Hacker Report,False
RGT-000477,CUST-A2350661,,Wild Rift,2024-05-18 13:11:35,,38.87,LOW,Ranked & Matchmaking,True
RGT-001805,CUST-CC7B8839,"Purchased RP via prepaid card, entered the code but nothing was credited. Code: RITO-0A0A63.",Wild Rift,2024-03-19 00:21:54,6.0,,MEDIUM,Missing RP / Purchase Issue,False
RGT-002117,CUST-6A9394B7,I would like a refund for the champion I purchased yesterday. I have not played them yet.,League of Legends,2024-05-08 08:31:21,3.0,15.04,MEDIUM,Refund Request,True
RGT-002315,CUST-01E0218A,My son made an unauthorized purchase on my account. He is 9 years old. Please refund $20.00.,Valorant,2023-04-20 12:07:12,31.0,32.61,LOW,Refund Request,True
RGT-001813,CUST-1D9D8E56,The EUW server has been unstable all weekend. Multiple disconnects per gaming session.,League of Legends,2023-09-29 07:24:50,5.0,30.01,MEDIUM,Server Latency / Lag,True
RGT-002616,CUST-7A32E5DE,,League of Legends,2023-10-03 11:15:17,35.0,63.11,MEDIUM,Refund Request,True
RGT-002869,CUST-B703A4B4,Permanent ban issued on my account. I have 3000 hours on this game and have never violated ToS. Please help.,Teamfight Tactics,2024-05-04 18:56:43,14.0,168.58,LOW,Account Ban / Suspension,True
RGT-DUPE-0041,CUST-2AE5E127,My custom Draven skin shows the wrong splash art in the loading screen.,League of Legends,2023-04-09 01:05:53,2.0,5.01,LOW,Champion / Skin Bug,True
RGT-DUPE-0058,CUST-447B0161,I purchased an emote for a character I no longer play. Refund would be appreciated.,Wild Rift,2024-05-30 13:45:23,4.0,32.88,LOW,Refund Request,True
RGT-002070,CUST-BC359A86,The Lunar New Year bundle charged me but only delivered half the content. Missing the ward skin and icon.,Teamfight Tactics,2023-10-06 04:36:12,12.0,44.07,MEDIUM,Missing RP / Purchase Issue,True
RGT-000251,CUST-EE2171F9,2FA is sending codes but they expire before I can enter them. Clock sync on my phone is correct.,Legends of Runeterra,2023-11-06 00:50:03,0.0,238.54,LOW,Login / 2FA Issue,True
RGT-000414,CUST-4CF66CD9,I purchased the Battle Pass but didn't receive the rewards. Transaction ID: TXN-392CAF66.,Legends of Runeterra,2023-10-08 10:44:13,2.0,,HIGH,Missing RP / Purchase Issue,False
RGT-000546,CUST-D6D08728,Account banned with no explanation. I spent over $500 on this account. Please look into this immediately.,League of Legends,2023-11-19 20:50:13,0.0,,HIGH,Account Ban / Suspension,False
RGT-001194,CUST-946EF12C,Locked out of my account after too many failed login attempts. I was trying to recover access legitimately.,League of Legends,2023-12-07 06:03:42,1.0,23.9,LOW,Login / 2FA Issue,True
RGT-000739,CUST-0BDF6CA8,My League account got banned out of nowhere. I was just playing ranked and then I got logged out. Can you explain why?,Valorant,2023-01-17 09:39:44,1.0,38.92,MEDIUM,Account Ban / Suspension,True
RGT-000311,CUST-18077E6C,Ranked queue dodging penalty applied even though I did not dodge. I was in loading screen.,Valorant,2023-02-02 14:48:47,0.0,62.64,LOW,Ranked & Matchmaking,True
RGT-001799,CUST-02DB9C8D,Blatant cheater in Diamond ranked. Please investigate account RiotUser#44237. They were toggling aimbot openly.,League of Legends,2023-04-30 19:15:42,0.0,,LOW,Cheat / Hacker Report,False
RGT-000894,CUST-ABA4C4B7,I cannot log into my account. I reset my password but the 2FA code is going to an old email I lost access to.,League of Legends,2023-04-05 17:50:31,11.0,4.16,LOW,Login / 2FA Issue,True
RGT-001132,CUST-9C6414DA,Jinx's passive is not triggering correctly after the latest patch. The movement speed buff is inconsistent.,Legends of Runeterra,2023-10-04 13:16:08,1.0,53.14,LOW,Champion / Skin Bug,True
RGT-001450,CUST-EE2171F9,Audio cuts out completely mid-game after around 20 minutes of play. Rolling back drivers did not fix it.,Valorant,2023-11-19 02:45:19,1.0,5.49,MEDIUM,Client Bug / Crash,True
RGT-002994,CUST-F7406204,The game client crashes every time I enter champion select. I reinstalled but the problem persists.,League of Legends,2023-06-13 08:40:30,8.0,240.19,LOW,Client Bug / Crash,True
RGT-000016,CUST-F350A3A4,Constant 'Connection Error' messages in client even though my internet is working perfectly.,Legends of Runeterra,2023-04-04 02:50:54,0.0,68.17,MEDIUM,Client Bug / Crash,True
RGT-DUPE-0052,CUST-5C8E2E99,My son made an unauthorized purchase on my account. He is 9 years old. Please refund $35.00.,Legends of Runeterra,2023-12-07 21:16:48,7.0,13.39,MEDIUM,Refund Request,True
RGT-000722,CUST-244114D7,Cheater ruined 3 games in a row. Your reporting system seems broken. They are still not banned.,Teamfight Tactics,2023-03-31 15:31:38,3.0,28.35,MEDIUM,Cheat / Hacker Report,True
RGT-001421,CUST-36E19637,Bought the wrong skin. I meant to buy the Prestige version but bought the regular one. Can you swap it?,Valorant,2023-08-28 23:59:28,0.0,,MEDIUM,Refund Request,False
RGT-002716,CUST-632AAECA,Several ability sound effects are missing for my Prestige Lux skin since the last update.,Legends of Runeterra,2024-02-16 14:04:25,,16.68,MEDIUM,Champion / Skin Bug,True
RGT-000982,CUST-8962F792,I received a 14-day suspension for allegedly using scripts. I have never used any third-party software. Please investigate.,Legends of Runeterra,2024-05-14 19:02:19,2.0,,MEDIUM,Account Ban / Suspension,False
RGT-002185,CUST-A326E34B,,Wild Rift,2023-01-07 03:18:23,3.0,,LOW,Missing RP / Purchase Issue,True
RGT-001540,CUST-138F8363,Constant 'Connection Error' messages in client even though my internet is working perfectly.,League of Legends,2024-05-02 02:21:44,2.0,37.58,MEDIUM,Client Bug / Crash,True
RGT-002609,CUST-FE972C20,There is a blatant scripter in my ranked game. They had 0ms reaction time and perfect skill shots all game.,Legends of Runeterra,2024-06-24 14:36:05,37.0,45.9,MEDIUM,Cheat / Hacker Report,True
RGT-001551,CUST-7A32E5DE,Transaction stuck as 'pending' for 48 hours. My bank confirmed the charge went through. Please help.,Teamfight Tactics,2023-06-30 02:58:35,19.0,123.23,LOW,Missing RP / Purchase Issue,True
RGT-002496,CUST-B9351447,Several ability sound effects are missing for my Prestige Lux skin since the last update.,League of Legends,2024-06-18 09:14:03,2.0,99.93,LOW,Champion / Skin Bug,True
RGT-000364,CUST-4F001816,I accidentally purchased the wrong champion. Can I get a refund? I only have one refund token left.,Teamfight Tactics,2023-10-26 02:51:26,2.0,1.64,MEDIUM,Missing RP / Purchase Issue,True
RGT-000983,CUST-926E4953,Account banned with no explanation. I spent over $500 on this account. Please look into this immediately.,Teamfight Tactics,2024-05-22 13:55:32,0.0,29.35,MEDIUM,Account Ban / Suspension,True
RGT-000183,CUST-66FA087D,Account recovery is not working. I no longer have access to the email or phone number on record.,League of Legends,2023-08-04 03:03:04,1.0,4.14,HIGH,Login / 2FA Issue,True
RGT-000986,CUST-DF7589A3,I got permabanned for 'toxic behaviour' but all I did was mute my teammates. This seems unfair.,League of Legends,2023-04-14 05:29:46,3.0,6.77,HIGH,Account Ban / Suspension,True
RGT-002090,CUST-EBEF744C,Constant 'Connection Error' messages in client even though my internet is working perfectly.,Teamfight Tactics,2023-02-05 00:19:47,3.0,17.19,MEDIUM,Client Bug / Crash,True
RGT-001195,CUST-F7406204,I was banned for account sharing. I let my brother play once. Is there a way to appeal this decision?,Valorant,2023-01-22 18:53:45,1.0,,MEDIUM,Account Ban / Suspension,False
RGT-002798,CUST-BA4754CE,"Purchased RP via prepaid card, entered the code but nothing was credited. Code: RITO-038E7D.",Valorant,2023-03-25 14:21:20,4.0,144.91,LOW,Missing RP / Purchase Issue,True
RGT-001785,CUST-25723D17,I was charged twice for the same RP bundle. I see two transactions on my statement for $20.00.,Legends of Runeterra,2024-04-04 11:49:00,0.0,0.56,MEDIUM,Missing RP / Purchase Issue,True
RGT-001122,CUST-3F523C06,"Hello, my account was flagged and restricted. I believe this is a false positive from your anti-cheat. I need an appeal.",Wild Rift,2024-02-17 04:51:20,3.0,73.84,MEDIUM,Account Ban / Suspension,True
RGT-000188,CUST-01E0218A,My League account got banned out of nowhere. I was just playing ranked and then I got logged out. Can you explain why?,League of Legends,2024-02-11 05:31:35,0.0,17.48,MEDIUM,Account Ban / Suspension,True
RGT-000620,CUST-2C0B0E3F,I was gifted a skin I already owned. The duplicate was auto-converted to orange essence. I want a refund.,Legends of Runeterra,2023-08-11 22:10:16,3.0,30.84,LOW,Refund Request,True
RGT-002330,CUST-20E3067A,My account RiotUser#42211 was permanently banned but I never cheated. Please review the ban.,Wild Rift,2024-02-27 12:37:49,6.0,28.6,MEDIUM,Account Ban / Suspension,True
RGT-001176,CUST-CDB94453,I would like a refund for the champion I purchased yesterday. I have not played them yet.,Legends of Runeterra,2023-01-12 09:53:19,13.0,1.44,HIGH,Refund Request,True
RGT-001183,CUST-6D4FBE82,Locked out of my account after too many failed login attempts. I was trying to recover access legitimately.,Wild Rift,2024-05-25 06:11:53,2.0,2.16,MEDIUM,Login / 2FA Issue,True
RGT-002457,CUST-FE972C20,"My MMR seems stuck. I win 8 games in a row and gain 18 LP, then lose once and drop 25 LP.",Teamfight Tactics,2023-10-31 18:30:38,,40.98,MEDIUM,Ranked & Matchmaking,True
RGT-002269,CUST-672227E5,I purchased the Battle Pass but didn't receive the rewards. Transaction ID: TXN-6FB365F7.,League of Legends,2023-12-21 09:01:22,4.0,42.29,MEDIUM,Missing RP / Purchase Issue,True
RGT-000615,CUST-C70E83D6,"Purchased RP via prepaid card, entered the code but nothing was credited. Code: RITO-F295A4.",Valorant,2023-11-09 15:13:26,0.0,2.53,MEDIUM,Missing RP / Purchase Issue,True
RGT-001514,CUST-D3C24607,There is a blatant scripter in my ranked game. They had 0ms reaction time and perfect skill shots all game.,Teamfight Tactics,2023-01-15 08:54:50,2.0,27.0,MEDIUM,Cheat / Hacker Report,True
RGT-001467,CUST-634A23A7,I was charged twice for the same RP bundle. I see two transactions on my statement for $20.00.,Wild Rift,2024-04-30 09:31:42,1.0,252.85,LOW,Missing RP / Purchase Issue,True
RGT-000402,CUST-5F210E14,I bought 3250 RP but it never showed up in my account. I was charged on my card though.,Legends of Runeterra,2023-12-27 15:06:02,4.0,87.63,LOW,Missing RP / Purchase Issue,True
RGT-000995,CUST-AB648898,Jinx's passive is not triggering correctly after the latest patch. The movement speed buff is inconsistent.,League of Legends,2024-02-20 05:30:54,2.0,,LOW,Champion / Skin Bug,False
RGT-000935,CUST-7709DC90,Audio cuts out completely mid-game after around 20 minutes of play. Rolling back drivers did not fix it.,League of Legends,2024-04-21 16:31:07,6.0,2.11,HIGH,Client Bug / Crash,True
RGT-000372,CUST-01E0218A,,Valorant,2024-03-26 16:59:38,1.0,15.77,MEDIUM,Client Bug / Crash,True
RGT-002047,CUST-D5B00482,"Bought a bundle in the store, got charged but the content never appeared in my collection.",Teamfight Tactics,2024-01-24 05:32:28,2.0,43.32,LOW,Missing RP / Purchase Issue,True
RGT-002234,CUST-5865892D,"Bought a bundle in the store, got charged but the content never appeared in my collection.",Teamfight Tactics,2023-07-14 16:38:57,4.0,,MEDIUM,Missing RP / Purchase Issue,False
RGT-000594,CUST-1B562D78,"Hello, my account was flagged and restricted. I believe this is a false positive from your anti-cheat. I need an appeal.",Legends of Runeterra,2023-02-28 08:22:57,0.0,10.98,MEDIUM,Account Ban / Suspension,True
RGT-002035,CUST-5B1640FC,I bought 3250 RP but it never showed up in my account. I was charged on my card though.,Legends of Runeterra,2023-09-27 07:56:02,4.0,100.14,LOW,Missing RP / Purchase Issue,True
RGT-000727,CUST-F48C257F,I would like a refund for the champion I purchased yesterday. I have not played them yet.,League of Legends,2024-01-31 02:14:37,0.0,92.31,LOW,Refund Request,True
RGT-000827,CUST-82170E57,I received a 14-day suspension for allegedly using scripts. I have never used any third-party software. Please investigate.,Valorant,2024-04-28 01:18:33,1.0,27.88,LOW,Account Ban / Suspension,True
RGT-001784,CUST-911B09FE,Reporting a player for using wallhacks in Valorant. Their username is Player6806. Please review game ID NA1_1577832961.,Teamfight Tactics,2024-01-31 02:05:35,2.0,188.2,LOW,Cheat / Hacker Report,True
RGT-000688,CUST-638C5485,I used my last refund token on an item I now see is in the next sale. Can I have an exception?,League of Legends,2024-01-09 23:12:43,3.0,28.15,MEDIUM,Refund Request,True
RGT-002284,CUST-4ED88BA2,I lost LP for a loss that was not my fault. My teammates went AFK in the first 5 minutes.,Valorant,2023-11-26 04:47:37,3.0,36.8,MEDIUM,Ranked & Matchmaking,True
RGT-000137,CUST-1767AA4A,"My smurf account was banned, now my main account is also restricted. I do not understand what happened.",Valorant,2024-05-29 00:42:25,2.0,49.82,MEDIUM,Account Ban / Suspension,True
RGT-002755,CUST-34B3AB66,Account logged in on an unrecognised device. I changed password but 2FA was not set up. How do I add it now?,Legends of Runeterra,2024-03-16 16:11:24,6.0,,MEDIUM,Login / 2FA Issue,False
RGT-000629,CUST-49AFD844,I was in promo series but the server crashed mid-game. The loss was counted against me.,League of Legends,2023-05-09 00:32:55,1.0,1.35,MEDIUM,Ranked & Matchmaking,True
RGT-000335,CUST-0909E3ED,Constant 'Connection Error' messages in client even though my internet is working perfectly.,Valorant,2023-09-04 16:26:53,0.0,131.73,LOW,Client Bug / Crash,True
RGT-000391,CUST-7709DC90,Ranked queue dodging penalty applied even though I did not dodge. I was in loading screen.,Legends of Runeterra,2023-11-19 11:02:15,2.0,4.42,MEDIUM,Ranked & Matchmaking,True
RGT-002382,CUST-C4731564,Transaction stuck as 'pending' for 48 hours. My bank confirmed the charge went through. Please help.,Valorant,2023-11-08 15:27:52,25.0,,MEDIUM,Missing RP / Purchase Issue,False
RGT-001110,CUST-2D0C0D55,I received a 14-day suspension for allegedly using scripts. I have never used any third-party software. Please investigate.,Valorant,2023-04-19 10:59:09,0.0,0.22,HIGH,Account Ban / Suspension,True
RGT-001850,CUST-4B079F84,I got permabanned for 'toxic behaviour' but all I did was mute my teammates. This seems unfair.,Legends of Runeterra,2023-01-06 00:26:56,16.0,28.19,LOW,Account Ban / Suspension,True
RGT-002782,CUST-4CF66CD9,Got a communication ban for using my native language which the filter incorrectly flagged.,Wild Rift,2024-02-18 09:11:32,41.0,,HIGH,Chat Restriction Appeal,False
RGT-000711,CUST-595CB38B,Getting error UX-1 when attempting to sign in. This started after your maintenance window yesterday.,Teamfight Tactics,2023-10-22 15:10:02,2.0,,HIGH,Login / 2FA Issue,False
RGT-001040,CUST-8E33334C,I cannot log into my account. I reset my password but the 2FA code is going to an old email I lost access to.,Valorant,2023-06-08 22:45:49,1.0,59.59,MEDIUM,Login / 2FA Issue,True
RGT-002738,CUST-3FA730C7,My League account got banned out of nowhere. I was just playing ranked and then I got logged out. Can you explain why?,Wild Rift,2024-04-30 13:18:22,6.0,13.4,MEDIUM,Account Ban / Suspension,True
RGT-002752,CUST-5948519D,Reporting a player for using wallhacks in Valorant. Their username is Player3572. Please review game ID NA1_6381130319.,Teamfight Tactics,2024-03-05 10:00:54,5.0,,HIGH,Cheat / Hacker Report,False
RGT-002675,CUST-FB8376A0,Matchmaking is putting me against players 3 tiers above me. This has been happening all week.,Legends of Runeterra,2023-06-09 07:22:32,2.0,,MEDIUM,Ranked & Matchmaking,False
RGT-001562,CUST-7204AB09,I got permabanned for 'toxic behaviour' but all I did was mute my teammates. This seems unfair.,Wild Rift,2023-12-22 16:16:12,2.0,8.7,MEDIUM,Account Ban / Suspension,True
RGT-002841,CUST-AA3F74B3,,Wild Rift,2024-04-10 02:54:01,6.0,7.32,MEDIUM,Champion / Skin Bug,True
RGT-001595,CUST-4A7559F4,I purchased the Battle Pass but didn't receive the rewards. Transaction ID: TXN-913BD75C.,Wild Rift,2023-11-29 23:36:30,0.0,,HIGH,Missing RP / Purchase Issue,False
RGT-002934,CUST-A47EA986,I would like a refund for the champion I purchased yesterday. I have not played them yet.,League of Legends,2023-07-22 04:30:54,10.0,8.65,MEDIUM,Refund Request,True
RGT-002838,CUST-282DA42F,Someone is ddosing our team. Two of my teammates disconnected within seconds of each other.,League of Legends,2023-09-16 11:18:20,3.0,20.54,LOW,Cheat / Hacker Report,True
RGT-001113,CUST-44AD1558,I got permabanned for 'toxic behaviour' but all I did was mute my teammates. This seems unfair.,Valorant,2023-04-27 14:35:24,2.0,65.31,LOW,Account Ban / Suspension,True
RGT-000466,CUST-B701CA66,RP purchase failed but the money was deducted from my account. This is the second time this has happened.,Legends of Runeterra,2023-02-13 03:14:52,0.0,,HIGH,Missing RP / Purchase Issue,False
RGT-001561,CUST-57FBCB14,Client keeps logging me out randomly. I have to re-enter my password multiple times per session.,Valorant,2024-01-04 10:34:49,12.0,7.99,HIGH,Client Bug / Crash,True
RGT-001224,CUST-09022E87,Blatant cheater in Diamond ranked. Please investigate account RiotUser#36131. They were toggling aimbot openly.,Teamfight Tactics,2023-11-02 06:33:46,1.0,,MEDIUM,Cheat / Hacker Report,True
RGT-002068,CUST-C91C1ECE,My account RiotUser#34366 was permanently banned but I never cheated. Please review the ban.,Valorant,2023-10-30 02:22:02,25.0,26.13,MEDIUM,Account Ban / Suspension,True
RGT-DUPE-0056,CUST-AD716FA9,"After updating, all my settings were reset. Also my custom game configurations are gone.",Teamfight Tactics,2023-12-31 07:39:33,6.0,1.5,HIGH,Client Bug / Crash,True
RGT-002421,CUST-3F523C06,Someone is ddosing our team. Two of my teammates disconnected within seconds of each other.,Teamfight Tactics,2023-07-14 07:57:21,5.0,165.44,LOW,Cheat / Hacker Report,True
RGT-001509,CUST-2DD31862,The game client crashes every time I enter champion select. I reinstalled but the problem persists.,Valorant,2023-05-17 01:43:32,0.0,,HIGH,Client Bug / Crash,True
RGT-001886,CUST-7B38F130,Bought the wrong skin. I meant to buy the Prestige version but bought the regular one. Can you swap it?,Wild Rift,2024-04-07 20:05:33,3.0,,MEDIUM,Refund Request,False
RGT-001105,CUST-4FC4738B,My son made an unauthorized purchase on my account. He is 9 years old. Please refund $20.00.,Legends of Runeterra,2023-02-12 04:03:01,19.0,,MEDIUM,Refund Request,False
RGT-000661,CUST-FA9DBD80,Ranked queue dodging penalty applied even though I did not dodge. I was in loading screen.,Valorant,2023-06-18 21:48:43,7.0,7.82,LOW,Ranked & Matchmaking,True
RGT-000339,CUST-5898BB05,I was banned for account sharing. I let my brother play once. Is there a way to appeal this decision?,Wild Rift,2023-10-23 10:41:18,0.0,,HIGH,Account Ban / Suspension,False
RGT-000216,CUST-52F9765C,Permanent ban issued on my account. I have 3000 hours on this game and have never violated ToS. Please help.,Legends of Runeterra,2023-01-27 23:23:09,2.0,16.74,MEDIUM,Account Ban / Suspension,True
RGT-001616,CUST-192FC186,"Purchased RP via prepaid card, entered the code but nothing was credited. Code: RITO-DE2DFC.",Wild Rift,2023-05-06 22:43:25,,7.8,MEDIUM,Missing RP / Purchase Issue,True
RGT-002041,CUST-ED59D5A1,Audio cuts out completely mid-game after around 20 minutes of play. Rolling back drivers did not fix it.,Legends of Runeterra,2024-04-26 17:28:48,6.0,,HIGH,Client Bug / Crash,False
RGT-002593,CUST-C91C1ECE,Locked out of my account after too many failed login attempts. I was trying to recover access legitimately.,Teamfight Tactics,2024-01-27 06:56:14,29.0,14.81,LOW,Login / 2FA Issue,True
RGT-002890,CUST-4FC4738B,Several ability sound effects are missing for my Prestige Lux skin since the last update.,League of Legends,2023-02-28 09:41:38,41.0,,MEDIUM,Champion / Skin Bug,True
RGT-001593,CUST-91144FD2,This player admitted to using scripts in chat. I have a screenshot. How do I submit it?,Legends of Runeterra,2023-04-01 02:30:39,2.0,16.36,LOW,Cheat / Hacker Report,True
RGT-002119,CUST-C1D53100,I lost LP for a loss that was not my fault. My teammates went AFK in the first 5 minutes.,League of Legends,2024-02-08 08:47:40,3.0,5.92,HIGH,Ranked & Matchmaking,True
RGT-001794,CUST-0C1E8B1D,Reporting a player for using wallhacks in Valorant. Their username is Player9077. Please review game ID NA1_7117754787.,League of Legends,2024-04-21 05:32:40,2.0,,MEDIUM,Cheat / Hacker Report,False
RGT-002601,CUST-7A32E5DE,Someone is ddosing our team. Two of my teammates disconnected within seconds of each other.,Legends of Runeterra,2023-08-13 07:21:01,34.0,92.18,MEDIUM,Cheat / Hacker Report,True
RGT-000817,CUST-82487C44,Account banned with no explanation. I spent over $500 on this account. Please look into this immediately.,League of Legends,2023-02-28 16:24:07,3.0,,MEDIUM,Account Ban / Suspension,False
RGT-001068,CUST-050C71EC,,Teamfight Tactics,2023-02-08 04:51:36,3.0,31.07,MEDIUM,Cheat / Hacker Report,True
RGT-002122,CUST-52F9765C,Account banned with no explanation. I spent over $500 on this account. Please look into this immediately.,Valorant,2023-12-09 19:56:00,4.0,2.02,HIGH,Account Ban / Suspension,True
RGT-000275,CUST-6843F2D2,2FA is sending codes but they expire before I can enter them. Clock sync on my phone is correct.,League of Legends,2023-04-27 16:41:03,1.0,14.9,LOW,Login / 2FA Issue,True
RGT-002316,CUST-DD0144EA,Kindred's Q ability is not applying on-hit effects correctly with the Spirit Blossom skin equipped.,Valorant,2023-08-25 20:23:36,3.0,0.8,HIGH,Champion / Skin Bug,True
RGT-000866,CUST-EC2A6BF7,Cheater ruined 3 games in a row. Your reporting system seems broken. They are still not banned.,Teamfight Tactics,2023-02-02 08:05:12,0.0,5.0,MEDIUM,Cheat / Hacker Report,True
RGT-000102,CUST-35622996,Constant 'Connection Error' messages in client even though my internet is working perfectly.,Valorant,2023-08-16 22:09:57,0.0,16.21,LOW,Client Bug / Crash,True
RGT-001502,CUST-64865559,I was charged twice for the same RP bundle. I see two transactions on my statement for $10.00.,League of Legends,2024-02-13 23:46:36,2.0,2.32,HIGH,Missing RP / Purchase Issue,True
RGT-002834,CUST-4083A651,I was in promo series but the server crashed mid-game. The loss was counted against me.,Teamfight Tactics,2023-12-09 06:58:21,3.0,5.52,HIGH,Ranked & Matchmaking,True
RGT-000172,CUST-5F210E14,The shop tab in the client is blank. I cannot browse or purchase anything. Tried clearing cache.,Wild Rift,2023-01-26 09:28:50,1.0,7.71,MEDIUM,Client Bug / Crash,True
RGT-000108,CUST-5B1640FC,My custom Draven skin shows the wrong splash art in the loading screen.,Valorant,2024-04-20 06:13:02,0.0,1.35,HIGH,Champion / Skin Bug,True
RGT-002698,CUST-0C1E8B1D,Account recovery is not working. I no longer have access to the email or phone number on record.,Teamfight Tactics,2024-05-28 01:32:11,8.0,,MEDIUM,Login / 2FA Issue,False
RGT-001522,CUST-62EA2453,I keep getting matched against the same scripter. Already reported in-game but they are still playing.,League of Legends,2023-01-20 00:44:22,4.0,,MEDIUM,Cheat / Hacker Report,False
RGT-ND-9017,CUST-3D51023D,Login is failing even though I just reset my password.,League of Legends,2023-06-15 14:30:00,2.0,10.0,MEDIUM,Missing RP / Purchase Issue,True
RGT-002271,CUST-68A03D3C,,Legends of Runeterra,2024-04-11 18:31:56,4.0,5.09,MEDIUM,Account Ban / Suspension,True
RGT-002112,CUST-C4731564,I accidentally purchased the wrong champion. Can I get a refund? I only have one refund token left.,Teamfight Tactics,2023-05-03 06:10:23,24.0,43.86,MEDIUM,Missing RP / Purchase Issue,True
RGT-001879,CUST-82170E57,My Riot Points are missing after I topped up. I have the bank receipt. Please refund or credit my account.,League of Legends,2024-04-27 01:45:04,3.0,12.23,LOW,Missing RP / Purchase Issue,True
RGT-002107,CUST-C0D9D54D,I bought 3250 RP but it never showed up in my account. I was charged on my card though.,League of Legends,2023-12-21 18:07:48,1.0,,LOW,Missing RP / Purchase Issue,False
RGT-002078,CUST-B703A4B4,,Legends of Runeterra,2024-06-07 15:51:43,9.0,,MEDIUM,Refund Request,False
RGT-002323,CUST-3D51023D,FPS dropping from 200 to single digits every few minutes since patch 13.7. My hardware is fine.,Valorant,2023-06-19 22:46:44,25.0,20.61,MEDIUM,Client Bug / Crash,True
RGT-002413,CUST-D83851D5,My League account got banned out of nowhere. I was just playing ranked and then I got logged out. Can you explain why?,Teamfight Tactics,2023-05-06 21:55:18,5.0,5.63,MEDIUM,Account Ban / Suspension,True
RGT-002655,CUST-8B48B472,Account recovery is not working. I no longer have access to the email or phone number on record.,League of Legends,2023-02-14 11:13:52,2.0,29.68,MEDIUM,Login / 2FA Issue,True
RGT-001874,CUST-D83851D5,My clash tournament registration was cancelled without notification. Please refund the ticket fee.,Valorant,2023-10-10 11:34:30,4.0,40.04,MEDIUM,Ranked & Matchmaking,True
RGT-000296,CUST-A303BDBB,This player in my last game was clearly using an aimbot. Every bullet was a headshot through smoke.,Valorant,2023-08-22 01:02:33,0.0,6.94,MEDIUM,Cheat / Hacker Report,True
RGT-000713,CUST-DA68868E,This player admitted to using scripts in chat. I have a screenshot. How do I submit it?,League of Legends,2023-10-24 03:46:48,0.0,45.35,LOW,Cheat / Hacker Report,True
RGT-000073,CUST-2AE5E127,My Riot Points are missing after I topped up. I have the bank receipt. Please refund or credit my account.,Legends of Runeterra,2023-02-19 08:48:27,1.0,46.56,LOW,Missing RP / Purchase Issue,True
RGT-001525,CUST-2C90108F,RP purchase failed but the money was deducted from my account. This is the second time this has happened.,Legends of Runeterra,2023-12-01 17:33:12,4.0,,MEDIUM,Missing RP / Purchase Issue,False
RGT-002342,CUST-7742CF32,I received a 14-day suspension for allegedly using scripts. I have never used any third-party software. Please investigate.,League of Legends,2024-01-04 17:19:52,6.0,71.51,LOW,Account Ban / Suspension,True
RGT-002982,CUST-8389315E,I lost LP for a loss that was not my fault. My teammates went AFK in the first 5 minutes.,Valorant,2023-05-01 01:04:44,4.0,28.46,MEDIUM,Ranked & Matchmaking,True
RGT-002972,CUST-5C770011,I was in promo series but the server crashed mid-game. The loss was counted against me.,League of Legends,2024-02-13 17:19:50,5.0,37.41,MEDIUM,Ranked & Matchmaking,True
RGT-000482,CUST-75103BB2,Permanent ban issued on my account. I have 3000 hours on this game and have never violated ToS. Please help.,Teamfight Tactics,2023-03-23 21:00:18,1.0,,LOW,Account Ban / Suspension,False
RGT-002307,CUST-18077E6C,My account RiotUser#32190 was permanently banned but I never cheated. Please review the ban.,League of Legends,2023-12-11 15:12:06,4.0,17.28,MEDIUM,Account Ban / Suspension,True
RGT-001531,CUST-7709DC90,My account RiotUser#49167 was permanently banned but I never cheated. Please review the ban.,Legends of Runeterra,2024-01-18 06:12:36,15.0,8.53,MEDIUM,Account Ban / Suspension,True
RGT-002633,CUST-E3CAA4C1,I called out a griefer and got chat banned while they did not. The system feels inconsistent.,Valorant,2024-05-13 01:16:47,4.0,2.51,MEDIUM,Chat Restriction Appeal,True
RGT-001515,CUST-3502C77D,,Valorant,2023-11-11 10:43:36,3.0,5.08,MEDIUM,Login / 2FA Issue,True
RGT-DUPE-0048,CUST-C4731564,Blatant cheater in Diamond ranked. Please investigate account RiotUser#68783. They were toggling aimbot openly.,Legends of Runeterra,2024-04-10 09:02:01,9.0,,LOW,Cheat / Hacker Report,False
RGT-001763,CUST-7859EB08,Matchmaking is putting me against players 3 tiers above me. This has been happening all week.,Teamfight Tactics,2024-05-14 07:20:07,1.0,34.67,MEDIUM,Ranked & Matchmaking,True
RGT-001491,CUST-CDB94453,Locked out of my account after too many failed login attempts. I was trying to recover access legitimately.,Valorant,2023-10-10 05:29:33,22.0,29.81,MEDIUM,Login / 2FA Issue,True
RGT-001172,CUST-4854215C,Getting error UX-1 when attempting to sign in. This started after your maintenance window yesterday.,League of Legends,2023-08-21 07:27:24,1.0,48.51,MEDIUM,Login / 2FA Issue,True
RGT-002527,CUST-522A7E0A,"My smurf account was banned, now my main account is also restricted. I do not understand what happened.",League of Legends,2023-07-01 23:53:13,9.0,5.33,HIGH,Account Ban / Suspension,True
RGT-002439,CUST-2AE5E127,I received a 25-game chat restriction for a single game where I was defending myself. This is disproportionate.,Teamfight Tactics,2023-12-29 11:44:57,25.0,22.29,HIGH,Chat Restriction Appeal,True
RGT-002620,CUST-46C64CC1,This player admitted to using scripts in chat. I have a screenshot. How do I submit it?,League of Legends,2023-05-08 23:44:34,4.0,8.99,MEDIUM,Cheat / Hacker Report,True
RGT-DUPE-0030,CUST-8A8F6164,This player admitted to using scripts in chat. I have a screenshot. How do I submit it?,Teamfight Tactics,2024-03-17 13:48:08,7.0,,HIGH,Cheat / Hacker Report,False
RGT-002285,CUST-5B47B4C1,My Riot Points are missing after I topped up. I have the bank receipt. Please refund or credit my account.,Valorant,2024-04-27 11:31:10,1.0,60.91,LOW,Missing RP / Purchase Issue,True
RGT-DUPE-0028,CUST-B24AD742,"After the latest patch, my client freezes on the loading screen. I cannot get into any game.",Teamfight Tactics,2023-12-22 20:40:07,1.0,179.34,LOW,Client Bug / Crash,True
RGT-000406,CUST-B29C26D5,I was banned for account sharing. I let my brother play once. Is there a way to appeal this decision?,Legends of Runeterra,2023-05-19 21:17:38,0.0,,LOW,Account Ban / Suspension,False
RGT-000758,CUST-1844A1F5,I got permabanned for 'toxic behaviour' but all I did was mute my teammates. This seems unfair.,Valorant,2023-08-01 01:36:27,2.0,0.82,MEDIUM,Account Ban / Suspension,True
RGT-002072,CUST-F8165A13,This player in my last game was clearly using an aimbot. Every bullet was a headshot through smoke.,Legends of Runeterra,2023-01-28 10:52:46,3.0,19.11,LOW,Cheat / Hacker Report,True
RGT-002253,CUST-D29BC432,Duo partner and I are being put into the wrong queue tier. We are Diamond 2 and 3 but matched in Plat.,Teamfight Tactics,2023-08-08 11:09:45,2.0,77.38,LOW,Ranked & Matchmaking,True
RGT-002000,CUST-375F8B4C,I would like a refund for the champion I purchased yesterday. I have not played them yet.,League of Legends,2023-09-12 23:49:47,5.0,236.52,LOW,Refund Request,True
RGT-000098,CUST-FA9DBD80,I was punished for saying 'gg ez' which is a common phrase. I disagree this violates community standards.,Teamfight Tactics,2023-01-15 18:15:29,0.0,21.28,LOW,Chat Restriction Appeal,True
RGT-001334,CUST-5B4081EE,I was gifted a skin I already owned. The duplicate was auto-converted to orange essence. I want a refund.,Legends of Runeterra,2024-04-10 17:03:11,14.0,36.89,LOW,Refund Request,True
RGT-002462,CUST-0AC56119,There is a blatant scripter in my ranked game. They had 0ms reaction time and perfect skill shots all game.,Legends of Runeterra,2023-10-21 13:44:32,7.0,16.53,MEDIUM,Cheat / Hacker Report,True
RGT-000744,CUST-FE972C20,Client keeps logging me out randomly. I have to re-enter my password multiple times per session.,Wild Rift,2023-11-02 18:04:40,15.0,72.61,MEDIUM,Client Bug / Crash,True
RGT-000807,CUST-84393CA6,This player admitted to using scripts in chat. I have a screenshot. How do I submit it?,Teamfight Tactics,2023-05-22 12:05:11,1.0,16.05,MEDIUM,Cheat / Hacker Report,True
RGT-ND-9012,CUST-F84CD2F3,Cannot log into my account after password reset.,League of Legends,2023-06-15 14:30:00,2.0,10.0,MEDIUM,Missing RP / Purchase Issue,True
RGT-002021,CUST-7709DC90,2FA is sending codes but they expire before I can enter them. Clock sync on my phone is correct.,Wild Rift,2023-10-12 03:16:23,21.0,3.75,HIGH,Login / 2FA Issue,True
RGT-002577,CUST-74EA26B3,My Riot Points are missing after I topped up. I have the bank receipt. Please refund or credit my account.,Wild Rift,2024-04-03 14:31:24,3.0,10.46,MEDIUM,Missing RP / Purchase Issue,True
RGT-001536,CUST-4CF66CD9,Account banned with no explanation. I spent over $500 on this account. Please look into this immediately.,Wild Rift,2024-02-06 01:31:52,20.0,16.95,LOW,Account Ban / Suspension,True
RGT-002115,CUST-DAB2F333,I was charged twice for the same RP bundle. I see two transactions on my statement for $20.00.,Teamfight Tactics,2023-09-13 20:13:16,2.0,,HIGH,Missing RP / Purchase Issue,False
RGT-002173,CUST-01E0218A,The client update bricked my installation. Now I get error code 0xEBDA on startup.,Teamfight Tactics,2023-04-15 03:53:08,,26.18,MEDIUM,Client Bug / Crash,True
RGT-002416,CUST-9BFC5E9A,,Valorant,2023-07-30 14:02:06,4.0,1.47,MEDIUM,Missing RP / Purchase Issue,True
RGT-000149,CUST-82487C44,I was banned for account sharing. I let my brother play once. Is there a way to appeal this decision?,Legends of Runeterra,2023-08-02 09:32:18,0.0,,MEDIUM,Account Ban / Suspension,False
RGT-002155,CUST-D54124E1,I used my last refund token on an item I now see is in the next sale. Can I have an exception?,Wild Rift,2023-01-17 21:02:17,3.0,13.37,MEDIUM,Refund Request,True
RGT-002118,CUST-CDB94453,I was in promo series but the server crashed mid-game. The loss was counted against me.,Teamfight Tactics,2024-04-28 16:08:01,27.0,11.28,HIGH,Ranked & Matchmaking,True
RGT-002832,CUST-CDB94453,I was charged twice for the same RP bundle. I see two transactions on my statement for $25.00.,Teamfight Tactics,2023-09-29 09:56:30,33.0,6.39,HIGH,Missing RP / Purchase Issue,True
RGT-001316,CUST-4ED88BA2,Getting a black screen on launch. The process shows in Task Manager but nothing displays.,Teamfight Tactics,2023-11-12 09:53:02,1.0,2.95,MEDIUM,Client Bug / Crash,True
RGT-000693,CUST-01E0218A,Account logged in on an unrecognised device. I changed password but 2FA was not set up. How do I add it now?,Teamfight Tactics,2023-10-03 12:35:17,10.0,13.17,HIGH,Login / 2FA Issue,True
RGT-000819,CUST-F00A34C2,Account banned with no explanation. I spent over $500 on this account. Please look into this immediately.,Valorant,2024-04-29 10:25:10,0.0,42.28,MEDIUM,Account Ban / Suspension,True
RGT-001729,CUST-383F15F2,"After the latest patch, my client freezes on the loading screen. I cannot get into any game.",Teamfight Tactics,2023-05-22 12:24:04,3.0,88.3,LOW,Client Bug / Crash,True
RGT-001387,CUST-94D9DD38,Locked out of my account after too many failed login attempts. I was trying to recover access legitimately.,Legends of Runeterra,2023-05-09 15:54:40,3.0,29.39,MEDIUM,Login / 2FA Issue,True
RGT-002354,CUST-4CF66CD9,I was banned for account sharing. I let my brother play once. Is there a way to appeal this decision?,Teamfight Tactics,2023-02-02 10:44:34,34.0,110.89,LOW,Account Ban / Suspension,True
RGT-002121,CUST-3D51023D,"My MMR seems stuck. I win 8 games in a row and gain 18 LP, then lose once and drop 25 LP.",Valorant,2024-02-13 20:33:29,23.0,27.31,MEDIUM,Ranked & Matchmaking,True
RGT-001600,CUST-B2AAEFD4,Blatant cheater in Diamond ranked. Please investigate account RiotUser#76173. They were toggling aimbot openly.,Wild Rift,2023-05-02 05:12:44,2.0,11.85,MEDIUM,Cheat / Hacker Report,True
RGT-ND-9011,CUST-7A32E5DE,Login is failing even though I just reset my password.,League of Legends,2023-06-15 14:30:00,2.0,10.0,MEDIUM,Missing RP / Purchase Issue,True
RGT-002532,CUST-5F210E14,Getting a black screen on launch. The process shows in Task Manager but nothing displays.,Legends of Runeterra,2023-09-01 14:42:07,30.0,40.58,LOW,Client Bug / Crash,True
RGT-000702,CUST-4B079F84,The Arcane Vi skin causes my game to crash during the level-up animation. Reproducible every time.,Legends of Runeterra,2024-05-22 09:07:37,3.0,0.12,HIGH,Champion / Skin Bug,True
RGT-002895,CUST-8071B213,Getting a black screen on launch. The process shows in Task Manager but nothing displays.,Valorant,2024-06-11 11:40:43,4.0,,LOW,Client Bug / Crash,False
RGT-002739,CUST-AA3F74B3,Got a chat ban that escalated to a full account suspension. The context was taken out of context. I want to appeal.,Valorant,2024-05-08 06:56:58,5.0,21.51,MEDIUM,Account Ban / Suspension,True
RGT-000922,CUST-3B5E48DD,Account banned with no explanation. I spent over $500 on this account. Please look into this immediately.,Valorant,2023-08-23 14:37:20,1.0,,MEDIUM,Account Ban / Suspension,False
RGT-001425,CUST-0C333566,RP purchase failed but the money was deducted from my account. This is the second time this has happened.,Teamfight Tactics,2023-07-04 16:13:10,1.0,26.33,MEDIUM,Missing RP / Purchase Issue,True
RGT-001709,CUST-FFECECC1,My account RiotUser#41137 was permanently banned but I never cheated. Please review the ban.,Wild Rift,2023-01-10 19:26:49,0.0,45.15,LOW,Account Ban / Suspension,True
RGT-000906,CUST-C9C81F9C,The Lunar New Year bundle charged me but only delivered half the content. Missing the ward skin and icon.,Teamfight Tactics,2023-09-01 11:19:07,2.0,51.5,LOW,Missing RP / Purchase Issue,True
RGT-000455,CUST-C4731564,"Hello, my account was flagged and restricted. I believe this is a false positive from your anti-cheat. I need an appeal.",Legends of Runeterra,2023-11-30 03:20:17,7.0,3.67,HIGH,Account Ban / Suspension,True
RGT-002148,CUST-CA66E01A,The client update bricked my installation. Now I get error code 0xB5D4 on startup.,League of Legends,2024-05-10 22:59:22,3.0,10.0,LOW,Client Bug / Crash,True
RGT-002884,CUST-A8CD9E15,The Lunar New Year bundle charged me but only delivered half the content. Missing the ward skin and icon.,Wild Rift,2023-05-17 19:10:43,6.0,,MEDIUM,Missing RP / Purchase Issue,False
RGT-002377,CUST-9EC8E46A,My account RiotUser#90581 was permanently banned but I never cheated. Please review the ban.,League of Legends,2024-05-12 15:49:14,1.0,46.7,MEDIUM,Account Ban / Suspension,True
RGT-001887,CUST-C7E0960A,Client keeps logging me out randomly. I have to re-enter my password multiple times per session.,Wild Rift,2024-01-08 04:19:40,19.0,71.54,MEDIUM,Client Bug / Crash,True
RGT-000168,CUST-1C0F3B84,"After the latest patch, my client freezes on the loading screen. I cannot get into any game.",Valorant,2023-03-30 12:16:28,0.0,7.3,MEDIUM,Client Bug / Crash,True
RGT-000731,CUST-2AE5E127,The Lunar New Year bundle charged me but only delivered half the content. Missing the ward skin and icon.,Legends of Runeterra,2023-07-24 07:43:45,9.0,2.18,MEDIUM,Missing RP / Purchase Issue,True
RGT-002227,CUST-DE4C8886,I was banned for account sharing. I let my brother play once. Is there a way to appeal this decision?,Teamfight Tactics,2023-03-03 06:23:06,2.0,14.73,MEDIUM,Account Ban / Suspension,True
RGT-001311,CUST-1767AA4A,I accidentally purchased the wrong champion. Can I get a refund? I only have one refund token left.,Wild Rift,2023-04-01 17:51:11,21.0,9.38,MEDIUM,Missing RP / Purchase Issue,True
RGT-002371,CUST-FFDBFF7C,Lost 40 LP for a game I disconnected from due to power outage. Can this be reversed?,Wild Rift,2024-01-09 13:44:06,2.0,,LOW,Ranked & Matchmaking,False
RGT-000027,CUST-52F9765C,My League account got banned out of nowhere. I was just playing ranked and then I got logged out. Can you explain why?,Wild Rift,2023-11-30 21:41:45,0.0,36.98,MEDIUM,Account Ban / Suspension,True
RGT-002055,CUST-1767AA4A,I purchased the Battle Pass but didn't receive the rewards. Transaction ID: TXN-0F7DB82B.,Legends of Runeterra,2023-03-22 08:15:30,30.0,9.65,LOW,Missing RP / Purchase Issue,True
RGT-001653,CUST-8B477CDC,Transaction stuck as 'pending' for 48 hours. My bank confirmed the charge went through. Please help.,Valorant,2023-12-21 17:07:54,1.0,5.8,HIGH,Missing RP / Purchase Issue,True
RGT-001623,CUST-E669E68E,Cheater ruined 3 games in a row. Your reporting system seems broken. They are still not banned.,Teamfight Tactics,2023-09-25 07:01:26,4.0,31.15,MEDIUM,Cheat / Hacker Report,True
RGT-000588,CUST-7709DC90,Account banned with no explanation. I spent over $500 on this account. Please look into this immediately.,Legends of Runeterra,2023-06-25 08:34:24,3.0,1.28,HIGH,Account Ban / Suspension,True
RGT-001402,CUST-447B0161,I was in promo series but the server crashed mid-game. The loss was counted against me.,Valorant,2023-07-14 16:51:31,3.0,,MEDIUM,Ranked & Matchmaking,False
RGT-000998,CUST-84B69B19,"Hello, my account was flagged and restricted. I believe this is a false positive from your anti-cheat. I need an appeal.",Wild Rift,2023-12-22 15:00:07,0.0,11.76,MEDIUM,Account Ban / Suspension,True
RGT-001177,CUST-2AE5E127,I was in promo series but the server crashed mid-game. The loss was counted against me.,Legends of Runeterra,2023-08-14 20:40:07,15.0,88.16,LOW,Ranked & Matchmaking,True
RGT-001701,CUST-C70E83D6,I purchased the Battle Pass but didn't receive the rewards. Transaction ID: TXN-D39DB1EA.,Legends of Runeterra,2023-01-13 06:31:36,3.0,12.58,MEDIUM,Missing RP / Purchase Issue,True
RGT-001041,CUST-4CF66CD9,Locked out of my account after too many failed login attempts. I was trying to recover access legitimately.,Legends of Runeterra,2023-03-15 11:00:13,12.0,4.97,HIGH,Login / 2FA Issue,True
RGT-000034,CUST-8B48B472,I bought a new phone and now I cannot receive my 2FA SMS. Please help me recover access.,Legends of Runeterra,2024-06-03 12:42:28,0.0,27.28,MEDIUM,Login / 2FA Issue,True
RGT-001928,CUST-4375BF79,Possible griefing bot detected on the enemy team. All five of them stood still in base.,Legends of Runeterra,2023-05-01 19:29:17,4.0,15.13,LOW,Cheat / Hacker Report,True
RGT-002441,CUST-0E37DF6D,This player in my last game was clearly using an aimbot. Every bullet was a headshot through smoke.,Legends of Runeterra,2023-01-28 10:41:13,3.0,5.87,MEDIUM,Cheat / Hacker Report,True
RGT-001380,CUST-6D8BA715,"My smurf account was banned, now my main account is also restricted. I do not understand what happened.",League of Legends,2023-11-07 10:22:40,3.0,4.31,HIGH,Account Ban / Suspension,True
RGT-000042,CUST-B2AAEFD4,Transaction stuck as 'pending' for 48 hours. My bank confirmed the charge went through. Please help.,Teamfight Tactics,2024-01-05 19:01:07,0.0,24.92,MEDIUM,Missing RP / Purchase Issue,True
RGT-001877,CUST-1767AA4A,The Lunar New Year bundle charged me but only delivered half the content. Missing the ward skin and icon.,Valorant,2023-02-12 16:37:00,28.0,19.92,LOW,Missing RP / Purchase Issue,True
RGT-002177,CUST-FA9DBD80,The Lunar New Year bundle charged me but only delivered half the content. Missing the ward skin and icon.,League of Legends,2023-05-01 06:53:09,21.0,,MEDIUM,Missing RP / Purchase Issue,False
RGT-002258,CUST-4FC4738B,There is a blatant scripter in my ranked game. They had 0ms reaction time and perfect skill shots all game.,Wild Rift,2023-02-19 00:47:44,32.0,,MEDIUM,Cheat / Hacker Report,False
RGT-002687,CUST-8A8F6164,The authenticator app code is being rejected. I re-scanned the QR code and still getting errors.,Teamfight Tactics,2023-12-13 23:03:33,8.0,163.45,MEDIUM,Login / 2FA Issue,True
RGT-002230,CUST-817C392F,Requesting a refund on a bundle because it was not clearly labelled that it included champions I already own.,League of Legends,2023-03-24 10:52:30,5.0,4.49,LOW,Refund Request,True
RGT-002100,CUST-7A32E5DE,My League account got banned out of nowhere. I was just playing ranked and then I got logged out. Can you explain why?,Legends of Runeterra,2024-06-09 05:42:02,26.0,0.3,HIGH,Account Ban / Suspension,True
RGT-001910,CUST-4B1AF024,The EUW server has been unstable all weekend. Multiple disconnects per gaming session.,Valorant,2023-11-28 08:54:33,3.0,34.16,MEDIUM,Server Latency / Lag,True
RGT-000610,CUST-3E2F4D8F,"Purchased RP via prepaid card, entered the code but nothing was credited. Code: RITO-769101.",Valorant,2023-07-28 13:28:33,1.0,3.21,HIGH,Missing RP / Purchase Issue,True
RGT-001133,CUST-FE972C20,The game client crashes every time I enter champion select. I reinstalled but the problem persists.,Legends of Runeterra,2024-01-04 09:44:06,20.0,9.26,MEDIUM,Client Bug / Crash,True
RGT-000029,CUST-2AE5E127,I received a 14-day suspension for allegedly using scripts. I have never used any third-party software. Please investigate.,Legends of Runeterra,2024-05-24 13:48:27,0.0,,LOW,Account Ban / Suspension,False
RGT-000442,CUST-023FE7E6,Possible griefing bot detected on the enemy team. All five of them stood still in base.,Legends of Runeterra,2024-01-23 17:49:48,6.0,5.75,MEDIUM,Cheat / Hacker Report,True
RGT-000666,CUST-8CCE3FA3,Blatant cheater in Diamond ranked. Please investigate account RiotUser#80458. They were toggling aimbot openly.,Valorant,2023-02-28 06:53:15,0.0,1.22,HIGH,Cheat / Hacker Report,True
RGT-002229,CUST-0C1E8B1D,"Hello, my account was flagged and restricted. I believe this is a false positive from your anti-cheat. I need an appeal.",League of Legends,2023-06-04 22:20:21,5.0,20.63,MEDIUM,Account Ban / Suspension,True
RGT-000494,CUST-6B3776C0,Got a chat ban that escalated to a full account suspension. The context was taken out of context. I want to appeal.,League of Legends,2023-08-24 13:10:39,0.0,25.06,LOW,Account Ban / Suspension,True
RGT-001259,CUST-6E8F6EB2,FPS dropping from 200 to single digits every few minutes since patch 13.23. My hardware is fine.,Legends of Runeterra,2023-05-15 15:14:15,0.0,,LOW,Client Bug / Crash,False
RGT-001302,CUST-11805665,My account RiotUser#83719 was permanently banned but I never cheated. Please review the ban.,Legends of Runeterra,2024-04-24 20:45:21,4.0,45.63,MEDIUM,Account Ban / Suspension,True
RGT-002957,CUST-C91C1ECE,I keep getting matched against the same scripter. Already reported in-game but they are still playing.,Valorant,2023-01-02 15:58:50,31.0,0.57,MEDIUM,Cheat / Hacker Report,True
RGT-002438,CUST-01E0218A,I received a 25-game chat restriction for a single game where I was defending myself. This is disproportionate.,Valorant,2023-03-03 00:51:31,36.0,2.19,HIGH,Chat Restriction Appeal,True
RGT-001383,CUST-1479B5E5,2FA is sending codes but they expire before I can enter them. Clock sync on my phone is correct.,League of Legends,2023-01-23 18:19:59,1.0,9.08,LOW,Login / 2FA Issue,True
RGT-001305,CUST-1844A1F5,,League of Legends,2024-02-27 19:41:03,,0.79,HIGH,Missing RP / Purchase Issue,True
RGT-000237,CUST-CDB94453,I was charged twice for the same RP bundle. I see two transactions on my statement for $10.00.,Wild Rift,2023-03-23 11:44:35,1.0,17.2,MEDIUM,Missing RP / Purchase Issue,True
RGT-000552,CUST-3EB38E23,"My MMR seems stuck. I win 8 games in a row and gain 18 LP, then lose once and drop 25 LP.",Wild Rift,2023-07-12 21:21:24,0.0,38.8,MEDIUM,Ranked & Matchmaking,True
RGT-000521,CUST-FEF6885B,Kindred's Q ability is not applying on-hit effects correctly with the Spirit Blossom skin equipped.,Teamfight Tactics,2024-01-21 04:49:04,1.0,,MEDIUM,Champion / Skin Bug,False
RGT-002286,CUST-36250838,Ranked queue dodging penalty applied even though I did not dodge. I was in loading screen.,League of Legends,2024-05-13 00:00:27,3.0,23.53,MEDIUM,Ranked & Matchmaking,True
RGT-001233,CUST-E3190612,My Riot Points are missing after I topped up. I have the bank receipt. Please refund or credit my account.,League of Legends,2024-05-29 15:09:50,1.0,45.01,MEDIUM,Missing RP / Purchase Issue,True
RGT-001139,CUST-99C8CDE3,The client update bricked my installation. Now I get error code 0xAD34 on startup.,Legends of Runeterra,2023-04-17 18:25:43,2.0,,HIGH,Client Bug / Crash,False
RGT-001906,CUST-5B4081EE,Player using Elo-boosting service. They were clearly being played by someone else based on behaviour change.,Legends of Runeterra,2024-04-01 03:03:57,28.0,4.42,HIGH,Cheat / Hacker Report,True
RGT-000721,CUST-BC359A86,The client update bricked my installation. Now I get error code 0x99F9 on startup.,League of Legends,2023-02-09 22:45:09,4.0,,HIGH,Client Bug / Crash,False
RGT-000736,CUST-D24EC8EF,I was charged twice for the same RP bundle. I see two transactions on my statement for $25.00.,Wild Rift,2023-11-27 00:03:46,1.0,2.95,MEDIUM,Missing RP / Purchase Issue,True
RGT-002780,CUST-10C54846,"Bought a bundle in the store, got charged but the content never appeared in my collection.",Legends of Runeterra,2023-07-28 18:09:34,3.0,,LOW,Missing RP / Purchase Issue,False
RGT-001751,CUST-1D5272DD,Matchmaking is putting me against players 3 tiers above me. This has been happening all week.,Teamfight Tactics,2023-10-27 07:40:47,6.0,15.69,LOW,Ranked & Matchmaking,True
RGT-000059,CUST-ACA676FD,I got permabanned for 'toxic behaviour' but all I did was mute my teammates. This seems unfair.,Valorant,2024-02-19 11:26:27,0.0,34.42,LOW,Account Ban / Suspension,True
RGT-000632,CUST-F84CD2F3,Matchmaking is putting me against players 3 tiers above me. This has been happening all week.,Valorant,2024-03-31 10:30:32,1.0,146.24,LOW,Ranked & Matchmaking,True
RGT-001182,CUST-ACA676FD,I purchased a champion that is currently on free rotation. I would like a refund as this was misleading.,League of Legends,2023-10-30 12:32:47,2.0,68.17,MEDIUM,Refund Request,True
RGT-002272,CUST-4B079F84,Possible griefing bot detected on the enemy team. All five of them stood still in base.,Teamfight Tactics,2023-04-19 22:52:10,19.0,90.66,MEDIUM,Cheat / Hacker Report,True
RGT-000593,CUST-C91C1ECE,My account RiotUser#65572 was permanently banned but I never cheated. Please review the ban.,Wild Rift,2023-01-11 19:07:10,10.0,22.99,MEDIUM,Account Ban / Suspension,True
RGT-001304,CUST-0909E3ED,Cheater ruined 3 games in a row. Your reporting system seems broken. They are still not banned.,Wild Rift,2024-05-12 02:38:46,,17.36,MEDIUM,Cheat / Hacker Report,True
RGT-001388,CUST-4B079F84,The game client crashes every time I enter champion select. I reinstalled but the problem persists.,Wild Rift,2023-11-19 17:30:51,10.0,2.68,MEDIUM,Client Bug / Crash,True
RGT-002697,CUST-C83A36A8,Matchmaking is putting me against players 3 tiers above me. This has been happening all week.,Legends of Runeterra,2024-04-07 16:35:31,3.0,,MEDIUM,Ranked & Matchmaking,False
RGT-002713,CUST-4CF66CD9,This player in my last game was clearly using an aimbot. Every bullet was a headshot through smoke.,Wild Rift,2024-03-24 08:07:46,39.0,24.43,MEDIUM,Cheat / Hacker Report,True
RGT-001965,CUST-4CF66CD9,Packet loss of around 15 percent during peak hours. Unplayable. Other games are fine.,Wild Rift,2024-04-28 22:50:48,30.0,2.39,HIGH,Server Latency / Lag,True
RGT-002298,CUST-E0EBF5E1,RP purchase failed but the money was deducted from my account. This is the second time this has happened.,League of Legends,2023-08-15 18:24:34,,,MEDIUM,Missing RP / Purchase Issue,False
RGT-000940,CUST-2E5165F3,Permanent ban issued on my account. I have 3000 hours on this game and have never violated ToS. Please help.,Teamfight Tactics,2023-06-02 15:20:35,0.0,14.18,MEDIUM,Account Ban / Suspension,True
RGT-002874,CUST-E1906887,I keep getting matched against the same scripter. Already reported in-game but they are still playing.,Valorant,2023-01-12 15:03:30,4.0,95.33,LOW,Cheat / Hacker Report,True
RGT-001250,CUST-FE81BAEC,,Teamfight Tactics,2023-07-01 02:41:40,0.0,,MEDIUM,Client Bug / Crash,True
RGT-000905,CUST-84591BE0,Blatant cheater in Diamond ranked. Please investigate account RiotUser#58936. They were toggling aimbot openly.,Valorant,2023-11-20 21:27:15,2.0,1.13,HIGH,Cheat / Hacker Report,True
RGT-002623,CUST-2AE5E127,Audio cuts out completely mid-game after around 20 minutes of play. Rolling back drivers did not fix it.,Valorant,2023-08-01 17:18:50,28.0,,MEDIUM,Client Bug / Crash,False
RGT-001280,CUST-ED59D5A1,There is a blatant scripter in my ranked game. They had 0ms reaction time and perfect skill shots all game.,Legends of Runeterra,2024-06-14 14:12:56,2.0,,MEDIUM,Cheat / Hacker Report,False
RGT-002475,CUST-4CF66CD9,Player using Elo-boosting service. They were clearly being played by someone else based on behaviour change.,Wild Rift,2024-03-25 00:15:47,36.0,3.92,MEDIUM,Cheat / Hacker Report,True
RGT-002966,CUST-3488A6BE,I bought 3250 RP but it never showed up in my account. I was charged on my card though.,League of Legends,2024-05-15 07:31:20,4.0,130.19,MEDIUM,Missing RP / Purchase Issue,True
RGT-002420,CUST-01E0218A,My Riot Points are missing after I topped up. I have the bank receipt. Please refund or credit my account.,Legends of Runeterra,2023-11-17 22:31:22,35.0,49.72,LOW,Missing RP / Purchase Issue,True
RGT-002460,CUST-E573FEE4,I received a 14-day suspension for allegedly using scripts. I have never used any third-party software. Please investigate.,League of Legends,2023-01-11 02:15:53,9.0,1.0,MEDIUM,Account Ban / Suspension,True
RGT-002540,CUST-4FC4738B,Reporting a player for using wallhacks in Valorant. Their username is Player8047. Please review game ID NA1_9430126019.,League of Legends,2023-04-22 23:50:02,35.0,,MEDIUM,Cheat / Hacker Report,False
RGT-001143,CUST-2315C447,Got a chat ban that escalated to a full account suspension. The context was taken out of context. I want to appeal.,Teamfight Tactics,2023-04-09 11:17:59,1.0,4.82,HIGH,Account Ban / Suspension,True
RGT-002454,CUST-FE972C20,Blatant cheater in Diamond ranked. Please investigate account RiotUser#97995. They were toggling aimbot openly.,League of Legends,2023-02-02 07:15:33,31.0,128.37,MEDIUM,Cheat / Hacker Report,True
RGT-000707,CUST-3D51023D,I lost LP for a loss that was not my fault. My teammates went AFK in the first 5 minutes.,Legends of Runeterra,2023-02-03 22:59:21,8.0,27.15,LOW,Ranked & Matchmaking,True
RGT-002724,CUST-66FA087D,I used 'Login with Google' but Google account is now deleted. How do I recover my Riot account?,League of Legends,2023-12-17 07:27:44,5.0,32.07,LOW,Login / 2FA Issue,True
RGT-001023,CUST-BBD72111,I was in promo series but the server crashed mid-game. The loss was counted against me.,League of Legends,2023-11-23 12:00:57,0.0,,HIGH,Ranked & Matchmaking,False
RGT-000746,CUST-00BEEC20,"After the latest patch, my client freezes on the loading screen. I cannot get into any game.",Wild Rift,2023-11-16 21:36:01,0.0,8.96,MEDIUM,Client Bug / Crash,True
RGT-001547,CUST-B703A4B4,I keep getting matched against the same scripter. Already reported in-game but they are still playing.,Valorant,2024-05-26 05:44:25,4.0,,MEDIUM,Cheat / Hacker Report,False
RGT-002430,CUST-E573FEE4,I bought 3250 RP but it never showed up in my account. I was charged on my card though.,Teamfight Tactics,2023-04-10 13:21:04,8.0,9.53,HIGH,Missing RP / Purchase Issue,True
RGT-002111,CUST-1B5CD02F,The shop tab in the client is blank. I cannot browse or purchase anything. Tried clearing cache.,Wild Rift,2024-02-24 13:00:02,3.0,2.04,HIGH,Client Bug / Crash,True
RGT-002014,CUST-088F80DF,,Wild Rift,2023-11-15 21:06:20,4.0,,MEDIUM,Account Ban / Suspension,False
RGT-000514,CUST-24511E5D,Blatant cheater in Diamond ranked. Please investigate account RiotUser#42821. They were toggling aimbot openly.,Legends of Runeterra,2024-02-08 15:26:41,,113.79,LOW,Cheat / Hacker Report,True
RGT-000082,CUST-9FDC861E,I got permabanned for 'toxic behaviour' but all I did was mute my teammates. This seems unfair.,Teamfight Tactics,2023-02-12 13:12:35,0.0,0.19,MEDIUM,Account Ban / Suspension,True
RGT-002744,CUST-C8E6F966,Ranked queue dodging penalty applied even though I did not dodge. I was in loading screen.,Legends of Runeterra,2023-10-19 19:51:57,,2.88,HIGH,Ranked & Matchmaking,True
RGT-001309,CUST-80A7FB33,I cannot log into my account. I reset my password but the 2FA code is going to an old email I lost access to.,Wild Rift,2023-11-18 21:49:19,2.0,151.58,LOW,Login / 2FA Issue,True
RGT-002572,CUST-0909E3ED,Requesting a refund on a bundle because it was not clearly labelled that it included champions I already own.,Teamfight Tactics,2023-10-30 23:24:05,4.0,0.63,HIGH,Refund Request,True
RGT-000915,CUST-5B4081EE,My account RiotUser#38704 was permanently banned but I never cheated. Please review the ban.,Valorant,2024-02-01 07:41:32,8.0,104.43,LOW,Account Ban / Suspension,True
RGT-001405,CUST-BBD08A57,"Purchased RP via prepaid card, entered the code but nothing was credited. Code: RITO-9A706B.",League of Legends,2024-04-08 01:37:22,2.0,7.69,HIGH,Missing RP / Purchase Issue,True
RGT-001648,CUST-AA3F74B3,Someone is ddosing our team. Two of my teammates disconnected within seconds of each other.,League of Legends,2023-02-02 09:03:14,2.0,30.5,MEDIUM,Cheat / Hacker Report,True
RGT-002844,CUST-61ADFAC6,Got a chat ban that escalated to a full account suspension. The context was taken out of context. I want to appeal.,Legends of Runeterra,2023-12-24 14:17:16,22.0,0.42,HIGH,Account Ban / Suspension,True
RGT-001109,CUST-C4731564,Cheater ruined 3 games in a row. Your reporting system seems broken. They are still not banned.,Legends of Runeterra,2024-04-05 23:21:41,17.0,16.63,MEDIUM,Cheat / Hacker Report,True
RGT-000151,CUST-5C8E2E99,Reporting a player for using wallhacks in Valorant. Their username is Player2531. Please review game ID NA1_7035624331.,Valorant,2024-05-09 13:50:40,1.0,0.23,MEDIUM,Cheat / Hacker Report,True
RGT-002810,CUST-75103BB2,Account banned with no explanation. I spent over $500 on this account. Please look into this immediately.,Wild Rift,2023-12-22 17:23:39,6.0,154.12,LOW,Account Ban / Suspension,True
RGT-000775,CUST-5755564A,Getting a black screen on launch. The process shows in Task Manager but nothing displays.,League of Legends,2023-10-26 07:31:08,1.0,25.47,MEDIUM,Client Bug / Crash,True
RGT-000330,CUST-CDB94453,This player admitted to using scripts in chat. I have a screenshot. How do I submit it?,Legends of Runeterra,2023-05-13 06:59:18,3.0,1.49,MEDIUM,Cheat / Hacker Report,True
RGT-000007,CUST-1844A1F5,Ranked queue dodging penalty applied even though I did not dodge. I was in loading screen.,Legends of Runeterra,2023-05-19 18:18:44,0.0,2.83,HIGH,Ranked & Matchmaking,True
RGT-000944,CUST-4CF66CD9,Possible griefing bot detected on the enemy team. All five of them stood still in base.,Valorant,2023-05-30 14:25:49,8.0,,MEDIUM,Cheat / Hacker Report,False
RGT-000823,CUST-0A3C71EC,Permanent ban issued on my account. I have 3000 hours on this game and have never violated ToS. Please help.,Legends of Runeterra,2023-05-29 08:08:47,1.0,,LOW,Account Ban / Suspension,False
RGT-000735,CUST-4B079F84,Got a chat ban that escalated to a full account suspension. The context was taken out of context. I want to appeal.,Legends of Runeterra,2023-08-15 21:26:07,4.0,26.46,MEDIUM,Account Ban / Suspension,True
RGT-000910,CUST-82545D92,I accidentally purchased the wrong champion. Can I get a refund? I only have one refund token left.,Valorant,2023-08-03 08:04:14,1.0,15.87,LOW,Missing RP / Purchase Issue,True
RGT-000469,CUST-5898BB05,Possible griefing bot detected on the enemy team. All five of them stood still in base.,Valorant,2023-03-03 12:04:49,1.0,57.06,MEDIUM,Cheat / Hacker Report,True
RGT-000182,CUST-3E70C00C,2FA is sending codes but they expire before I can enter them. Clock sync on my phone is correct.,Valorant,2023-04-28 13:49:05,0.0,181.76,LOW,Login / 2FA Issue,True
RGT-000165,CUST-35622996,I lost LP for a loss that was not my fault. My teammates went AFK in the first 5 minutes.,Valorant,2023-08-31 06:03:26,1.0,10.08,MEDIUM,Ranked & Matchmaking,True
RGT-001524,CUST-E0EBF5E1,"My smurf account was banned, now my main account is also restricted. I do not understand what happened.",Wild Rift,2023-12-16 05:29:52,18.0,83.03,LOW,Account Ban / Suspension,True
RGT-000452,CUST-45A8BC32,"My MMR seems stuck. I win 8 games in a row and gain 18 LP, then lose once and drop 25 LP.",League of Legends,2024-05-13 04:03:19,2.0,,LOW,Ranked & Matchmaking,False
RGT-002333,CUST-1479B5E5,Someone is ddosing our team. Two of my teammates disconnected within seconds of each other.,Valorant,2023-09-29 03:38:56,2.0,249.83,LOW,Cheat / Hacker Report,True
RGT-000491,CUST-529E139B,Ranked queue dodging penalty applied even though I did not dodge. I was in loading screen.,Legends of Runeterra,2023-03-13 15:38:19,1.0,0.26,HIGH,Ranked & Matchmaking,True
RGT-000814,CUST-FA9DBD80,My Riot Points are missing after I topped up. I have the bank receipt. Please refund or credit my account.,Teamfight Tactics,2023-08-21 03:04:21,8.0,20.48,MEDIUM,Missing RP / Purchase Issue,True
RGT-001144,CUST-4720A994,I lost LP for a loss that was not my fault. My teammates went AFK in the first 5 minutes.,Legends of Runeterra,2023-11-18 07:55:01,3.0,17.46,MEDIUM,Ranked & Matchmaking,True
RGT-001312,CUST-A81EE82F,,Teamfight Tactics,2024-05-08 09:01:42,-999.0,,MEDIUM,Cheat / Hacker Report,False
RGT-002314,CUST-4854215C,The shop tab in the client is blank. I cannot browse or purchase anything. Tried clearing cache.,League of Legends,2023-11-02 23:03:23,3.0,37.04,MEDIUM,Client Bug / Crash,True
RGT-001112,CUST-492466D9,Chat restriction applied to my account but I have honour level 5. Seems like an error in your system.,Valorant,2024-05-31 15:10:44,2.0,120.05,LOW,Chat Restriction Appeal,True
RGT-DUPE-0032,CUST-5F210E14,I completed my placement matches but my rank is much lower than last season. Is this expected?,Legends of Runeterra,2023-08-23 20:15:47,28.0,,LOW,Ranked & Matchmaking,False
RGT-001827,CUST-1844A1F5,I was banned for account sharing. I let my brother play once. Is there a way to appeal this decision?,Wild Rift,2023-03-26 04:51:35,,,MEDIUM,Account Ban / Suspension,False
RGT-001442,CUST-1844A1F5,"Hello, my account was flagged and restricted. I believe this is a false positive from your anti-cheat. I need an appeal.",Legends of Runeterra,2023-06-03 16:22:39,4.0,52.21,LOW,Account Ban / Suspension,True
RGT-002013,CUST-CDB94453,Blatant cheater in Diamond ranked. Please investigate account RiotUser#37913. They were toggling aimbot openly.,League of Legends,2023-12-26 01:33:51,24.0,9999.0,LOW,Cheat / Hacker Report,True
RGT-001007,CUST-ABA4C4B7,Reporting a player for using wallhacks in Valorant. Their username is Player9153. Please review game ID NA1_5787216589.,Teamfight Tactics,2023-07-16 11:04:21,12.0,28.21,MEDIUM,Cheat / Hacker Report,True
RGT-001628,CUST-5F210E14,This player in my last game was clearly using an aimbot. Every bullet was a headshot through smoke.,Legends of Runeterra,2023-03-06 13:35:19,16.0,8.09,MEDIUM,Cheat / Hacker Report,True
RGT-001633,CUST-A002C561,I want to appeal my chat restriction. The logs being cited were from a conversation I did not start.,Wild Rift,2023-08-12 16:19:08,1.0,29.56,MEDIUM,Chat Restriction Appeal,True
RGT-001075,CUST-44AD1558,Remake did not trigger even though a player was AFK from champion select. Lost LP unfairly.,Valorant,2024-04-06 12:09:11,1.0,74.37,MEDIUM,Ranked & Matchmaking,True
RGT-000579,CUST-C91C1ECE,I received a 14-day suspension for allegedly using scripts. I have never used any third-party software. Please investigate.,Valorant,2023-01-27 09:40:20,9.0,,LOW,Account Ban / Suspension,False
RGT-002169,CUST-CE5E5E24,I purchased the Battle Pass but didn't receive the rewards. Transaction ID: TXN-CD173A59.,Teamfight Tactics,2023-04-18 06:03:27,3.0,41.31,LOW,Missing RP / Purchase Issue,True
RGT-002418,CUST-5C8E2E99,I would like a refund for the champion I purchased yesterday. I have not played them yet.,Valorant,2023-07-10 11:01:28,22.0,16.28,LOW,Refund Request,True
RGT-002336,CUST-731C8BAA,,Legends of Runeterra,2023-01-04 01:09:35,4.0,,HIGH,Cheat / Hacker Report,False
RGT-002375,CUST-672227E5,I purchased an emote for a character I no longer play. Refund would be appreciated.,League of Legends,2024-06-11 21:16:55,5.0,,HIGH,Refund Request,True
RGT-000328,CUST-53D13EEB,Account banned with no explanation. I spent over $500 on this account. Please look into this immediately.,Teamfight Tactics,2023-12-10 11:23:37,2.0,23.42,MEDIUM,Account Ban / Suspension,True
RGT-001791,CUST-926E4953,I accidentally purchased the wrong champion. Can I get a refund? I only have one refund token left.,Teamfight Tactics,2023-09-09 14:49:26,1.0,38.83,MEDIUM,Missing RP / Purchase Issue,True
RGT-000443,CUST-F239E82D,I want to appeal my chat restriction. The logs being cited were from a conversation I did not start.,Legends of Runeterra,2023-04-27 21:00:48,1.0,32.93,MEDIUM,Chat Restriction Appeal,True
RGT-001859,CUST-812BA472,Permanent ban issued on my account. I have 3000 hours on this game and have never violated ToS. Please help.,Wild Rift,2023-03-24 23:58:01,2.0,3.33,HIGH,Account Ban / Suspension,True
RGT-002239,CUST-FE81BAEC,Audio cuts out completely mid-game after around 20 minutes of play. Rolling back drivers did not fix it.,Teamfight Tactics,2023-08-25 03:18:05,1.0,,LOW,Client Bug / Crash,False
RGT-000313,CUST-49AFD844,Blatant cheater in Diamond ranked. Please investigate account RiotUser#67503. They were toggling aimbot openly.,Legends of Runeterra,2023-01-31 16:07:11,0.0,15.94,MEDIUM,Cheat / Hacker Report,True
RGT-000833,CUST-6A23E27B,I bought a new phone and now I cannot receive my 2FA SMS. Please help me recover access.,Legends of Runeterra,2024-02-04 14:48:20,1.0,10.3,HIGH,Login / 2FA Issue,True
RGT-002447,CUST-7709DC90,Ranked queue dodging penalty applied even though I did not dodge. I was in loading screen.,Wild Rift,2023-10-14 17:31:18,24.0,,HIGH,Ranked & Matchmaking,False
RGT-002171,CUST-BC359A86,I got permabanned for 'toxic behaviour' but all I did was mute my teammates. This seems unfair.,Legends of Runeterra,2023-08-17 11:44:54,14.0,17.24,MEDIUM,Account Ban / Suspension,True
RGT-001415,CUST-2AE1BE16,Someone is ddosing our team. Two of my teammates disconnected within seconds of each other.,Wild Rift,2024-01-16 00:19:04,1.0,1.23,HIGH,Cheat / Hacker Report,True
RGT-001202,CUST-BC3F6430,My League account got banned out of nowhere. I was just playing ranked and then I got logged out. Can you explain why?,Valorant,2023-01-12 19:58:12,2.0,32.08,MEDIUM,Account Ban / Suspension,True
RGT-002515,CUST-62F89721,"Bought a bundle in the store, got charged but the content never appeared in my collection.",Valorant,2024-03-15 05:24:45,4.0,12.4,MEDIUM,Missing RP / Purchase Issue,True
RGT-001500,CUST-4B079F84,"After updating, all my settings were reset. Also my custom game configurations are gone.",Valorant,2023-11-14 04:55:08,12.0,2.6,MEDIUM,Client Bug / Crash,True
RGT-002011,CUST-24511E5D,Duo partner and I are being put into the wrong queue tier. We are Diamond 2 and 3 but matched in Plat.,Legends of Runeterra,2023-01-06 15:12:31,3.0,,HIGH,Ranked & Matchmaking,False
RGT-000087,CUST-F98E071F,Got a chat ban that escalated to a full account suspension. The context was taken out of context. I want to appeal.,Wild Rift,2023-12-31 05:19:21,0.0,42.03,LOW,Account Ban / Suspension,True
RGT-001404,CUST-10C54846,I lost LP for a loss that was not my fault. My teammates went AFK in the first 5 minutes.,Legends of Runeterra,2023-02-14 16:31:06,1.0,85.24,LOW,Ranked & Matchmaking,True
RGT-DUPE-0012,CUST-C4731564,Constant 'Connection Error' messages in client even though my internet is working perfectly.,League of Legends,2023-11-10 12:34:38,15.0,5.58,HIGH,Client Bug / Crash,True
RGT-002482,CUST-7204AB09,Duo partner and I are being put into the wrong queue tier. We are Diamond 2 and 3 but matched in Plat.,League of Legends,2024-03-29 18:31:31,4.0,90.07,LOW,Ranked & Matchmaking,True
RGT-002003,CUST-61ADFAC6,I was gifted a skin I already owned. The duplicate was auto-converted to orange essence. I want a refund.,Wild Rift,2023-03-21 07:59:32,15.0,1.9,HIGH,Refund Request,True
RGT-001482,CUST-29EBE5F4,I cannot log into my account. I reset my password but the 2FA code is going to an old email I lost access to.,League of Legends,2023-05-10 07:00:54,1.0,,MEDIUM,Login / 2FA Issue,False
RGT-000778,CUST-2D5422EC,I used 'Login with Google' but Google account is now deleted. How do I recover my Riot account?,Legends of Runeterra,2023-01-06 09:40:58,1.0,29.6,LOW,Login / 2FA Issue,True
RGT-000800,CUST-C132E885,This player in my last game was clearly using an aimbot. Every bullet was a headshot through smoke.,Valorant,2023-05-12 08:38:29,0.0,,MEDIUM,Cheat / Hacker Report,False
RGT-001667,CUST-2CA48875,The authenticator app code is being rejected. I re-scanned the QR code and still getting errors.,League of Legends,2024-06-26 22:40:58,2.0,72.8,MEDIUM,Login / 2FA Issue,True
RGT-001895,CUST-1B562D78,Lost 40 LP for a game I disconnected from due to power outage. Can this be reversed?,Legends of Runeterra,2023-08-29 16:08:28,,,MEDIUM,Ranked & Matchmaking,False
RGT-000055,CUST-522A7E0A,Packet loss of around 15 percent during peak hours. Unplayable. Other games are fine.,Wild Rift,2023-07-09 07:28:24,0.0,,LOW,Server Latency / Lag,False
RGT-002484,CUST-2A4294FC,Account logged in on an unrecognised device. I changed password but 2FA was not set up. How do I add it now?,Valorant,2023-12-29 14:21:19,2.0,194.52,LOW,Login / 2FA Issue,True
RGT-001288,CUST-6578BDD6,Constant 'Connection Error' messages in client even though my internet is working perfectly.,Wild Rift,2023-11-09 00:43:36,3.0,7.94,MEDIUM,Client Bug / Crash,True
RGT-001921,CUST-FE22C730,Account recovery is not working. I no longer have access to the email or phone number on record.,Valorant,2023-07-24 06:10:51,3.0,11.99,MEDIUM,Login / 2FA Issue,True
RGT-001668,CUST-E0EBF5E1,I would like a refund for the champion I purchased yesterday. I have not played them yet.,Valorant,2023-12-11 11:05:40,20.0,12.96,MEDIUM,Refund Request,True
RGT-002666,CUST-AF5E2768,The Lunar New Year bundle charged me but only delivered half the content. Missing the ward skin and icon.,Wild Rift,2023-04-06 08:00:17,1.0,11.71,LOW,Missing RP / Purchase Issue,True
RGT-002223,CUST-B8EE1033,Matchmaking is putting me against players 3 tiers above me. This has been happening all week.,Wild Rift,2023-10-15 01:06:53,3.0,19.66,LOW,Ranked & Matchmaking,True
RGT-001702,CUST-2D0C0D55,Got a communication ban for using my native language which the filter incorrectly flagged.,Legends of Runeterra,2023-04-20 17:10:34,,83.24,LOW,Chat Restriction Appeal,True
RGT-001246,CUST-1D9D8E56,Kindred's Q ability is not applying on-hit effects correctly with the Spirit Blossom skin equipped.,Wild Rift,2023-07-16 23:50:13,1.0,4.44,MEDIUM,Champion / Skin Bug,True
RGT-000114,CUST-5F210E14,"After updating, all my settings were reset. Also my custom game configurations are gone.",Teamfight Tactics,2023-11-20 13:44:25,0.0,,LOW,Client Bug / Crash,False
RGT-002892,CUST-E79B1BC6,I would like a refund for the champion I purchased yesterday. I have not played them yet.,Legends of Runeterra,2024-06-20 15:43:25,4.0,27.78,MEDIUM,Refund Request,True
RGT-000988,CUST-D6D08728,This player in my last game was clearly using an aimbot. Every bullet was a headshot through smoke.,Teamfight Tactics,2023-10-17 17:40:09,1.0,,MEDIUM,Cheat / Hacker Report,False
RGT-000502,CUST-D83851D5,Permanent ban issued on my account. I have 3000 hours on this game and have never violated ToS. Please help.,Legends of Runeterra,2023-11-13 04:27:19,2.0,4.87,LOW,Account Ban / Suspension,True
RGT-002470,CUST-D3C24607,I lost LP for a loss that was not my fault. My teammates went AFK in the first 5 minutes.,League of Legends,2024-04-08 18:43:44,3.0,2.56,HIGH,Ranked & Matchmaking,True
RGT-001010,CUST-7742CF32,I bought a new phone and now I cannot receive my 2FA SMS. Please help me recover access.,Wild Rift,2023-12-27 01:48:15,2.0,0.69,HIGH,Login / 2FA Issue,True
RGT-001199,CUST-1767AA4A,Client keeps logging me out randomly. I have to re-enter my password multiple times per session.,League of Legends,2023-07-24 02:20:57,17.0,1.08,MEDIUM,Client Bug / Crash,True
RGT-001395,CUST-5A96127B,I received a 14-day suspension for allegedly using scripts. I have never used any third-party software. Please investigate.,Valorant,2024-06-02 15:41:55,1.0,8.09,HIGH,Account Ban / Suspension,True
RGT-000590,CUST-AD716FA9,Transaction stuck as 'pending' for 48 hours. My bank confirmed the charge went through. Please help.,Valorant,2023-04-09 03:40:37,2.0,11.08,LOW,Missing RP / Purchase Issue,True
RGT-000769,CUST-B98ACCE8,My clash tournament registration was cancelled without notification. Please refund the ticket fee.,Legends of Runeterra,2023-09-20 10:30:26,0.0,15.81,MEDIUM,Ranked & Matchmaking,True
RGT-000018,CUST-F84CD2F3,My chat restriction ended but I am still unable to type in-game. There seems to be a bug.,League of Legends,2023-07-09 17:47:29,0.0,33.21,LOW,Chat Restriction Appeal,True
RGT-001043,CUST-01E0218A,Account logged in on an unrecognised device. I changed password but 2FA was not set up. How do I add it now?,League of Legends,2023-11-13 06:42:41,15.0,,LOW,Login / 2FA Issue,False
RGT-001448,CUST-5C770011,I bought 3250 RP but it never showed up in my account. I was charged on my card though.,Wild Rift,2024-01-11 04:38:54,0.0,74.49,LOW,Missing RP / Purchase Issue,True
RGT-002725,CUST-CDD1BD58,Someone is ddosing our team. Two of my teammates disconnected within seconds of each other.,Valorant,2023-01-05 10:06:47,3.0,,MEDIUM,Cheat / Hacker Report,False
RGT-000286,CUST-57FBCB14,There is a blatant scripter in my ranked game. They had 0ms reaction time and perfect skill shots all game.,Legends of Runeterra,2023-10-02 06:46:36,1.0,26.58,MEDIUM,Cheat / Hacker Report,True
RGT-002721,CUST-3E70C00C,RP purchase failed but the money was deducted from my account. This is the second time this has happened.,Teamfight Tactics,2023-07-24 22:56:24,4.0,5.81,LOW,Missing RP / Purchase Issue,True
RGT-000429,CUST-FA9DBD80,Account banned with no explanation. I spent over $500 on this account. Please look into this immediately.,Valorant,2023-08-09 06:54:01,3.0,2.44,HIGH,Account Ban / Suspension,True
RGT-001329,CUST-47259181,Possible griefing bot detected on the enemy team. All five of them stood still in base.,Valorant,2024-02-21 14:46:28,3.0,8.72,LOW,Cheat / Hacker Report,True
RGT-002065,CUST-CD15BFFA,"My smurf account was banned, now my main account is also restricted. I do not understand what happened.",Wild Rift,2024-02-04 21:29:34,5.0,,MEDIUM,Account Ban / Suspension,False
RGT-000670,CUST-ABA4C4B7,"My MMR seems stuck. I win 8 games in a row and gain 18 LP, then lose once and drop 25 LP.",Teamfight Tactics,2023-12-18 09:56:30,6.0,48.57,MEDIUM,Ranked & Matchmaking,True
RGT-000032,CUST-6A9394B7,Matchmaking is putting me against players 3 tiers above me. This has been happening all week.,Valorant,2023-04-28 03:41:14,0.0,6.31,MEDIUM,Ranked & Matchmaking,True
RGT-001342,CUST-F7E0BA15,Possible griefing bot detected on the enemy team. All five of them stood still in base.,Valorant,2023-01-28 06:35:13,5.0,5.45,MEDIUM,Cheat / Hacker Report,True
RGT-000723,CUST-672FBBB9,Bought the wrong skin. I meant to buy the Prestige version but bought the regular one. Can you swap it?,Teamfight Tactics,2023-07-10 06:05:08,0.0,35.95,MEDIUM,Refund Request,True
RGT-000952,CUST-24CD11C8,Client keeps logging me out randomly. I have to re-enter my password multiple times per session.,League of Legends,2023-02-24 14:06:49,0.0,7.8,MEDIUM,Client Bug / Crash,True
RGT-001915,CUST-4720A994,"My MMR seems stuck. I win 8 games in a row and gain 18 LP, then lose once and drop 25 LP.",League of Legends,2023-03-08 21:35:53,5.0,,MEDIUM,Ranked & Matchmaking,False
RGT-002366,CUST-089FF8E0,Remake did not trigger even though a player was AFK from champion select. Lost LP unfairly.,League of Legends,2023-02-22 21:47:35,5.0,39.17,MEDIUM,Ranked & Matchmaking,True
RGT-000215,CUST-5C8E2E99,"Bought a bundle in the store, got charged but the content never appeared in my collection.",Teamfight Tactics,2023-11-18 13:16:13,2.0,84.73,MEDIUM,Missing RP / Purchase Issue,True
RGT-000990,CUST-6D8BA715,RP purchase failed but the money was deducted from my account. This is the second time this has happened.,Wild Rift,2024-03-20 04:56:41,2.0,18.91,LOW,Missing RP / Purchase Issue,True
RGT-001165,CUST-A326E34B,Blatant cheater in Diamond ranked. Please investigate account RiotUser#73077. They were toggling aimbot openly.,Legends of Runeterra,2024-06-12 23:12:09,2.0,0.59,HIGH,Cheat / Hacker Report,True
RGT-002878,CUST-2C0B0E3F,Client keeps logging me out randomly. I have to re-enter my password multiple times per session.,Teamfight Tactics,2023-11-14 15:08:33,9.0,18.5,LOW,Client Bug / Crash,True
RGT-002096,CUST-9BFC5E9A,My account RiotUser#18988 was permanently banned but I never cheated. Please review the ban.,League of Legends,2024-02-25 23:11:15,2.0,,MEDIUM,Account Ban / Suspension,False
RGT-000327,CUST-9F4F5767,"My smurf account was banned, now my main account is also restricted. I do not understand what happened.",Legends of Runeterra,2023-12-01 01:00:22,0.0,1.56,HIGH,Account Ban / Suspension,True
RGT-001384,CUST-D29BC432,The client update bricked my installation. Now I get error code 0x1D88 on startup.,Wild Rift,2023-05-07 17:26:31,0.0,4.65,LOW,Client Bug / Crash,True
RGT-001725,CUST-C7E0960A,Got a chat ban that escalated to a full account suspension. The context was taken out of context. I want to appeal.,Legends of Runeterra,2023-01-11 01:44:31,18.0,49.85,LOW,Account Ban / Suspension,True
RGT-001087,CUST-4FC4738B,RP purchase failed but the money was deducted from my account. This is the second time this has happened.,League of Legends,2023-09-11 19:23:37,18.0,42.19,MEDIUM,Missing RP / Purchase Issue,True
RGT-000342,CUST-3F523C06,Account logged in on an unrecognised device. I changed password but 2FA was not set up. How do I add it now?,Legends of Runeterra,2023-12-19 09:13:18,0.0,21.42,MEDIUM,Login / 2FA Issue,True
RGT-000148,CUST-0981939A,Bought the wrong skin. I meant to buy the Prestige version but bought the regular one. Can you swap it?,League of Legends,2023-04-28 07:23:48,0.0,0.66,LOW,Refund Request,True
RGT-002412,CUST-724261F7,RP purchase failed but the money was deducted from my account. This is the second time this has happened.,Teamfight Tactics,2023-12-22 17:05:23,2.0,113.44,LOW,Missing RP / Purchase Issue,True
RGT-001108,CUST-4720A994,My Riot Points are missing after I topped up. I have the bank receipt. Please refund or credit my account.,Teamfight Tactics,2023-01-19 15:57:02,2.0,,MEDIUM,Missing RP / Purchase Issue,False
RGT-000849,CUST-7D5033BE,The shop tab in the client is blank. I cannot browse or purchase anything. Tried clearing cache.,Valorant,2023-09-08 16:40:42,1.0,1.16,LOW,Client Bug / Crash,True
RGT-000967,CUST-C91C1ECE,I received a 14-day suspension for allegedly using scripts. I have never used any third-party software. Please investigate.,Teamfight Tactics,2024-01-14 10:28:07,15.0,,MEDIUM,Account Ban / Suspension,False
RGT-002539,CUST-4823FCFD,Lost 40 LP for a game I disconnected from due to power outage. Can this be reversed?,Wild Rift,2023-02-23 04:41:38,4.0,,HIGH,Ranked & Matchmaking,False
RGT-000662,CUST-95266502,,League of Legends,2024-01-19 15:36:07,0.0,49.71,LOW,Chat Restriction Appeal,True
RGT-001003,CUST-C4731564,Constant 'Connection Error' messages in client even though my internet is working perfectly.,League of Legends,2023-11-10 12:34:38,15.0,5.58,HIGH,Client Bug / Crash,True
RGT-002414,CUST-7D5033BE,My Riot Points are missing after I topped up. I have the bank receipt. Please refund or credit my account.,Legends of Runeterra,2023-02-15 17:02:34,4.0,59.15,LOW,Missing RP / Purchase Issue,True
RGT-002595,CUST-F1B42935,Constant 'Connection Error' messages in client even though my internet is working perfectly.,Valorant,2024-03-18 06:03:50,1.0,131.16,MEDIUM,Client Bug / Crash,True
RGT-002737,CUST-D54124E1,Account banned with no explanation. I spent over $500 on this account. Please look into this immediately.,Wild Rift,2023-03-28 02:59:20,5.0,29.74,MEDIUM,Account Ban / Suspension,True
RGT-001880,CUST-7033DBE6,My account RiotUser#73742 was permanently banned but I never cheated. Please review the ban.,Legends of Runeterra,2023-09-26 04:06:01,3.0,56.1,MEDIUM,Account Ban / Suspension,True
RGT-002903,CUST-C7E0960A,I used 'Login with Google' but Google account is now deleted. How do I recover my Riot account?,League of Legends,2023-05-06 17:04:23,35.0,,MEDIUM,Login / 2FA Issue,True
RGT-001204,CUST-94472095,Locked out of my account after too many failed login attempts. I was trying to recover access legitimately.,League of Legends,2023-05-13 19:31:13,1.0,21.6,MEDIUM,Login / 2FA Issue,True
RGT-001991,CUST-C4731564,The Lunar New Year bundle charged me but only delivered half the content. Missing the ward skin and icon.,Legends of Runeterra,2024-01-21 13:39:02,22.0,104.83,LOW,Missing RP / Purchase Issue,True
RGT-000025,CUST-E3CAA4C1,Permanent ban issued on my account. I have 3000 hours on this game and have never violated ToS. Please help.,Teamfight Tactics,2024-02-08 20:01:03,0.0,62.35,MEDIUM,Account Ban / Suspension,True
RGT-002896,CUST-01E0218A,I cannot log into my account. I reset my password but the 2FA code is going to an old email I lost access to.,Valorant,2024-01-17 12:52:32,39.0,0.91,MEDIUM,Login / 2FA Issue,True
RGT-002093,CUST-2C65B41B,"Bought a bundle in the store, got charged but the content never appeared in my collection.",Valorant,2023-03-31 22:31:33,4.0,120.52,LOW,Missing RP / Purchase Issue,True
RGT-002990,CUST-5C8E2E99,Client keeps logging me out randomly. I have to re-enter my password multiple times per session.,Legends of Runeterra,2023-06-11 12:35:13,31.0,0.45,MEDIUM,Client Bug / Crash,True
RGT-002372,CUST-5B4081EE,I purchased the Battle Pass but didn't receive the rewards. Transaction ID: TXN-7ABB3257.,Teamfight Tactics,2024-02-19 00:33:40,34.0,246.4,LOW,Missing RP / Purchase Issue,True
RGT-000876,CUST-ACA676FD,Cheater ruined 3 games in a row. Your reporting system seems broken. They are still not banned.,League of Legends,2023-02-20 14:08:10,1.0,,LOW,Cheat / Hacker Report,False
RGT-002872,CUST-023FE7E6,My Riot Points are missing after I topped up. I have the bank receipt. Please refund or credit my account.,Legends of Runeterra,2023-09-25 11:10:25,33.0,71.32,LOW,Missing RP / Purchase Issue,True
RGT-000939,CUST-3D51023D,Kindred's Q ability is not applying on-hit effects correctly with the Spirit Blossom skin equipped.,League of Legends,2023-08-05 15:06:50,13.0,13.76,MEDIUM,Champion / Skin Bug,True
RGT-002585,CUST-2AE5E127,I was banned for account sharing. I let my brother play once. Is there a way to appeal this decision?,Valorant,2023-08-14 02:07:19,26.0,0.21,MEDIUM,Account Ban / Suspension,True
RGT-ND-9001,CUST-2D5422EC,My credit card was billed twice for a single purchase.,League of Legends,2023-06-15 14:30:00,2.0,10.0,MEDIUM,Missing RP / Purchase Issue,True
RGT-000386,CUST-45A8BC32,Ranked queue dodging penalty applied even though I did not dodge. I was in loading screen.,League of Legends,2024-05-28 04:58:34,1.0,5.09,MEDIUM,Ranked & Matchmaking,True
RGT-002586,CUST-2D9DCD5C,The Lunar New Year bundle charged me but only delivered half the content. Missing the ward skin and icon.,Wild Rift,2023-07-03 11:53:09,1.0,15.0,HIGH,Missing RP / Purchase Issue,True
RGT-002564,CUST-BF3EEDA3,I was in promo series but the server crashed mid-game. The loss was counted against me.,Wild Rift,2024-03-31 09:51:59,3.0,15.0,MEDIUM,Ranked & Matchmaking,True
RGT-002409,CUST-8B088BAB,Bought the wrong skin. I meant to buy the Prestige version but bought the regular one. Can you swap it?,League of Legends,2023-04-17 05:43:33,8.0,11.46,MEDIUM,Refund Request,True
RGT-000937,CUST-84A10DDB,The shop tab in the client is blank. I cannot browse or purchase anything. Tried clearing cache.,Wild Rift,2023-06-04 15:55:23,1.0,15.79,MEDIUM,Client Bug / Crash,True
RGT-002660,CUST-4FC4738B,I used my last refund token on an item I now see is in the next sale. Can I have an exception?,League of Legends,2024-02-27 00:15:16,37.0,,MEDIUM,Refund Request,False
RGT-DUPE-0011,CUST-CCC68570,I got permabanned for 'toxic behaviour' but all I did was mute my teammates. This seems unfair.,League of Legends,2023-07-11 17:34:34,3.0,,MEDIUM,Account Ban / Suspension,False
RGT-001333,CUST-4720A994,Permanent ban issued on my account. I have 3000 hours on this game and have never violated ToS. Please help.,Legends of Runeterra,2023-06-14 19:16:25,4.0,30.1,MEDIUM,Account Ban / Suspension,True
RGT-001935,CUST-3FA730C7,I was banned for account sharing. I let my brother play once. Is there a way to appeal this decision?,Legends of Runeterra,2023-02-22 09:19:20,5.0,19.94,MEDIUM,Account Ban / Suspension,True
RGT-000936,CUST-7A32E5DE,The shop tab in the client is blank. I cannot browse or purchase anything. Tried clearing cache.,League of Legends,2024-05-22 17:53:39,12.0,,MEDIUM,Client Bug / Crash,False
RGT-000567,CUST-9F4F5767,Reporting a player for using wallhacks in Valorant. Their username is Player5072. Please review game ID NA1_6877361656.,Valorant,2023-11-17 21:14:16,1.0,77.72,LOW,Cheat / Hacker Report,True
RGT-001855,CUST-1767AA4A,My Riot Points are missing after I topped up. I have the bank receipt. Please refund or credit my account.,Valorant,2023-08-20 02:52:22,27.0,,MEDIUM,Missing RP / Purchase Issue,False
RGT-002501,CUST-3DE19524,The Lunar New Year bundle charged me but only delivered half the content. Missing the ward skin and icon.,League of Legends,2023-11-04 16:21:40,1.0,1.6,HIGH,Missing RP / Purchase Issue,True
RGT-001646,CUST-C91C1ECE,Audio cuts out completely mid-game after around 20 minutes of play. Rolling back drivers did not fix it.,Wild Rift,2023-07-23 16:57:21,22.0,0.15,HIGH,Client Bug / Crash,True
RGT-002186,CUST-E669E68E,I was banned for account sharing. I let my brother play once. Is there a way to appeal this decision?,Wild Rift,2023-12-26 16:48:36,5.0,25.08,MEDIUM,Account Ban / Suspension,True
RGT-001793,CUST-DE92DE08,Constant 'Connection Error' messages in client even though my internet is working perfectly.,Legends of Runeterra,2023-10-27 15:18:21,3.0,82.92,LOW,Client Bug / Crash,True
RGT-001431,CUST-ABA4C4B7,RP purchase failed but the money was deducted from my account. This is the second time this has happened.,Valorant,2023-08-21 22:05:19,18.0,14.23,MEDIUM,Missing RP / Purchase Issue,True
RGT-002826,CUST-733AC364,The game client crashes every time I enter champion select. I reinstalled but the problem persists.,Wild Rift,2024-02-08 20:06:27,6.0,144.1,LOW,Client Bug / Crash,True
RGT-001014,CUST-BF93857A,I got permabanned for 'toxic behaviour' but all I did was mute my teammates. This seems unfair.,League of Legends,2023-01-03 14:50:13,3.0,3.87,MEDIUM,Account Ban / Suspension,True
RGT-001929,CUST-73CBB7E7,Lost 40 LP for a game I disconnected from due to power outage. Can this be reversed?,Valorant,2023-04-25 10:39:09,1.0,6.13,MEDIUM,Ranked & Matchmaking,True
RGT-002320,CUST-4ED88BA2,Bought the wrong skin. I meant to buy the Prestige version but bought the regular one. Can you swap it?,League of Legends,2024-05-27 21:12:39,4.0,50000.0,HIGH,Refund Request,True
RGT-000127,CUST-116302BD,My League account got banned out of nowhere. I was just playing ranked and then I got logged out. Can you explain why?,Legends of Runeterra,2023-06-30 20:23:17,0.0,1.29,MEDIUM,Account Ban / Suspension,True
RGT-002158,CUST-3D51023D,My Riot Points are missing after I topped up. I have the bank receipt. Please refund or credit my account.,Valorant,2023-03-21 13:52:54,24.0,4.81,HIGH,Missing RP / Purchase Issue,True
RGT-001348,CUST-C7E0960A,My League account got banned out of nowhere. I was just playing ranked and then I got logged out. Can you explain why?,Teamfight Tactics,2023-03-25 19:04:18,16.0,18.3,MEDIUM,Account Ban / Suspension,True
RGT-000356,CUST-C7E0960A,I cannot log into my account. I reset my password but the 2FA code is going to an old email I lost access to.,League of Legends,2024-02-11 17:07:57,6.0,26.75,LOW,Login / 2FA Issue,True
RGT-000828,CUST-911B09FE,My account RiotUser#80710 was permanently banned but I never cheated. Please review the ban.,Valorant,2023-06-22 23:25:22,1.0,,MEDIUM,Account Ban / Suspension,False
RGT-001640,CUST-088F80DF,Permanent ban issued on my account. I have 3000 hours on this game and have never violated ToS. Please help.,League of Legends,2023-06-08 02:15:54,3.0,,LOW,Account Ban / Suspension,False
RGT-000985,CUST-CDB94453,Account banned with no explanation. I spent over $500 on this account. Please look into this immediately.,Teamfight Tactics,2023-06-12 22:25:52,9.0,162.68,LOW,Account Ban / Suspension,True
RGT-000363,CUST-4083A651,Someone is ddosing our team. Two of my teammates disconnected within seconds of each other.,Wild Rift,2023-03-21 22:47:43,0.0,2.08,HIGH,Cheat / Hacker Report,True
RGT-000346,CUST-F7406204,The Lunar New Year bundle charged me but only delivered half the content. Missing the ward skin and icon.,Wild Rift,2023-05-24 13:40:01,0.0,3.85,MEDIUM,Missing RP / Purchase Issue,True
RGT-002125,CUST-5826548A,"My MMR seems stuck. I win 8 games in a row and gain 18 LP, then lose once and drop 25 LP.",Teamfight Tactics,2023-04-21 13:20:48,0.0,64.35,LOW,Ranked & Matchmaking,True
RGT-002621,CUST-1767AA4A,Matchmaking is putting me against players 3 tiers above me. This has been happening all week.,Wild Rift,2024-06-22 21:12:12,33.0,0.53,HIGH,Ranked & Matchmaking,True
RGT-000712,CUST-01E0218A,Blatant cheater in Diamond ranked. Please investigate account RiotUser#13406. They were toggling aimbot openly.,League of Legends,2023-09-22 19:39:50,11.0,31.05,MEDIUM,Cheat / Hacker Report,True
RGT-002128,CUST-3780263D,Reporting a player for using wallhacks in Valorant. Their username is Player7610. Please review game ID NA1_4790955889.,Legends of Runeterra,2024-04-03 20:37:42,5.0,0.67,HIGH,Cheat / Hacker Report,True
RGT-000011,CUST-FE22C730,The game client crashes every time I enter champion select. I reinstalled but the problem persists.,League of Legends,2024-02-23 20:02:56,0.0,0.57,HIGH,Client Bug / Crash,True
RGT-002617,CUST-2AE5E127,Constant 'Connection Error' messages in client even though my internet is working perfectly.,Teamfight Tactics,2023-06-21 05:52:30,27.0,2.25,MEDIUM,Client Bug / Crash,True
RGT-001835,CUST-2DD31862,Requesting a refund on a bundle because it was not clearly labelled that it included champions I already own.,Valorant,2023-04-27 22:18:10,2.0,58.03,MEDIUM,Refund Request,True
RGT-000794,CUST-A47EA986,Got a chat ban that escalated to a full account suspension. The context was taken out of context. I want to appeal.,Wild Rift,2023-09-15 07:07:10,1.0,49.35,MEDIUM,Account Ban / Suspension,True
RGT-002849,CUST-5F210E14,,Wild Rift,2023-09-02 10:42:07,37.0,,HIGH,Account Ban / Suspension,True
RGT-000095,CUST-1767AA4A,I purchased an emote for a character I no longer play. Refund would be appreciated.,Legends of Runeterra,2023-04-18 11:56:08,1.0,,HIGH,Refund Request,False
RGT-000130,CUST-4FC4738B,Permanent ban issued on my account. I have 3000 hours on this game and have never violated ToS. Please help.,Teamfight Tactics,2023-05-07 05:06:45,2.0,94.57,LOW,Account Ban / Suspension,True
RGT-002310,CUST-17C181B6,Requesting a refund on a bundle because it was not clearly labelled that it included champions I already own.,Teamfight Tactics,2024-05-29 12:00:47,4.0,5.16,MEDIUM,Refund Request,True
RGT-002992,CUST-CDB94453,"After the latest patch, my client freezes on the loading screen. I cannot get into any game.",Legends of Runeterra,2024-05-01 11:43:08,35.0,12.7,LOW,Client Bug / Crash,True
RGT-001901,CUST-87EA02C9,The authenticator app code is being rejected. I re-scanned the QR code and still getting errors.,Legends of Runeterra,2024-04-19 23:09:57,6.0,9.36,MEDIUM,Login / 2FA Issue,True
RGT-002468,CUST-82545D92,"After the latest patch, my client freezes on the loading screen. I cannot get into any game.",Valorant,2023-11-12 08:14:01,3.0,,HIGH,Client Bug / Crash,False
RGT-001933,CUST-FA9DBD80,I accidentally purchased the wrong champion. Can I get a refund? I only have one refund token left.,League of Legends,2023-03-18 02:16:24,,27.96,MEDIUM,Missing RP / Purchase Issue,True
RGT-002500,CUST-B9351447,The client update bricked my installation. Now I get error code 0xAD42 on startup.,League of Legends,2023-07-16 14:46:24,3.0,24.55,LOW,Client Bug / Crash,True
RGT-001866,CUST-FA9DBD80,The game client crashes every time I enter champion select. I reinstalled but the problem persists.,Legends of Runeterra,2023-08-16 14:07:48,17.0,,LOW,Client Bug / Crash,False
RGT-001659,CUST-5B4081EE,The game client crashes every time I enter champion select. I reinstalled but the problem persists.,Valorant,2023-02-08 21:21:03,21.0,,LOW,Client Bug / Crash,False
RGT-000517,CUST-244114D7,"After updating, all my settings were reset. Also my custom game configurations are gone.",Wild Rift,2023-05-30 12:06:42,1.0,2.74,MEDIUM,Client Bug / Crash,True
RGT-001858,CUST-7742CF32,My League account got banned out of nowhere. I was just playing ranked and then I got logged out. Can you explain why?,Legends of Runeterra,2023-09-18 15:32:01,4.0,,LOW,Account Ban / Suspension,False
RGT-001278,CUST-62EA2453,I was in promo series but the server crashed mid-game. The loss was counted against me.,Legends of Runeterra,2023-10-20 17:37:48,1.0,27.28,MEDIUM,Ranked & Matchmaking,True
RGT-000951,CUST-57FBCB14,"My smurf account was banned, now my main account is also restricted. I do not understand what happened.",Wild Rift,2024-03-16 18:06:09,6.0,2.18,HIGH,Account Ban / Suspension,True
RGT-001121,CUST-638C5485,I received a 25-game chat restriction for a single game where I was defending myself. This is disproportionate.,Wild Rift,2023-03-26 00:39:05,4.0,87.78,MEDIUM,Chat Restriction Appeal,True
RGT-000420,CUST-8B088BAB,,League of Legends,2023-10-04 12:01:43,1.0,0.2,HIGH,Login / 2FA Issue,True
RGT-000923,CUST-CDB94453,I received a 25-game chat restriction for a single game where I was defending myself. This is disproportionate.,Valorant,2024-03-26 07:49:36,8.0,85.48,LOW,Chat Restriction Appeal,True
RGT-002881,CUST-B1E10B09,Someone is ddosing our team. Two of my teammates disconnected within seconds of each other.,League of Legends,2023-07-14 10:54:40,3.0,93.98,LOW,Cheat / Hacker Report,True
RGT-000478,CUST-A7BEC292,The game client crashes every time I enter champion select. I reinstalled but the problem persists.,Wild Rift,2023-06-20 15:32:54,0.0,21.26,MEDIUM,Client Bug / Crash,True
RGT-002036,CUST-4FC4738B,Getting error UX-1 when attempting to sign in. This started after your maintenance window yesterday.,Valorant,13/32/2023 10:00:00,30.0,33.76,MEDIUM,Login / 2FA Issue,True
RGT-002246,CUST-0C1E8B1D,I got permabanned for 'toxic behaviour' but all I did was mute my teammates. This seems unfair.,Valorant,2024-01-04 05:37:12,6.0,,HIGH,Account Ban / Suspension,False
RGT-001693,CUST-C4731564,Blatant cheater in Diamond ranked. Please investigate account RiotUser#20518. They were toggling aimbot openly.,Teamfight Tactics,2023-06-30 07:35:43,20.0,9.4,MEDIUM,Cheat / Hacker Report,True
RGT-002317,CUST-8E0DD361,Account banned with no explanation. I spent over $500 on this account. Please look into this immediately.,League of Legends,2023-06-07 00:59:40,2.0,,MEDIUM,Account Ban / Suspension,False
RGT-001472,CUST-BC359A86,I was in promo series but the server crashed mid-game. The loss was counted against me.,Legends of Runeterra,2024-05-26 06:11:29,7.0,86.3,LOW,Ranked & Matchmaking,True
RGT-001203,CUST-C91C1ECE,The game client crashes every time I enter champion select. I reinstalled but the problem persists.,League of Legends,2023-04-01 14:28:52,18.0,6.66,LOW,Client Bug / Crash,True
RGT-001670,CUST-F7E0BA15,I received a 14-day suspension for allegedly using scripts. I have never used any third-party software. Please investigate.,Valorant,2024-04-21 00:46:46,6.0,13.6,MEDIUM,Account Ban / Suspension,True
RGT-002860,CUST-2AE5E127,Permanent ban issued on my account. I have 3000 hours on this game and have never violated ToS. Please help.,League of Legends,2023-09-29 02:56:36,31.0,2.37,LOW,Account Ban / Suspension,True
RGT-001971,CUST-6843F2D2,Lost 40 LP for a game I disconnected from due to power outage. Can this be reversed?,Teamfight Tactics,2024-06-10 21:48:41,4.0,,MEDIUM,Ranked & Matchmaking,False
RGT-000821,CUST-57FBCB14,My chat restriction ended but I am still unable to type in-game. There seems to be a bug.,Valorant,2023-11-26 13:13:12,5.0,18.84,HIGH,Chat Restriction Appeal,True
RGT-001998,CUST-07D61658,I keep getting matched against the same scripter. Already reported in-game but they are still playing.,Teamfight Tactics,2023-03-04 14:34:07,2.0,7.3,MEDIUM,Cheat / Hacker Report,True
RGT-002955,CUST-1D5272DD,Ranked queue dodging penalty applied even though I did not dodge. I was in loading screen.,Teamfight Tactics,2024-05-03 02:49:15,9.0,14.84,MEDIUM,Ranked & Matchmaking,True
RGT-001249,CUST-DD0144EA,Account banned with no explanation. I spent over $500 on this account. Please look into this immediately.,League of Legends,2023-07-04 06:18:51,2.0,44.08,MEDIUM,Account Ban / Suspension,True
RGT-002743,CUST-C91C1ECE,Lost 40 LP for a game I disconnected from due to power outage. Can this be reversed?,Valorant,2023-12-07 06:59:27,30.0,55.03,MEDIUM,Ranked & Matchmaking,True
RGT-002695,CUST-4B1AF024,Matchmaking is putting me against players 3 tiers above me. This has been happening all week.,Valorant,2024-01-02 11:10:28,5.0,1.43,MEDIUM,Ranked & Matchmaking,True
RGT-001047,CUST-7A32E5DE,I was in promo series but the server crashed mid-game. The loss was counted against me.,Valorant,2023-09-18 08:25:05,14.0,9.89,MEDIUM,Ranked & Matchmaking,True
RGT-001889,CUST-3D51023D,I completed my placement matches but my rank is much lower than last season. Is this expected?,Legends of Runeterra,2023-08-09 15:10:49,18.0,3.74,HIGH,Ranked & Matchmaking,True
RGT-000616,CUST-5EDC08EE,I lost LP for a loss that was not my fault. My teammates went AFK in the first 5 minutes.,League of Legends,2023-04-21 18:55:13,0.0,11.16,HIGH,Ranked & Matchmaking,True
RGT-001319,CUST-F7E0BA15,I would like a refund for the champion I purchased yesterday. I have not played them yet.,Teamfight Tactics,2024-06-18 16:20:56,4.0,5.39,MEDIUM,Refund Request,True
RGT-002971,CUST-62EA2453,"Hello, my account was flagged and restricted. I believe this is a false positive from your anti-cheat. I need an appeal.",Wild Rift,2024-05-12 07:41:31,6.0,16.16,LOW,Account Ban / Suspension,True
RGT-002137,CUST-A0671E5C,Client keeps logging me out randomly. I have to re-enter my password multiple times per session.,League of Legends,2023-12-25 05:41:20,2.0,2.23,HIGH,Client Bug / Crash,True
RGT-002535,CUST-53D13EEB,I accidentally purchased the wrong champion. Can I get a refund? I only have one refund token left.,League of Legends,2023-01-31 09:21:49,5.0,32.47,MEDIUM,Missing RP / Purchase Issue,True
RGT-001773,CUST-AB8C24EE,My Riot Points are missing after I topped up. I have the bank receipt. Please refund or credit my account.,Valorant,2024-04-01 10:12:00,4.0,95.76,LOW,Missing RP / Purchase Issue,True
RGT-DUPE-0039,CUST-FE972C20,"My MMR seems stuck. I win 8 games in a row and gain 18 LP, then lose once and drop 25 LP.",Teamfight Tactics,2023-10-31 18:30:38,,40.98,MEDIUM,Ranked & Matchmaking,True
RGT-000132,CUST-7A32E5DE,I keep getting matched against the same scripter. Already reported in-game but they are still playing.,League of Legends,2023-07-03 12:59:57,2.0,4.62,LOW,Cheat / Hacker Report,True
RGT-000078,CUST-4CF66CD9,I accidentally purchased the wrong champion. Can I get a refund? I only have one refund token left.,Teamfight Tactics,2024-05-25 02:27:07,1.0,,HIGH,Missing RP / Purchase Issue,False
RGT-002053,CUST-FFDBFF7C,I was in promo series but the server crashed mid-game. The loss was counted against me.,Teamfight Tactics,2023-02-21 21:55:48,1.0,,LOW,Ranked & Matchmaking,False
RGT-000725,CUST-924F38A5,I lost LP for a loss that was not my fault. My teammates went AFK in the first 5 minutes.,League of Legends,2024-03-08 14:07:43,0.0,,HIGH,Ranked & Matchmaking,False
RGT-001315,CUST-244114D7,I was banned for account sharing. I let my brother play once. Is there a way to appeal this decision?,League of Legends,2024-05-14 01:46:38,4.0,,HIGH,Account Ban / Suspension,False
RGT-001852,CUST-725E2848,I received a 14-day suspension for allegedly using scripts. I have never used any third-party software. Please investigate.,Wild Rift,2024-03-23 22:16:36,5.0,78.06,LOW,Account Ban / Suspension,True
RGT-002709,CUST-FE972C20,My League account got banned out of nowhere. I was just playing ranked and then I got logged out. Can you explain why?,Teamfight Tactics,2023-11-06 05:10:55,38.0,38.86,MEDIUM,Account Ban / Suspension,True
RGT-002563,CUST-4FC4738B,I cannot log into my account. I reset my password but the 2FA code is going to an old email I lost access to.,League of Legends,2024-06-07 00:51:06,36.0,165.65,LOW,Login / 2FA Issue,True
RGT-001373,CUST-E0EBF5E1,My Riot Points are missing after I topped up. I have the bank receipt. Please refund or credit my account.,League of Legends,2024-05-23 15:32:56,13.0,9.39,HIGH,Missing RP / Purchase Issue,True
RGT-001856,CUST-9FDC861E,I received a 14-day suspension for allegedly using scripts. I have never used any third-party software. Please investigate.,Wild Rift,2024-05-20 01:14:21,4.0,32.3,MEDIUM,Account Ban / Suspension,True
RGT-001320,CUST-529E139B,I purchased an emote for a character I no longer play. Refund would be appreciated.,Wild Rift,2024-02-26 23:56:25,3.0,,LOW,Refund Request,False
RGT-002961,CUST-EC1A721E,My League account got banned out of nowhere. I was just playing ranked and then I got logged out. Can you explain why?,Wild Rift,2023-03-24 02:26:45,7.0,,LOW,Account Ban / Suspension,False
RGT-002574,CUST-A122998B,The shop tab in the client is blank. I cannot browse or purchase anything. Tried clearing cache.,Teamfight Tactics,2024-06-25 08:31:10,2.0,,MEDIUM,Client Bug / Crash,False
RGT-000376,CUST-84A10DDB,I received a 14-day suspension for allegedly using scripts. I have never used any third-party software. Please investigate.,Teamfight Tactics,2024-06-28 07:23:25,0.0,6.47,MEDIUM,Account Ban / Suspension,True
RGT-001909,CUST-C4731564,Account logged in on an unrecognised device. I changed password but 2FA was not set up. How do I add it now?,Teamfight Tactics,2023-03-24 18:05:54,21.0,88.64,LOW,Login / 2FA Issue,True
RGT-000334,CUST-447B0161,"After updating, all my settings were reset. Also my custom game configurations are gone.",Wild Rift,2024-02-26 03:58:11,0.0,0.57,HIGH,Client Bug / Crash,True
RGT-002324,CUST-CDD1BD58,Cheater ruined 3 games in a row. Your reporting system seems broken. They are still not banned.,Valorant,2024-06-24 15:07:40,2.0,0.49,LOW,Cheat / Hacker Report,True
RGT-002374,CUST-5B4081EE,I purchased the Battle Pass but didn't receive the rewards. Transaction ID: TXN-CA9473F4.,Valorant,2023-05-05 09:55:18,35.0,10.75,MEDIUM,Missing RP / Purchase Issue,True
RGT-001605,CUST-8F005973,Reporting a player for using wallhacks in Valorant. Their username is Player6685. Please review game ID NA1_3864802626.,Valorant,2023-09-05 12:42:29,5.0,246.01,LOW,Cheat / Hacker Report,True
RGT-001119,CUST-740AC09D,RP purchase failed but the money was deducted from my account. This is the second time this has happened.,Teamfight Tactics,2023-07-15 04:13:17,3.0,47.02,LOW,Missing RP / Purchase Issue,True
RGT-002914,CUST-F7CA9EEC,Permanent ban issued on my account. I have 3000 hours on this game and have never violated ToS. Please help.,Wild Rift,2023-09-28 15:43:43,2.0,2.37,HIGH,Account Ban / Suspension,True
RGT-001944,CUST-232BC039,Login fails with 'incorrect password' even after a password reset. I have cleared cookies and cache.,Legends of Runeterra,2023-07-16 07:03:36,2.0,1.59,MEDIUM,Login / 2FA Issue,True
RGT-002334,CUST-8BF6B4F0,The client update bricked my installation. Now I get error code 0x86C7 on startup.,Valorant,2024-06-14 03:02:02,4.0,35.24,LOW,Client Bug / Crash,True
RGT-002600,CUST-85BFB1BD,There is a blatant scripter in my ranked game. They had 0ms reaction time and perfect skill shots all game.,Legends of Runeterra,2023-05-22 02:37:24,2.0,,MEDIUM,Cheat / Hacker Report,False
RGT-001343,CUST-CDB94453,I keep getting matched against the same scripter. Already reported in-game but they are still playing.,League of Legends,2023-11-11 08:12:37,16.0,8.02,MEDIUM,Cheat / Hacker Report,True
RGT-000321,CUST-116302BD,The Lunar New Year bundle charged me but only delivered half the content. Missing the ward skin and icon.,Teamfight Tactics,2023-04-15 22:10:48,1.0,120.54,MEDIUM,Missing RP / Purchase Issue,True
RGT-001620,CUST-BBD72111,My account RiotUser#38239 was permanently banned but I never cheated. Please review the ban.,Valorant,2024-02-17 22:27:57,1.0,36.36,MEDIUM,Account Ban / Suspension,True
RGT-002629,CUST-CD15BFFA,Account banned with no explanation. I spent over $500 on this account. Please look into this immediately.,Wild Rift,2023-06-05 02:46:55,8.0,0.43,HIGH,Account Ban / Suspension,True
RGT-002061,CUST-A002C561,Account banned with no explanation. I spent over $500 on this account. Please look into this immediately.,Legends of Runeterra,2023-01-04 16:12:30,2.0,,LOW,Account Ban / Suspension,False
RGT-001674,CUST-6AC348D2,I completed my placement matches but my rank is much lower than last season. Is this expected?,Valorant,2023-08-15 08:43:19,5.0,3.48,HIGH,Ranked & Matchmaking,True
RGT-001943,CUST-2AE5E127,"Purchased RP via prepaid card, entered the code but nothing was credited. Code: RITO-AAF69D.",Teamfight Tactics,2023-11-04 21:20:37,22.0,17.99,LOW,Missing RP / Purchase Issue,True
RGT-000261,CUST-C91C1ECE,Remake did not trigger even though a player was AFK from champion select. Lost LP unfairly.,League of Legends,2023-05-30 12:41:27,5.0,9.27,MEDIUM,Ranked & Matchmaking,True
RGT-002427,CUST-4FC4738B,I used my last refund token on an item I now see is in the next sale. Can I have an exception?,Legends of Runeterra,2024-06-28 00:14:00,34.0,,MEDIUM,Refund Request,False
RGT-002040,CUST-AA3F74B3,"My MMR seems stuck. I win 8 games in a row and gain 18 LP, then lose once and drop 25 LP.",Legends of Runeterra,2023-12-30 14:23:41,3.0,9.79,MEDIUM,Ranked & Matchmaking,True
RGT-000690,CUST-3FA730C7,I cannot log into my account. I reset my password but the 2FA code is going to an old email I lost access to.,Valorant,2024-01-03 23:11:54,,0.6,MEDIUM,Login / 2FA Issue,True
RGT-000902,CUST-F18BE5FC,2FA is sending codes but they expire before I can enter them. Clock sync on my phone is correct.,Valorant,2023-06-03 14:26:53,3.0,0.53,MEDIUM,Login / 2FA Issue,True
RGT-002027,CUST-C4731564,Consistent 300ms ping on EUW since the server migration. My ISP says nothing changed on their end.,Teamfight Tactics,2024-05-27 15:56:11,23.0,4.32,MEDIUM,Server Latency / Lag,True
RGT-000139,CUST-FB8376A0,My account RiotUser#41544 was permanently banned but I never cheated. Please review the ban.,Wild Rift,2023-02-04 08:37:56,0.0,37.05,LOW,Account Ban / Suspension,True
RGT-001918,CUST-B703A4B4,Someone is ddosing our team. Two of my teammates disconnected within seconds of each other.,Valorant,2024-01-29 11:05:20,8.0,49.23,LOW,Cheat / Hacker Report,True
RGT-001829,CUST-0AC56119,Possible griefing bot detected on the enemy team. All five of them stood still in base.,Teamfight Tactics,2023-09-13 03:48:16,4.0,38.13,MEDIUM,Cheat / Hacker Report,True
RGT-001574,CUST-F00A34C2,The client update bricked my installation. Now I get error code 0xA36C on startup.,League of Legends,2023-06-26 22:57:51,3.0,4.11,HIGH,Client Bug / Crash,True
RGT-000320,CUST-80A7FB33,This player admitted to using scripts in chat. I have a screenshot. How do I submit it?,Valorant,2023-09-09 05:33:43,0.0,3.75,HIGH,Cheat / Hacker Report,True
RGT-000654,CUST-ABA4C4B7,I was banned for account sharing. I let my brother play once. Is there a way to appeal this decision?,Valorant,2023-09-01 13:38:48,5.0,72.28,LOW,Account Ban / Suspension,True
RGT-002138,CUST-6843F2D2,I was charged twice for the same RP bundle. I see two transactions on my statement for $10.00.,Legends of Runeterra,2024-03-07 09:21:59,5.0,0.57,MEDIUM,Missing RP / Purchase Issue,True
RGT-002395,CUST-29C8A4E2,Constant 'Connection Error' messages in client even though my internet is working perfectly.,League of Legends,2023-02-27 22:32:22,1.0,0.7,HIGH,Client Bug / Crash,True
RGT-000559,CUST-C0DDE2A2,The game client crashes every time I enter champion select. I reinstalled but the problem persists.,Valorant,2024-03-25 05:04:20,0.0,218.3,LOW,Client Bug / Crash,True
RGT-002188,CUST-6D24F86E,I got permabanned for 'toxic behaviour' but all I did was mute my teammates. This seems unfair.,Wild Rift,2023-09-14 12:53:15,0.0,39.62,MEDIUM,Account Ban / Suspension,True
RGT-000113,CUST-522A7E0A,"Bought a bundle in the store, got charged but the content never appeared in my collection.",Teamfight Tactics,2024-03-27 00:02:07,,,LOW,Missing RP / Purchase Issue,False
RGT-000532,CUST-0AC56119,Transaction stuck as 'pending' for 48 hours. My bank confirmed the charge went through. Please help.,Valorant,2024-05-23 01:08:26,2.0,,LOW,Missing RP / Purchase Issue,False
RGT-000225,CUST-6AC348D2,My clash tournament registration was cancelled without notification. Please refund the ticket fee.,Wild Rift,2023-01-16 13:48:10,2.0,47.99,MEDIUM,Ranked & Matchmaking,True
RGT-000724,CUST-D844F129,Matchmaking is putting me against players 3 tiers above me. This has been happening all week.,Teamfight Tactics,2023-07-24 13:41:12,0.0,34.81,MEDIUM,Ranked & Matchmaking,True
RGT-002591,CUST-9084B202,I cannot log into my account. I reset my password but the 2FA code is going to an old email I lost access to.,Valorant,2023-03-30 00:15:02,1.0,13.84,MEDIUM,Login / 2FA Issue,True
RGT-002650,CUST-D54124E1,Audio cuts out completely mid-game after around 20 minutes of play. Rolling back drivers did not fix it.,Wild Rift,2024-01-06 18:27:54,4.0,84.81,MEDIUM,Client Bug / Crash,True
RGT-001434,CUST-5B4081EE,I keep getting matched against the same scripter. Already reported in-game but they are still playing.,League of Legends,2023-06-05 23:02:16,18.0,18.57,MEDIUM,Cheat / Hacker Report,True
RGT-002402,CUST-3D51023D,,League of Legends,2023-05-15 02:28:04,27.0,0.25,HIGH,Server Latency / Lag,True
RGT-001459,CUST-57FBCB14,The new Ahri skin has a visual glitch where her tails disappear during her ultimate animation.,Teamfight Tactics,2023-05-04 18:12:05,10.0,12.34,MEDIUM,Champion / Skin Bug,True
RGT-002785,CUST-06A83EFD,,Wild Rift,2024-05-11 13:42:03,3.0,9.22,HIGH,Missing RP / Purchase Issue,True
RGT-000847,CUST-CDD1BD58,Account banned with no explanation. I spent over $500 on this account. Please look into this immediately.,Teamfight Tactics,,0.0,19.62,MEDIUM,Account Ban / Suspension,True
RGT-000194,CUST-4823FCFD,I was gifted a skin I already owned. The duplicate was auto-converted to orange essence. I want a refund.,League of Legends,2023-08-06 08:19:16,0.0,7.03,LOW,Refund Request,True
RGT-001465,CUST-AF4AC8B3,My League account got banned out of nowhere. I was just playing ranked and then I got logged out. Can you explain why?,Valorant,2024-01-25 07:38:40,1.0,100.95,LOW,Account Ban / Suspension,True
RGT-000947,CUST-7204AB09,I was gifted a skin I already owned. The duplicate was auto-converted to orange essence. I want a refund.,Wild Rift,2024-02-18 18:58:36,0.0,52.4,LOW,Refund Request,True
RGT-002022,CUST-E3190612,Someone is ddosing our team. Two of my teammates disconnected within seconds of each other.,Teamfight Tactics,2024-05-18 17:37:47,4.0,19.76,LOW,Cheat / Hacker Report,True
RGT-001630,CUST-01E0218A,I accidentally purchased the wrong champion. Can I get a refund? I only have one refund token left.,Legends of Runeterra,2024-01-17 06:49:46,22.0,,MEDIUM,Missing RP / Purchase Issue,False
RGT-000118,CUST-5C8E2E99,There is a blatant scripter in my ranked game. They had 0ms reaction time and perfect skill shots all game.,Valorant,2023-12-01 17:04:33,0.0,10.35,LOW,Cheat / Hacker Report,True
RGT-000646,CUST-01E0218A,I accidentally purchased the wrong champion. Can I get a refund? I only have one refund token left.,Valorant,2023-11-16 10:48:31,7.0,2.63,MEDIUM,Missing RP / Purchase Issue,True
RGT-001871,CUST-9FDC861E,I keep getting matched against the same scripter. Already reported in-game but they are still playing.,Valorant,2023-03-06 00:25:10,5.0,97.7,MEDIUM,Cheat / Hacker Report,True
RGT-000004,CUST-AD716FA9,This player admitted to using scripts in chat. I have a screenshot. How do I submit it?,Wild Rift,2024-03-16 13:00:08,0.0,50.17,MEDIUM,Cheat / Hacker Report,True
RGT-000075,CUST-8962F792,I was in promo series but the server crashed mid-game. The loss was counted against me.,League of Legends,2024-01-28 16:09:18,0.0,22.32,MEDIUM,Ranked & Matchmaking,True
RGT-001756,CUST-61ADFAC6,3rd chat restriction this year for increasingly minor things. I feel I am being targeted unfairly.,Teamfight Tactics,2023-08-11 19:21:07,13.0,25.2,MEDIUM,Chat Restriction Appeal,True
RGT-000468,CUST-B8FC2778,I got permabanned for 'toxic behaviour' but all I did was mute my teammates. This seems unfair.,Wild Rift,2023-07-28 12:49:07,1.0,19.87,MEDIUM,Account Ban / Suspension,True
RGT-000006,CUST-1767AA4A,My League account got banned out of nowhere. I was just playing ranked and then I got logged out. Can you explain why?,League of Legends,2023-07-15 06:41:55,0.0,14.17,HIGH,Account Ban / Suspension,True
RGT-001247,CUST-7A4D8589,I received a 14-day suspension for allegedly using scripts. I have never used any third-party software. Please investigate.,Wild Rift,2023-11-30 23:42:54,3.0,56.73,MEDIUM,Account Ban / Suspension,True
RGT-000920,CUST-2AE5E127,I was charged twice for the same RP bundle. I see two transactions on my statement for $35.00.,Valorant,2024-03-11 14:37:35,12.0,,MEDIUM,Missing RP / Purchase Issue,False
RGT-000229,CUST-375F8B4C,My son made an unauthorized purchase on my account. He is 9 years old. Please refund $20.00.,League of Legends,2023-04-10 09:03:05,1.0,32.41,MEDIUM,Refund Request,True
RGT-001064,CUST-C3785461,"Purchased RP via prepaid card, entered the code but nothing was credited. Code: RITO-C7DBEB.",Wild Rift,2023-11-10 04:33:04,1.0,5.76,HIGH,Missing RP / Purchase Issue,True
RGT-000243,CUST-8AC2E438,Matchmaking is putting me against players 3 tiers above me. This has been happening all week.,Wild Rift,2024-06-10 13:30:39,0.0,,LOW,Ranked & Matchmaking,False
RGT-002352,CUST-F12490DE,FPS dropping from 200 to single digits every few minutes since patch 14.21. My hardware is fine.,Valorant,2023-06-18 05:40:54,2.0,0.99,HIGH,Client Bug / Crash,True
RGT-001161,CUST-05F159F2,Got a chat ban that escalated to a full account suspension. The context was taken out of context. I want to appeal.,Valorant,2023-06-28 06:31:58,0.0,51.11,MEDIUM,Account Ban / Suspension,True
RGT-002592,CUST-404297A8,I was charged twice for the same RP bundle. I see two transactions on my statement for $25.00.,Legends of Runeterra,2023-04-15 15:34:10,3.0,0.84,HIGH,Missing RP / Purchase Issue,True
RGT-001527,CUST-B8FC2778,Permanent ban issued on my account. I have 3000 hours on this game and have never violated ToS. Please help.,Teamfight Tactics,2023-06-06 13:55:37,3.0,18.08,MEDIUM,Account Ban / Suspension,True
RGT-001606,CUST-E8110C51,,Legends of Runeterra,2023-07-06 14:50:50,,2.13,LOW,Account Ban / Suspension,True
RGT-002870,CUST-4CF66CD9,Requesting a refund on a bundle because it was not clearly labelled that it included champions I already own.,Legends of Runeterra,2023-10-28 04:12:15,42.0,7.81,MEDIUM,Refund Request,True
RGT-002400,CUST-3E0E8F3E,There is a blatant scripter in my ranked game. They had 0ms reaction time and perfect skill shots all game.,Legends of Runeterra,2024-01-17 10:28:43,4.0,65.56,LOW,Cheat / Hacker Report,True
RGT-002624,CUST-2CA48875,My chat restriction ended but I am still unable to type in-game. There seems to be a bug.,Wild Rift,,4.0,5.71,MEDIUM,Chat Restriction Appeal,True
RGT-001990,CUST-28A5607F,Matchmaking is putting me against players 3 tiers above me. This has been happening all week.,Valorant,2024-06-12 02:53:45,3.0,45.66,MEDIUM,Ranked & Matchmaking,True
RGT-002425,CUST-4B079F84,My clash tournament registration was cancelled without notification. Please refund the ticket fee.,Valorant,2023-05-12 04:03:18,21.0,10.15,MEDIUM,Ranked & Matchmaking,True
RGT-001976,CUST-C01D4863,There is a blatant scripter in my ranked game. They had 0ms reaction time and perfect skill shots all game.,Valorant,2023-04-23 20:27:51,3.0,4.62,LOW,Cheat / Hacker Report,True
RGT-001762,CUST-D28814EF,My clash tournament registration was cancelled without notification. Please refund the ticket fee.,League of Legends,2023-03-21 01:43:57,1.0,82.68,LOW,Ranked & Matchmaking,True
RGT-001306,CUST-84A10DDB,Transaction stuck as 'pending' for 48 hours. My bank confirmed the charge went through. Please help.,Valorant,2024-06-01 21:15:24,2.0,6.75,HIGH,Missing RP / Purchase Issue,True
RGT-001542,CUST-ABA4C4B7,I got permabanned for 'toxic behaviour' but all I did was mute my teammates. This seems unfair.,League of Legends,2023-07-24 17:23:08,19.0,19.19,MEDIUM,Account Ban / Suspension,True
RGT-000623,CUST-C01D4863,3rd chat restriction this year for increasingly minor things. I feel I am being targeted unfairly.,Legends of Runeterra,2024-03-24 20:23:51,0.0,35.97,MEDIUM,Chat Restriction Appeal,True
RGT-002837,CUST-EBCA371A,My chat restriction ended but I am still unable to type in-game. There seems to be a bug.,Valorant,2024-02-28 04:10:57,4.0,,LOW,Chat Restriction Appeal,False
RGT-001494,CUST-E0EBF5E1,The Lunar New Year bundle charged me but only delivered half the content. Missing the ward skin and icon.,Wild Rift,2023-11-02 12:57:42,16.0,1.08,HIGH,Missing RP / Purchase Issue,True
RGT-000111,CUST-BFE29D5D,I accidentally purchased the wrong champion. Can I get a refund? I only have one refund token left.,Wild Rift,2023-12-28 19:45:36,0.0,82.06,LOW,Missing RP / Purchase Issue,True
RGT-002978,CUST-B46EEE4B,Lost 40 LP for a game I disconnected from due to power outage. Can this be reversed?,Wild Rift,2023-11-13 10:11:13,7.0,,MEDIUM,Ranked & Matchmaking,False
RGT-001170,CUST-E0EBF5E1,,Valorant,2024-05-13 06:41:51,10.0,3.57,MEDIUM,Missing RP / Purchase Issue,True
RGT-002536,CUST-2D9DCD5C,I was banned for account sharing. I let my brother play once. Is there a way to appeal this decision?,League of Legends,2023-12-14 12:50:06,0.0,35.07,MEDIUM,Account Ban / Suspension,True
RGT-000233,CUST-725E2848,Client keeps logging me out randomly. I have to re-enter my password multiple times per session.,League of Legends,2023-06-04 21:21:03,1.0,5.25,HIGH,Client Bug / Crash,True
RGT-000067,CUST-17D1A220,Remake did not trigger even though a player was AFK from champion select. Lost LP unfairly.,Wild Rift,2023-10-14 06:56:04,0.0,,MEDIUM,Ranked & Matchmaking,False
RGT-002943,CUST-2AE5E127,Audio cuts out completely mid-game after around 20 minutes of play. Rolling back drivers did not fix it.,Legends of Runeterra,2023-05-20 21:29:38,34.0,31.07,MEDIUM,Client Bug / Crash,True
RGT-002073,CUST-1767AA4A,Account logged in on an unrecognised device. I changed password but 2FA was not set up. How do I add it now?,League of Legends,2023-07-27 11:03:51,31.0,15.84,LOW,Login / 2FA Issue,True
RGT-002193,CUST-5C8E2E99,FPS dropping from 200 to single digits every few minutes since patch 13.6. My hardware is fine.,Wild Rift,2023-12-29 15:30:01,18.0,0.89,MEDIUM,Client Bug / Crash,True
RGT-000537,CUST-5F210E14,This player in my last game was clearly using an aimbot. Every bullet was a headshot through smoke.,Teamfight Tactics,2023-02-23 09:50:06,8.0,11.82,MEDIUM,Cheat / Hacker Report,True
RGT-000126,CUST-7A32E5DE,I accidentally purchased the wrong champion. Can I get a refund? I only have one refund token left.,Legends of Runeterra,2023-12-10 14:29:18,1.0,25.61,MEDIUM,Missing RP / Purchase Issue,True
RGT-002134,CUST-7709DC90,FPS dropping from 200 to single digits every few minutes since patch 14.19. My hardware is fine.,League of Legends,2024-03-12 20:17:56,22.0,6.91,LOW,Client Bug / Crash,True
RGT-001255,CUST-1D9D8E56,This player in my last game was clearly using an aimbot. Every bullet was a headshot through smoke.,Teamfight Tactics,2023-09-01 21:38:13,2.0,3.81,HIGH,Cheat / Hacker Report,True
RGT-002561,CUST-2A231E0F,This player in my last game was clearly using an aimbot. Every bullet was a headshot through smoke.,Wild Rift,2023-07-18 11:17:08,7.0,0.78,HIGH,Cheat / Hacker Report,True
RGT-001977,CUST-4B079F84,I was in promo series but the server crashed mid-game. The loss was counted against me.,League of Legends,2023-11-22 12:20:01,17.0,,MEDIUM,Ranked & Matchmaking,False
RGT-002537,CUST-52F9765C,I completed my placement matches but my rank is much lower than last season. Is this expected?,League of Legends,2023-01-15 01:43:53,6.0,28.15,LOW,Ranked & Matchmaking,True
RGT-002399,CUST-7709DC90,This player admitted to using scripts in chat. I have a screenshot. How do I submit it?,Valorant,2023-02-25 03:44:58,23.0,60.89,MEDIUM,Cheat / Hacker Report,True
RGT-002076,CUST-FE972C20,Getting a black screen on launch. The process shows in Task Manager but nothing displays.,Teamfight Tactics,2023-08-13 18:10:00,25.0,0.73,MEDIUM,Client Bug / Crash,True
RGT-000485,CUST-01E0218A,This player admitted to using scripts in chat. I have a screenshot. How do I submit it?,Wild Rift,2024-02-06 20:04:43,4.0,,MEDIUM,Cheat / Hacker Report,False
RGT-001655,CUST-4CF66CD9,The game client crashes every time I enter champion select. I reinstalled but the problem persists.,League of Legends,2023-06-18 05:50:04,23.0,8.77,HIGH,Client Bug / Crash,True
RGT-002759,CUST-FE972C20,3rd chat restriction this year for increasingly minor things. I feel I am being targeted unfairly.,Wild Rift,2023-08-07 09:46:55,40.0,0.68,HIGH,Chat Restriction Appeal,True
RGT-002338,CUST-06C5C50B,"Bought a bundle in the store, got charged but the content never appeared in my collection.",Wild Rift,2023-11-27 03:00:04,2.0,12.58,MEDIUM,Missing RP / Purchase Issue,True
RGT-002478,CUST-4A7559F4,,Teamfight Tactics,2024-03-11 04:07:20,2.0,101.98,LOW,Missing RP / Purchase Issue,True
RGT-001775,CUST-6B3776C0,I got permabanned for 'toxic behaviour' but all I did was mute my teammates. This seems unfair.,Valorant,2024-04-23 22:58:56,3.0,206.47,MEDIUM,Account Ban / Suspension,True
RGT-000919,CUST-062FB9F2,Lost 40 LP for a game I disconnected from due to power outage. Can this be reversed?,Teamfight Tactics,2023-07-15 23:49:12,2.0,,LOW,Ranked & Matchmaking,False
RGT-001647,CUST-95266502,Got a chat ban that escalated to a full account suspension. The context was taken out of context. I want to appeal.,League of Legends,2024-02-05 18:08:00,1.0,189.28,LOW,Account Ban / Suspension,True
RGT-001027,CUST-022A5689,Bought the wrong skin. I meant to buy the Prestige version but bought the regular one. Can you swap it?,Legends of Runeterra,2024-03-02 08:22:34,2.0,3.51,MEDIUM,Refund Request,True
RGT-001031,CUST-A897F389,Constant 'Connection Error' messages in client even though my internet is working perfectly.,Wild Rift,2024-01-29 21:50:36,0.0,13.69,MEDIUM,Client Bug / Crash,True
RGT-000883,CUST-FA9DBD80,Client keeps logging me out randomly. I have to re-enter my password multiple times per session.,Wild Rift,2024-06-12 15:51:57,9.0,,HIGH,Client Bug / Crash,False
RGT-001336,CUST-8D9BBC65,I purchased the Battle Pass but didn't receive the rewards. Transaction ID: TXN-2E98DFF7.,Valorant,2023-04-15 02:23:13,1.0,43.73,MEDIUM,Missing RP / Purchase Issue,True
RGT-002291,CUST-C01D4863,I cannot log into my account. I reset my password but the 2FA code is going to an old email I lost access to.,League of Legends,2023-06-03 21:08:25,5.0,3.7,HIGH,Login / 2FA Issue,True
RGT-000365,CUST-4FC4738B,Audio cuts out completely mid-game after around 20 minutes of play. Rolling back drivers did not fix it.,Wild Rift,2024-04-04 22:43:15,6.0,65.27,LOW,Client Bug / Crash,True
RGT-002126,CUST-3E70C00C,Chat restriction applied to my account but I have honour level 5. Seems like an error in your system.,Wild Rift,2023-08-03 20:42:33,3.0,36.95,MEDIUM,Chat Restriction Appeal,True
RGT-000028,CUST-EE8A5B94,This player in my last game was clearly using an aimbot. Every bullet was a headshot through smoke.,Valorant,2023-08-30 02:38:17,0.0,6.11,MEDIUM,Cheat / Hacker Report,True
RGT-000474,CUST-E365E0A1,I bought a new phone and now I cannot receive my 2FA SMS. Please help me recover access.,Valorant,2024-01-04 03:47:49,5.0,,MEDIUM,Login / 2FA Issue,False
RGT-000526,CUST-1D5272DD,Several ability sound effects are missing for my Prestige Lux skin since the last update.,League of Legends,2024-01-30 18:49:47,0.0,82.9,MEDIUM,Champion / Skin Bug,True
RGT-000726,CUST-023FE7E6,Got a chat ban that escalated to a full account suspension. The context was taken out of context. I want to appeal.,Teamfight Tactics,2023-04-15 13:13:44,9.0,95.2,LOW,Account Ban / Suspension,True
RGT-000056,CUST-34B3AB66,My Riot Points are missing after I topped up. I have the bank receipt. Please refund or credit my account.,Legends of Runeterra,2024-03-26 10:33:19,0.0,490.65,LOW,Missing RP / Purchase Issue,True
RGT-000639,CUST-FA9DBD80,The EUW server has been unstable all weekend. Multiple disconnects per gaming session.,Wild Rift,2024-03-17 08:08:17,6.0,0.76,MEDIUM,Server Latency / Lag,True
RGT-000303,CUST-B49CB959,Permanent ban issued on my account. I have 3000 hours on this game and have never violated ToS. Please help.,Legends of Runeterra,2023-08-28 03:04:44,,10.93,MEDIUM,Account Ban / Suspension,True
RGT-002689,CUST-3D51023D,"Purchased RP via prepaid card, entered the code but nothing was credited. Code: RITO-DBEAB3.",Teamfight Tactics,2023-03-02 22:11:44,31.0,8.67,MEDIUM,Missing RP / Purchase Issue,True
RGT-001277,CUST-DE4C8886,"Purchased RP via prepaid card, entered the code but nothing was credited. Code: RITO-D6B694.",League of Legends,2023-05-17 07:36:39,1.0,0.61,HIGH,Missing RP / Purchase Issue,True
RGT-002718,CUST-CDB94453,The game client crashes every time I enter champion select. I reinstalled but the problem persists.,Wild Rift,Jan 2023,31.0,72.31,LOW,Client Bug / Crash,True
RGT-000625,CUST-BBD08A57,The authenticator app code is being rejected. I re-scanned the QR code and still getting errors.,Valorant,2024-06-24 10:17:34,0.0,,MEDIUM,Login / 2FA Issue,False
RGT-002056,CUST-94D9DD38,The client update bricked my installation. Now I get error code 0x2701 on startup.,Wild Rift,2024-04-30 20:24:48,5.0,,MEDIUM,Client Bug / Crash,False
RGT-001281,CUST-46C64CC1,Duo partner and I are being put into the wrong queue tier. We are Diamond 2 and 3 but matched in Plat.,Teamfight Tactics,2024-04-09 06:32:39,2.0,5.4,HIGH,Ranked & Matchmaking,True
RGT-001050,CUST-632AAECA,"Hello, my account was flagged and restricted. I believe this is a false positive from your anti-cheat. I need an appeal.",Teamfight Tactics,2024-03-03 10:10:30,0.0,,MEDIUM,Account Ban / Suspension,False
RGT-000337,CUST-1962F4A0,The client update bricked my installation. Now I get error code 0xD7A2 on startup.,Legends of Runeterra,2024-01-26 04:00:32,1.0,44.92,MEDIUM,Client Bug / Crash,True
RGT-000048,CUST-C4731564,I purchased the Battle Pass but didn't receive the rewards. Transaction ID: TXN-FAE5BC8F.,Valorant,2023-08-12 18:39:51,1.0,4.91,HIGH,Missing RP / Purchase Issue,True
RGT-000107,CUST-8F2E22DF,The Lunar New Year bundle charged me but only delivered half the content. Missing the ward skin and icon.,League of Legends,2023-10-13 00:26:34,0.0,36.54,LOW,Missing RP / Purchase Issue,True
RGT-001080,CUST-3780263D,,Valorant,2024-05-14 20:37:53,4.0,14.84,LOW,Login / 2FA Issue,True
RGT-002287,CUST-E365E0A1,My Riot Points are missing after I topped up. I have the bank receipt. Please refund or credit my account.,Teamfight Tactics,2023-05-14 03:01:52,23.0,,MEDIUM,Missing RP / Purchase Issue,False
RGT-002262,CUST-6D8BA715,I was punished for saying 'gg ez' which is a common phrase. I disagree this violates community standards.,League of Legends,2024-02-27 12:23:54,6.0,,LOW,Chat Restriction Appeal,False
RGT-001145,CUST-3A92135D,I accidentally purchased the wrong champion. Can I get a refund? I only have one refund token left.,Valorant,2023-08-31 14:37:54,0.0,,MEDIUM,Missing RP / Purchase Issue,False
RGT-002459,CUST-437BA32B,My League account got banned out of nowhere. I was just playing ranked and then I got logged out. Can you explain why?,Valorant,2024-01-30 21:05:49,1.0,,HIGH,Account Ban / Suspension,False
RGT-002297,CUST-447B0161,I purchased an emote for a character I no longer play. Refund would be appreciated.,Wild Rift,2024-05-30 13:45:23,4.0,32.88,LOW,Refund Request,True
RGT-001837,CUST-77E302EC,Got a chat ban that escalated to a full account suspension. The context was taken out of context. I want to appeal.,Wild Rift,2023-07-16 19:09:34,4.0,,MEDIUM,Account Ban / Suspension,False
RGT-001754,CUST-01E0218A,Got a chat ban that escalated to a full account suspension. The context was taken out of context. I want to appeal.,Teamfight Tactics,2023-04-27 22:15:15,26.0,5.24,MEDIUM,Account Ban / Suspension,True
RGT-001102,CUST-DF7589A3,Remake did not trigger even though a player was AFK from champion select. Lost LP unfairly.,Legends of Runeterra,2024-05-15 16:20:09,4.0,,MEDIUM,Ranked & Matchmaking,False
RGT-001969,CUST-3EB38E23,"My smurf account was banned, now my main account is also restricted. I do not understand what happened.",League of Legends,2024-05-06 03:18:25,2.0,-5.0,MEDIUM,Account Ban / Suspension,True
RGT-000524,CUST-52F9765C,I purchased the Battle Pass but didn't receive the rewards. Transaction ID: TXN-55914928.,Valorant,2023-12-21 08:15:10,3.0,,HIGH,Missing RP / Purchase Issue,False
RGT-002281,CUST-75103BB2,,Valorant,2024-04-06 21:35:22,4.0,2.02,MEDIUM,Champion / Skin Bug,True
RGT-001429,CUST-7A32E5DE,Account banned with no explanation. I spent over $500 on this account. Please look into this immediately.,Legends of Runeterra,2023-12-06 14:48:08,16.0,29.76,MEDIUM,Account Ban / Suspension,True
RGT-002688,CUST-E21ABCF8,This player in my last game was clearly using an aimbot. Every bullet was a headshot through smoke.,Wild Rift,2024-03-14 01:17:04,3.0,6.19,HIGH,Cheat / Hacker Report,True
RGT-000604,CUST-01E0218A,Player using Elo-boosting service. They were clearly being played by someone else based on behaviour change.,League of Legends,2023-05-22 04:05:45,5.0,1.0,MEDIUM,Cheat / Hacker Report,True
RGT-001490,CUST-5C8E2E99,RP purchase failed but the money was deducted from my account. This is the second time this has happened.,Legends of Runeterra,2024-04-06 08:57:18,12.0,4.27,HIGH,Missing RP / Purchase Issue,True
RGT-002424,CUST-AA3F74B3,Account recovery is not working. I no longer have access to the email or phone number on record.,Wild Rift,2023-11-23 06:35:20,4.0,12.79,HIGH,Login / 2FA Issue,True
RGT-000061,CUST-3631F5AD,Account banned with no explanation. I spent over $500 on this account. Please look into this immediately.,League of Legends,2023-05-16 23:31:45,0.0,1.97,MEDIUM,Account Ban / Suspension,True
RGT-002833,CUST-FBEEE1AE,I would like a refund for the champion I purchased yesterday. I have not played them yet.,Wild Rift,2023-07-21 04:38:29,5.0,46.63,MEDIUM,Refund Request,True
RGT-000672,CUST-740AC09D,,Legends of Runeterra,2023-12-09 19:11:06,2.0,1.27,HIGH,Missing RP / Purchase Issue,True
RGT-000093,CUST-BA5D4F41,My League account got banned out of nowhere. I was just playing ranked and then I got logged out. Can you explain why?,Wild Rift,2023-10-20 14:34:02,0.0,12.06,LOW,Account Ban / Suspension,True
RGT-000667,CUST-E7D3B17F,Account logged in on an unrecognised device. I changed password but 2FA was not set up. How do I add it now?,Valorant,2023-04-06 01:12:13,2.0,,MEDIUM,Login / 2FA Issue,False
RGT-001888,CUST-0C1E8B1D,,Legends of Runeterra,2023-01-14 18:44:46,3.0,45.18,LOW,Login / 2FA Issue,True
RGT-000281,CUST-87B8A0EF,Lost 40 LP for a game I disconnected from due to power outage. Can this be reversed?,Valorant,2023-01-06 12:36:57,0.0,3.45,HIGH,Ranked & Matchmaking,True
RGT-001720,CUST-34B3AB66,Constant 'Connection Error' messages in client even though my internet is working perfectly.,Wild Rift,2024-06-25 00:08:07,4.0,3.5,HIGH,Client Bug / Crash,True
RGT-000360,CUST-B46EEE4B,RP purchase failed but the money was deducted from my account. This is the second time this has happened.,League of Legends,2023-10-25 22:48:56,2.0,1.33,MEDIUM,Missing RP / Purchase Issue,True
RGT-000900,CUST-20E3067A,I was charged twice for the same RP bundle. I see two transactions on my statement for $50.00.,Wild Rift,2023-12-25 13:35:50,,9.41,MEDIUM,Missing RP / Purchase Issue,True
RGT-001936,CUST-34B3AB66,The Lunar New Year bundle charged me but only delivered half the content. Missing the ward skin and icon.,League of Legends,2023-10-03 20:24:28,5.0,11.98,MEDIUM,Missing RP / Purchase Issue,True
RGT-001995,CUST-EE8A5B94,"After updating, all my settings were reset. Also my custom game configurations are gone.",League of Legends,2024-06-23 09:25:27,1.0,15.94,LOW,Client Bug / Crash,True
RGT-002385,CUST-FE81BAEC,I bought 3250 RP but it never showed up in my account. I was charged on my card though.,Legends of Runeterra,2023-12-07 23:08:42,2.0,38.74,LOW,Missing RP / Purchase Issue,True
RGT-000761,CUST-9B770A9F,Account banned with no explanation. I spent over $500 on this account. Please look into this immediately.,League of Legends,2024-06-02 15:14:55,1.0,26.58,MEDIUM,Account Ban / Suspension,True
RGT-002159,CUST-7BA13141,Requesting a refund on a bundle because it was not clearly labelled that it included champions I already own.,Legends of Runeterra,2023-11-11 03:43:36,0.0,44.75,MEDIUM,Refund Request,True
RGT-002704,CUST-088F80DF,The EUW server has been unstable all weekend. Multiple disconnects per gaming session.,Teamfight Tactics,2023-10-14 05:51:27,5.0,78.94,MEDIUM,Server Latency / Lag,True
RGT-000043,CUST-E7D3B17F,I got permabanned for 'toxic behaviour' but all I did was mute my teammates. This seems unfair.,Wild Rift,2024-06-29 22:09:56,0.0,14.51,MEDIUM,Account Ban / Suspension,True
RGT-002174,CUST-CD15BFFA,The Lunar New Year bundle charged me but only delivered half the content. Missing the ward skin and icon.,Wild Rift,2023-06-18 09:54:46,6.0,17.33,MEDIUM,Missing RP / Purchase Issue,True
RGT-000205,CUST-653899C4,Lost 40 LP for a game I disconnected from due to power outage. Can this be reversed?,Legends of Runeterra,2023-06-30 16:24:49,1.0,66.27,LOW,Ranked & Matchmaking,True
RGT-001474,CUST-C4731564,This player admitted to using scripts in chat. I have a screenshot. How do I submit it?,Teamfight Tactics,2023-10-26 01:30:53,19.0,8.46,MEDIUM,Cheat / Hacker Report,True
RGT-002101,CUST-A7BEC292,The Lunar New Year bundle charged me but only delivered half the content. Missing the ward skin and icon.,Wild Rift,2023-05-21 19:55:15,3.0,56.52,MEDIUM,Missing RP / Purchase Issue,True
RGT-000069,CUST-C91C1ECE,Chat restriction applied to my account but I have honour level 5. Seems like an error in your system.,Wild Rift,2023-05-01 00:30:56,1.0,,MEDIUM,Chat Restriction Appeal,True
RGT-001876,CUST-5B1640FC,I bought a new phone and now I cannot receive my 2FA SMS. Please help me recover access.,League of Legends,2023-05-21 10:08:31,3.0,,LOW,Login / 2FA Issue,False
RGT-002452,CUST-383F15F2,I bought a new phone and now I cannot receive my 2FA SMS. Please help me recover access.,Wild Rift,2024-03-28 12:50:03,5.0,45.66,MEDIUM,Login / 2FA Issue,True
RGT-002232,CUST-8389315E,The client update bricked my installation. Now I get error code 0x622A on startup.,Legends of Runeterra,2023-08-27 05:02:45,2.0,38.22,MEDIUM,Client Bug / Crash,True
RGT-000138,CUST-C7E0960A,"Hello, my account was flagged and restricted. I believe this is a false positive from your anti-cheat. I need an appeal.",Wild Rift,2023-08-03 02:29:00,0.0,15.04,LOW,Account Ban / Suspension,True
RGT-000797,CUST-E365E0A1,The Lunar New Year bundle charged me but only delivered half the content. Missing the ward skin and icon.,Wild Rift,2023-07-20 08:00:36,10.0,,MEDIUM,Missing RP / Purchase Issue,False
RGT-002181,CUST-87EA02C9,I was banned for account sharing. I let my brother play once. Is there a way to appeal this decision?,Teamfight Tactics,2023-06-29 19:43:34,7.0,,MEDIUM,Account Ban / Suspension,False
RGT-002129,CUST-57FBCB14,,Valorant,2023-05-25 15:19:52,16.0,18.74,LOW,Cheat / Hacker Report,True
RGT-000759,CUST-20E3067A,I bought 3250 RP but it never showed up in my account. I was charged on my card though.,Teamfight Tactics,2024-05-17 23:10:43,2.0,99.98,LOW,Missing RP / Purchase Issue,True
RGT-000542,CUST-7CDF7E83,I bought 3250 RP but it never showed up in my account. I was charged on my card though.,Teamfight Tactics,2023-11-05 02:32:43,1.0,0.92,MEDIUM,Missing RP / Purchase Issue,True
RGT-001020,CUST-3624A1BC,Lost 40 LP for a game I disconnected from due to power outage. Can this be reversed?,Wild Rift,2023-08-04 16:08:35,,0.01,LOW,Ranked & Matchmaking,True
RGT-002361,CUST-B0952AB3,Audio cuts out completely mid-game after around 20 minutes of play. Rolling back drivers did not fix it.,Wild Rift,2024-03-19 09:40:40,2.0,15.54,MEDIUM,Client Bug / Crash,True
RGT-000166,CUST-529E139B,Someone is ddosing our team. Two of my teammates disconnected within seconds of each other.,Wild Rift,13/32/2023 10:00:00,0.0,27.13,MEDIUM,Cheat / Hacker Report,True
RGT-000249,CUST-4F001816,,Valorant,2023-12-21 23:57:18,1.0,,HIGH,Account Ban / Suspension,False
RGT-001332,CUST-3D51023D,"Hello, my account was flagged and restricted. I believe this is a false positive from your anti-cheat. I need an appeal.",Legends of Runeterra,2023-04-05 04:29:54,17.0,6.69,MEDIUM,Account Ban / Suspension,True
RGT-002018,CUST-1767AA4A,Requesting a refund on a bundle because it was not clearly labelled that it included champions I already own.,Legends of Runeterra,2024-01-15 04:30:56,29.0,12.77,MEDIUM,Refund Request,True
RGT-000447,CUST-714F572F,"Purchased RP via prepaid card, entered the code but nothing was credited. Code: RITO-15E4B4.",Valorant,2024-04-10 21:28:47,,9.39,LOW,Missing RP / Purchase Issue,True
RGT-001359,CUST-5B4081EE,Cheater ruined 3 games in a row. Your reporting system seems broken. They are still not banned.,Legends of Runeterra,2023-12-06 13:41:09,15.0,,MEDIUM,Cheat / Hacker Report,False
RGT-002146,CUST-8E5D3D10,The shop tab in the client is blank. I cannot browse or purchase anything. Tried clearing cache.,Teamfight Tactics,2023-07-30 21:54:28,2.0,51.64,MEDIUM,Client Bug / Crash,True
RGT-001330,CUST-61ADFAC6,Audio cuts out completely mid-game after around 20 minutes of play. Rolling back drivers did not fix it.,Legends of Runeterra,2023-09-03 03:38:14,7.0,11.52,LOW,Client Bug / Crash,True
RGT-002997,CUST-4E0BB732,I was banned for account sharing. I let my brother play once. Is there a way to appeal this decision?,Wild Rift,2024-06-19 05:40:47,7.0,,MEDIUM,Account Ban / Suspension,False
RGT-002151,CUST-4ED88BA2,Player using Elo-boosting service. They were clearly being played by someone else based on behaviour change.,Legends of Runeterra,2023-10-01 05:03:38,2.0,0.03,MEDIUM,Cheat / Hacker Report,True
RGT-000435,CUST-10C54846,I was gifted a skin I already owned. The duplicate was auto-converted to orange essence. I want a refund.,Wild Rift,2023-05-08 11:52:13,0.0,2.7,HIGH,Refund Request,True
RGT-002123,CUST-D2571737,The Lunar New Year bundle charged me but only delivered half the content. Missing the ward skin and icon.,Valorant,2024-05-01 01:10:31,1.0,2.56,HIGH,Missing RP / Purchase Issue,True
RGT-000578,CUST-7A32E5DE,I keep getting matched against the same scripter. Already reported in-game but they are still playing.,Valorant,2023-11-28 17:55:38,9.0,27.3,MEDIUM,Cheat / Hacker Report,True
RGT-002464,CUST-FBD3774A,Getting a black screen on launch. The process shows in Task Manager but nothing displays.,Legends of Runeterra,2023-07-11 18:35:48,4.0,3.26,HIGH,Client Bug / Crash,True
RGT-DUPE-0034,CUST-E573FEE4,This player admitted to using scripts in chat. I have a screenshot. How do I submit it?,Wild Rift,2024-02-17 20:19:46,7.0,3.54,HIGH,Cheat / Hacker Report,True
RGT-001849,CUST-C46ABFD8,Locked out of my account after too many failed login attempts. I was trying to recover access legitimately.,League of Legends,2024-02-17 23:45:23,1.0,15.64,MEDIUM,Login / 2FA Issue,True
RGT-000763,CUST-CDB94453,"After the latest patch, my client freezes on the loading screen. I cannot get into any game.",Legends of Runeterra,2024-05-01 17:08:07,5.0,,MEDIUM,Client Bug / Crash,False
RGT-000389,CUST-2A8271BF,Chat restriction applied to my account but I have honour level 5. Seems like an error in your system.,Legends of Runeterra,2024-06-28 17:07:12,0.0,75.34,LOW,Chat Restriction Appeal,True
RGT-000236,CUST-7A32E5DE,Account banned with no explanation. I spent over $500 on this account. Please look into this immediately.,Legends of Runeterra,2023-01-16 08:00:47,5.0,0.2,HIGH,Account Ban / Suspension,True
RGT-002686,CUST-FBEEE1AE,Duo partner and I are being put into the wrong queue tier. We are Diamond 2 and 3 but matched in Plat.,Valorant,2024-03-02 05:07:33,4.0,6.7,HIGH,Ranked & Matchmaking,True
RGT-001985,CUST-733AC364,There is a blatant scripter in my ranked game. They had 0ms reaction time and perfect skill shots all game.,League of Legends,2023-08-10 08:26:08,,18.45,LOW,Cheat / Hacker Report,True
RGT-000268,CUST-911B09FE,"Purchased RP via prepaid card, entered the code but nothing was credited. Code: RITO-F29A20.",Valorant,2024-03-29 17:43:00,0.0,3.97,MEDIUM,Missing RP / Purchase Issue,True
RGT-000771,CUST-492466D9,Got a communication ban for using my native language which the filter incorrectly flagged.,Valorant,2023-01-01 15:43:06,0.0,25.79,MEDIUM,Chat Restriction Appeal,True
RGT-002166,CUST-FCC1534C,Got a communication ban for using my native language which the filter incorrectly flagged.,Valorant,2023-03-02 21:13:20,3.0,,HIGH,Chat Restriction Appeal,False
RGT-000438,CUST-CE3A6577,Player using Elo-boosting service. They were clearly being played by someone else based on behaviour change.,Valorant,2023-01-16 07:27:29,0.0,3.09,HIGH,Cheat / Hacker Report,True
RGT-000674,CUST-C91C1ECE,Bought the wrong skin. I meant to buy the Prestige version but bought the regular one. Can you swap it?,Valorant,2024-06-21 05:55:13,13.0,7.5,MEDIUM,Refund Request,True
RGT-000250,CUST-01D06299,My clash tournament registration was cancelled without notification. Please refund the ticket fee.,Wild Rift,2023-12-03 04:10:12,0.0,7.3,HIGH,Ranked & Matchmaking,True
RGT-002202,CUST-5B4081EE,I was gifted a skin I already owned. The duplicate was auto-converted to orange essence. I want a refund.,Teamfight Tactics,2023-12-21 21:17:09,32.0,202.78,LOW,Refund Request,True
RGT-001575,CUST-C132E885,"Purchased RP via prepaid card, entered the code but nothing was credited. Code: RITO-897175.",Valorant,2023-08-25 08:10:36,2.0,14.79,LOW,Missing RP / Purchase Issue,True
RGT-002143,CUST-39A2BAA5,My League account got banned out of nowhere. I was just playing ranked and then I got logged out. Can you explain why?,Teamfight Tactics,2023-07-27 08:26:46,2.0,9.68,HIGH,Account Ban / Suspension,True
RGT-002082,CUST-5F210E14,Kindred's Q ability is not applying on-hit effects correctly with the Spirit Blossom skin equipped.,Legends of Runeterra,2023-10-09 09:38:49,25.0,13.72,MEDIUM,Champion / Skin Bug,True
RGT-002699,CUST-2DD31862,I bought a new phone and now I cannot receive my 2FA SMS. Please help me recover access.,Teamfight Tactics,2024-01-06 04:17:49,4.0,,LOW,Login / 2FA Issue,False
RGT-002648,CUST-2AE5E127,"My smurf account was banned, now my main account is also restricted. I do not understand what happened.",Legends of Runeterra,2023-05-11 21:39:20,29.0,1.4,HIGH,Account Ban / Suspension,True
RGT-002823,CUST-B0952AB3,I purchased a champion that is currently on free rotation. I would like a refund as this was misleading.,League of Legends,2023-02-08 19:42:02,,73.66,LOW,Refund Request,True
RGT-000449,CUST-82487C44,Lost 40 LP for a game I disconnected from due to power outage. Can this be reversed?,Legends of Runeterra,2024-05-29 08:44:22,2.0,6.42,HIGH,Ranked & Matchmaking,True
RGT-001470,CUST-7A32F901,"After updating, all my settings were reset. Also my custom game configurations are gone.",Legends of Runeterra,2024-01-20 19:31:33,0.0,,LOW,Client Bug / Crash,False
RGT-000717,CUST-A7BEC292,My account RiotUser#40496 was permanently banned but I never cheated. Please review the ban.,Valorant,2023-07-21 05:07:49,1.0,,MEDIUM,Account Ban / Suspension,False
RGT-002471,CUST-817C392F,I accidentally purchased the wrong champion. Can I get a refund? I only have one refund token left.,Wild Rift,2023-06-27 18:37:20,6.0,43.39,LOW,Missing RP / Purchase Issue,True
RGT-002986,CUST-232BC039,Lost 40 LP for a game I disconnected from due to power outage. Can this be reversed?,Valorant,2023-02-23 16:00:48,3.0,,MEDIUM,Ranked & Matchmaking,False
RGT-002049,CUST-5B4081EE,My League account got banned out of nowhere. I was just playing ranked and then I got logged out. Can you explain why?,Valorant,2023-10-13 13:30:07,29.0,77.28,LOW,Account Ban / Suspension,True
RGT-001902,CUST-A9770EA6,2FA is sending codes but they expire before I can enter them. Clock sync on my phone is correct.,Teamfight Tactics,2023-12-25 10:47:13,1.0,6.42,MEDIUM,Login / 2FA Issue,True
RGT-001169,CUST-F7CA9EEC,The authenticator app code is being rejected. I re-scanned the QR code and still getting errors.,Wild Rift,2023-02-17 22:23:30,1.0,59.81,MEDIUM,Login / 2FA Issue,True
RGT-000083,CUST-9290DF1B,I lost LP for a loss that was not my fault. My teammates went AFK in the first 5 minutes.,Teamfight Tactics,2024-03-09 23:21:43,1.0,129.02,LOW,Ranked & Matchmaking,True
RGT-002498,CUST-A81EE82F,Constant 'Connection Error' messages in client even though my internet is working perfectly.,Legends of Runeterra,2023-07-17 19:12:34,2.0,41.31,MEDIUM,Client Bug / Crash,True
RGT-001461,CUST-01E0218A,Cheater ruined 3 games in a row. Your reporting system seems broken. They are still not banned.,Legends of Runeterra,2023-01-13 01:59:04,20.0,0.001,MEDIUM,Cheat / Hacker Report,True
RGT-001894,CUST-7709DC90,"My MMR seems stuck. I win 8 games in a row and gain 18 LP, then lose once and drop 25 LP.",Teamfight Tactics,2023-01-25 08:25:10,18.0,,HIGH,Ranked & Matchmaking,False
RGT-001669,CUST-4CF66CD9,Reporting a player for using wallhacks in Valorant. Their username is Player8030. Please review game ID NA1_3233008514.,League of Legends,2024-06-25 16:37:09,24.0,15.94,HIGH,Cheat / Hacker Report,True
RGT-002001,CUST-F8165A13,Cheater ruined 3 games in a row. Your reporting system seems broken. They are still not banned.,League of Legends,2023-04-29 23:41:27,2.0,,MEDIUM,Cheat / Hacker Report,False
RGT-000476,CUST-FE972C20,Account logged in on an unrecognised device. I changed password but 2FA was not set up. How do I add it now?,Wild Rift,2024-04-04 01:46:14,6.0,,MEDIUM,Login / 2FA Issue,False
RGT-000518,CUST-4FC4738B,My League account got banned out of nowhere. I was just playing ranked and then I got logged out. Can you explain why?,Valorant,2023-07-08 20:41:26,8.0,,LOW,Account Ban / Suspension,False
RGT-000405,CUST-1767AA4A,Lost 40 LP for a game I disconnected from due to power outage. Can this be reversed?,Valorant,2023-09-26 03:29:23,9.0,43.36,LOW,Ranked & Matchmaking,True
RGT-000385,CUST-2C65B41B,I accidentally purchased the wrong champion. Can I get a refund? I only have one refund token left.,Wild Rift,2024-03-16 14:11:32,0.0,3.07,HIGH,Missing RP / Purchase Issue,True
RGT-002508,CUST-F4088E19,The Dragon Trainer Tristana skin has a missing particle effect on her W ability.,Wild Rift,2023-02-22 16:51:20,1.0,22.18,MEDIUM,Champion / Skin Bug,True
RGT-002153,CUST-84B69B19,"My smurf account was banned, now my main account is also restricted. I do not understand what happened.",Wild Rift,2024-01-13 05:57:46,1.0,15.76,LOW,Account Ban / Suspension,True
RGT-001634,CUST-8A8F6164,I accidentally purchased the wrong champion. Can I get a refund? I only have one refund token left.,Teamfight Tactics,2023-04-22 01:36:40,4.0,40.95,MEDIUM,Missing RP / Purchase Issue,True
RGT-002945,CUST-CDB94453,Ranked queue dodging penalty applied even though I did not dodge. I was in loading screen.,Wild Rift,2024-02-09 05:05:26,34.0,14.44,MEDIUM,Ranked & Matchmaking,True
RGT-000689,CUST-CB9803F9,Remake did not trigger even though a player was AFK from champion select. Lost LP unfairly.,League of Legends,2024-05-02 23:13:56,0.0,8.94,MEDIUM,Ranked & Matchmaking,True
RGT-001241,CUST-A122998B,Locked out of my account after too many failed login attempts. I was trying to recover access legitimately.,Valorant,2023-07-08 03:44:23,1.0,42.97,MEDIUM,Login / 2FA Issue,True
RGT-000063,CUST-4E0BB732,The Dragon Trainer Tristana skin has a missing particle effect on her W ability.,Wild Rift,2024-03-20 05:24:42,1.0,10.67,MEDIUM,Champion / Skin Bug,True
RGT-000853,CUST-65D3B0FA,"My smurf account was banned, now my main account is also restricted. I do not understand what happened.",Wild Rift,2024-02-24 17:12:37,1.0,10.6,MEDIUM,Account Ban / Suspension,True
RGT-002835,CUST-B1B46D9C,I was in promo series but the server crashed mid-game. The loss was counted against me.,Wild Rift,2023-01-16 02:56:11,3.0,,MEDIUM,Ranked & Matchmaking,False
RGT-002553,CUST-E8A389C1,Audio cuts out completely mid-game after around 20 minutes of play. Rolling back drivers did not fix it.,Wild Rift,2024-04-04 09:51:11,2.0,,MEDIUM,Client Bug / Crash,True
RGT-001263,CUST-A8CD9E15,Got a chat ban that escalated to a full account suspension. The context was taken out of context. I want to appeal.,League of Legends,2023-07-21 11:05:55,1.0,,LOW,Account Ban / Suspension,False
RGT-000224,CUST-B24AD742,I keep getting matched against the same scripter. Already reported in-game but they are still playing.,League of Legends,2023-05-08 00:06:52,2.0,43.63,MEDIUM,Cheat / Hacker Report,True
RGT-002194,CUST-AB7EE0E4,My Pulsefire Ezreal skin's recall animation is broken. It just shows the default animation instead.,Teamfight Tactics,2023-07-14 05:27:22,4.0,14.61,MEDIUM,Champion / Skin Bug,True
RGT-000374,CUST-1962F4A0,Permanent ban issued on my account. I have 3000 hours on this game and have never violated ToS. Please help.,League of Legends,2023-05-11 02:34:42,2.0,,MEDIUM,Account Ban / Suspension,True
RGT-001825,CUST-AD0EDBC6,Possible griefing bot detected on the enemy team. All five of them stood still in base.,Valorant,2023-07-22 01:56:05,4.0,11.55,MEDIUM,Cheat / Hacker Report,True
RGT-002615,CUST-8E0DD361,The game client crashes every time I enter champion select. I reinstalled but the problem persists.,Legends of Runeterra,2023-04-30 04:47:21,3.0,11.08,MEDIUM,Client Bug / Crash,True
RGT-002956,CUST-06C5C50B,"After updating, all my settings were reset. Also my custom game configurations are gone.",Teamfight Tactics,2023-11-09 09:50:12,4.0,27.19,LOW,Client Bug / Crash,True
RGT-002677,CUST-E365E0A1,FPS dropping from 200 to single digits every few minutes since patch 14.21. My hardware is fine.,Wild Rift,2023-12-06 22:46:42,27.0,,HIGH,Client Bug / Crash,False
RGT-002767,CUST-C9A78D21,I got permabanned for 'toxic behaviour' but all I did was mute my teammates. This seems unfair.,Teamfight Tactics,2023-07-18 01:07:48,5.0,,MEDIUM,Account Ban / Suspension,False
RGT-000010,CUST-B5FDACD0,The client update bricked my installation. Now I get error code 0x2EFA on startup.,Legends of Runeterra,2023-02-19 17:31:45,0.0,29.71,LOW,Client Bug / Crash,True
RGT-001945,CUST-E365E0A1,This player admitted to using scripts in chat. I have a screenshot. How do I submit it?,Wild Rift,2024-05-24 10:38:30,19.0,2.4,MEDIUM,Cheat / Hacker Report,True
RGT-001839,CUST-B8EE1033,Got a chat ban that escalated to a full account suspension. The context was taken out of context. I want to appeal.,Teamfight Tactics,2023-07-25 04:58:57,2.0,20.83,MEDIUM,Account Ban / Suspension,True
RGT-000709,CUST-7CDF7E83,FPS dropping from 200 to single digits every few minutes since patch 14.23. My hardware is fine.,Valorant,2024-04-28 00:31:48,,47.95,LOW,Client Bug / Crash,True
RGT-000256,CUST-BF3EEDA3,"My MMR seems stuck. I win 8 games in a row and gain 18 LP, then lose once and drop 25 LP.",League of Legends,2024-02-29 13:38:40,0.0,96.56,LOW,Ranked & Matchmaking,True
RGT-001618,CUST-61ADFAC6,This player in my last game was clearly using an aimbot. Every bullet was a headshot through smoke.,Teamfight Tactics,2023-08-18 12:20:50,10.0,72.52,MEDIUM,Cheat / Hacker Report,True
RGT-000390,CUST-FE972C20,My League account got banned out of nowhere. I was just playing ranked and then I got logged out. Can you explain why?,League of Legends,2023-06-07 09:30:16,4.0,13.33,MEDIUM,Account Ban / Suspension,True
RGT-001582,CUST-ABA4C4B7,My League account got banned out of nowhere. I was just playing ranked and then I got logged out. Can you explain why?,Wild Rift,2023-06-24 10:54:38,21.0,80.66,LOW,Account Ban / Suspension,True
RGT-000925,CUST-EBEF744C,The shop tab in the client is blank. I cannot browse or purchase anything. Tried clearing cache.,Teamfight Tactics,2024-06-19 16:28:39,1.0,42.78,LOW,Client Bug / Crash,True
RGT-002037,CUST-3FEAC054,"Hello, my account was flagged and restricted. I believe this is a false positive from your anti-cheat. I need an appeal.",Legends of Runeterra,2024-04-06 05:22:58,2.0,,HIGH,Account Ban / Suspension,True
RGT-002476,CUST-3FEAC054,Requesting a refund on a bundle because it was not clearly labelled that it included champions I already own.,Teamfight Tactics,2023-05-30 10:11:40,3.0,3.07,HIGH,Refund Request,True
RGT-001225,CUST-CD15BFFA,Player using Elo-boosting service. They were clearly being played by someone else based on behaviour change.,League of Legends,2024-06-25 22:50:29,1.0,171.99,LOW,Cheat / Hacker Report,True
RGT-001947,CUST-28A5607F,The client update bricked my installation. Now I get error code 0x6F5A on startup.,League of Legends,2023-07-09 22:35:52,2.0,85.81,LOW,Client Bug / Crash,True
RGT-000740,CUST-4FC4738B,I bought 3250 RP but it never showed up in my account. I was charged on my card though.,Legends of Runeterra,2023-06-28 03:06:15,11.0,8.23,MEDIUM,Missing RP / Purchase Issue,True
RGT-000041,CUST-6AC348D2,3rd chat restriction this year for increasingly minor things. I feel I am being targeted unfairly.,Wild Rift,2024-01-14 16:35:22,1.0,5.72,MEDIUM,Chat Restriction Appeal,True
RGT-000869,CUST-C4731564,The client update bricked my installation. Now I get error code 0xB8DB on startup.,League of Legends,2023-10-30 20:33:24,13.0,,MEDIUM,Client Bug / Crash,False
RGT-000540,CUST-E669E68E,2FA is sending codes but they expire before I can enter them. Clock sync on my phone is correct.,Wild Rift,2023-05-23 11:38:59,2.0,86.33,LOW,Login / 2FA Issue,True
RGT-002588,CUST-95542775,This player admitted to using scripts in chat. I have a screenshot. How do I submit it?,Wild Rift,2024-04-20 09:53:17,5.0,18.39,MEDIUM,Cheat / Hacker Report,True
RGT-001372,CUST-3EB38E23,Client keeps logging me out randomly. I have to re-enter my password multiple times per session.,Legends of Runeterra,2023-11-14 05:06:00,1.0,0.57,MEDIUM,Client Bug / Crash,True
RGT-001146,CUST-DA68868E,My account RiotUser#24502 was permanently banned but I never cheated. Please review the ban.,Teamfight Tactics,2023-07-11 09:09:49,1.0,,MEDIUM,Account Ban / Suspension,False
RGT-001032,CUST-57FBCB14,Account banned with no explanation. I spent over $500 on this account. Please look into this immediately.,Valorant,2023-11-17 18:21:48,7.0,3.88,MEDIUM,Account Ban / Suspension,True
RGT-000373,CUST-85BFB1BD,Matchmaking is putting me against players 3 tiers above me. This has been happening all week.,Teamfight Tactics,2024-05-07 04:47:39,0.0,18.59,MEDIUM,Ranked & Matchmaking,True
RGT-000668,CUST-022A5689,The shop tab in the client is blank. I cannot browse or purchase anything. Tried clearing cache.,Teamfight Tactics,2024-03-09 19:28:42,1.0,43.32,MEDIUM,Client Bug / Crash,True
RGT-000358,CUST-4B0F6900,I got permabanned for 'toxic behaviour' but all I did was mute my teammates. This seems unfair.,Teamfight Tactics,2023-09-05 21:22:59,0.0,50000.0,MEDIUM,Account Ban / Suspension,True
RGT-000968,CUST-2AE5E127,Got a chat ban that escalated to a full account suspension. The context was taken out of context. I want to appeal.,Valorant,2023-07-16 10:46:10,13.0,48.03,LOW,Account Ban / Suspension,True
RGT-001354,CUST-34B3AB66,2FA is sending codes but they expire before I can enter them. Clock sync on my phone is correct.,Teamfight Tactics,2023-09-23 21:19:48,2.0,,LOW,Login / 2FA Issue,False
RGT-001036,CUST-A326E34B,"After the latest patch, my client freezes on the loading screen. I cannot get into any game.",Valorant,2023-08-20 03:25:07,1.0,4.14,MEDIUM,Client Bug / Crash,True
RGT-000471,CUST-65D3B0FA,Account banned with no explanation. I spent over $500 on this account. Please look into this immediately.,Legends of Runeterra,2023-05-22 12:36:20,0.0,44.42,MEDIUM,Account Ban / Suspension,True
RGT-001397,CUST-4244656B,Locked out of my account after too many failed login attempts. I was trying to recover access legitimately.,Wild Rift,2023-07-01 21:59:41,2.0,3.59,HIGH,Login / 2FA Issue,True
RGT-002706,CUST-AEAB083D,The shop tab in the client is blank. I cannot browse or purchase anything. Tried clearing cache.,Teamfight Tactics,2024-03-15 01:49:09,3.0,54.9,MEDIUM,Client Bug / Crash,True
RGT-001550,CUST-06A83EFD,"My smurf account was banned, now my main account is also restricted. I do not understand what happened.",Wild Rift,2024-04-24 22:40:49,2.0,,MEDIUM,Account Ban / Suspension,True
RGT-001257,CUST-E79B1BC6,Account logged in on an unrecognised device. I changed password but 2FA was not set up. How do I add it now?,League of Legends,2023-06-25 20:40:50,2.0,20.53,MEDIUM,Login / 2FA Issue,True
RGT-002095,CUST-630A1B8F,"My smurf account was banned, now my main account is also restricted. I do not understand what happened.",Legends of Runeterra,2023-05-10 23:38:06,2.0,21.17,MEDIUM,Account Ban / Suspension,True
RGT-001556,CUST-2315C447,Got a chat ban that escalated to a full account suspension. The context was taken out of context. I want to appeal.,Teamfight Tactics,2023-05-09 14:43:29,2.0,1.92,MEDIUM,Account Ban / Suspension,True
RGT-002669,CUST-4B079F84,,Valorant,2023-03-20 15:05:31,25.0,81.2,LOW,Cheat / Hacker Report,True
RGT-001251,CUST-E365E0A1,The shop tab in the client is blank. I cannot browse or purchase anything. Tried clearing cache.,League of Legends,2023-02-08 18:58:48,13.0,0.03,MEDIUM,Client Bug / Crash,True
RGT-001700,CUST-817C392F,Blatant cheater in Diamond ranked. Please investigate account RiotUser#48378. They were toggling aimbot openly.,League of Legends,2023-03-08 02:01:21,4.0,17.68,MEDIUM,Cheat / Hacker Report,True
RGT-001253,CUST-C7E0960A,There is a blatant scripter in my ranked game. They had 0ms reaction time and perfect skill shots all game.,Teamfight Tactics,2023-06-04 16:58:53,14.0,,LOW,Cheat / Hacker Report,False
RGT-002866,CUST-E3CAA4C1,I was punished for saying 'gg ez' which is a common phrase. I disagree this violates community standards.,Legends of Runeterra,2023-08-19 18:51:31,6.0,14.0,MEDIUM,Chat Restriction Appeal,True
RGT-000080,CUST-58A844D6,I accidentally purchased the wrong champion. Can I get a refund? I only have one refund token left.,Valorant,2023-11-23 02:14:41,0.0,2.42,HIGH,Missing RP / Purchase Issue,True
RGT-001173,CUST-653899C4,I cannot log into my account. I reset my password but the 2FA code is going to an old email I lost access to.,Valorant,2023-12-31 14:52:47,2.0,,LOW,Login / 2FA Issue,False
RGT-000815,CUST-4854215C,"Bought a bundle in the store, got charged but the content never appeared in my collection.",Teamfight Tactics,2023-06-16 20:24:04,,4.88,MEDIUM,Missing RP / Purchase Issue,True
RGT-001853,CUST-8B2F9B31,Constant 'Connection Error' messages in client even though my internet is working perfectly.,Valorant,2024-06-01 17:04:33,1.0,,LOW,Client Bug / Crash,False
RGT-002221,CUST-3928726A,The shop tab in the client is blank. I cannot browse or purchase anything. Tried clearing cache.,League of Legends,2024-04-22 01:52:02,0.0,63.32,MEDIUM,Client Bug / Crash,True
RGT-002711,CUST-1D5272DD,Audio cuts out completely mid-game after around 20 minutes of play. Rolling back drivers did not fix it.,Wild Rift,2023-11-28 17:34:00,8.0,3.8,HIGH,Client Bug / Crash,True
RGT-002106,CUST-AEAB083D,Account recovery is not working. I no longer have access to the email or phone number on record.,League of Legends,2023-11-26 23:49:01,2.0,,MEDIUM,Login / 2FA Issue,False
RGT-000134,CUST-8BF6B4F0,Cheater ruined 3 games in a row. Your reporting system seems broken. They are still not banned.,Valorant,2024-03-01 08:55:18,0.0,55.97,MEDIUM,Cheat / Hacker Report,True
RGT-001141,CUST-C9A78D21,My Riot Points are missing after I topped up. I have the bank receipt. Please refund or credit my account.,Legends of Runeterra,2023-09-23 10:17:26,1.0,4.96,MEDIUM,Missing RP / Purchase Issue,True
RGT-000934,CUST-4FC4738B,Possible griefing bot detected on the enemy team. All five of them stood still in base.,Legends of Runeterra,2024-01-14 14:41:48,14.0,102.47,LOW,Cheat / Hacker Report,True
RGT-000929,CUST-34B3AB66,"After updating, all my settings were reset. Also my custom game configurations are gone.",Valorant,2024-03-03 13:06:17,1.0,,MEDIUM,Client Bug / Crash,False
RGT-000824,CUST-5B4081EE,I used 'Login with Google' but Google account is now deleted. How do I recover my Riot account?,Teamfight Tactics,2023-10-07 22:12:07,6.0,69.93,MEDIUM,Login / 2FA Issue,True
RGT-001532,CUST-FBD3774A,The game client crashes every time I enter champion select. I reinstalled but the problem persists.,Valorant,2023-05-11 22:40:00,3.0,30.31,MEDIUM,Client Bug / Crash,True
RGT-001215,CUST-E573FEE4,The new Ahri skin has a visual glitch where her tails disappear during her ultimate animation.,Teamfight Tactics,2023-07-12 13:57:51,5.0,7.38,HIGH,Champion / Skin Bug,True
RGT-000505,CUST-8E0DD361,Getting lag spikes every few minutes that last about 2 seconds. This started after last Tuesday's patch.,Valorant,2024-06-26 11:39:57,0.0,9.45,LOW,Server Latency / Lag,True
RGT-DUPE-0054,CUST-2AE5E127,"After the latest patch, my client freezes on the loading screen. I cannot get into any game.",Teamfight Tactics,2023-02-09 08:24:42,16.0,1.68,LOW,Client Bug / Crash,True
RGT-002396,CUST-01E0218A,"Bought a bundle in the store, got charged but the content never appeared in my collection.",Legends of Runeterra,2023-06-08 16:22:49,34.0,9.37,MEDIUM,Missing RP / Purchase Issue,True
RGT-001997,CUST-FA9DBD80,The Lunar New Year bundle charged me but only delivered half the content. Missing the ward skin and icon.,Legends of Runeterra,2024-06-14 13:42:04,19.0,21.23,LOW,Missing RP / Purchase Issue,True
RGT-002435,CUST-D6D08728,,League of Legends,2023-09-17 14:20:05,5.0,12.88,MEDIUM,Missing RP / Purchase Issue,True
RGT-001959,CUST-61ADFAC6,Player using Elo-boosting service. They were clearly being played by someone else based on behaviour change.,Legends of Runeterra,2023-12-18 00:01:00,14.0,,MEDIUM,Cheat / Hacker Report,False
RGT-001385,CUST-44AD1558,The game client crashes every time I enter champion select. I reinstalled but the problem persists.,Legends of Runeterra,2023-07-06 23:00:28,3.0,2.71,MEDIUM,Client Bug / Crash,True
RGT-000895,CUST-3D51023D,Chat restriction applied to my account but I have honour level 5. Seems like an error in your system.,League of Legends,2023-06-03 05:56:02,12.0,4.93,HIGH,Chat Restriction Appeal,True
RGT-000829,CUST-5B4081EE,,Wild Rift,2023-09-08 18:51:12,7.0,,MEDIUM,Account Ban / Suspension,False
RGT-DUPE-0006,CUST-3D51023D,I keep getting matched against the same scripter. Already reported in-game but they are still playing.,Legends of Runeterra,2023-11-09 22:07:25,26.0,14.7,MEDIUM,Cheat / Hacker Report,True
RGT-001684,CUST-BA4754CE,Login fails with 'incorrect password' even after a password reset. I have cleared cookies and cache.,Legends of Runeterra,2024-02-29 21:25:37,0.0,69.48,MEDIUM,Login / 2FA Issue,True
RGT-002654,CUST-5F210E14,Permanent ban issued on my account. I have 3000 hours on this game and have never violated ToS. Please help.,Valorant,2024-04-01 00:55:15,32.0,,MEDIUM,Account Ban / Suspension,False
RGT-002638,CUST-7204AB09,I purchased a champion that is currently on free rotation. I would like a refund as this was misleading.,Legends of Runeterra,2023-05-16 05:40:26,5.0,3.98,MEDIUM,Refund Request,True
RGT-002590,CUST-FE972C20,I was banned for account sharing. I let my brother play once. Is there a way to appeal this decision?,Legends of Runeterra,2023-10-17 23:03:19,35.0,2.72,HIGH,Account Ban / Suspension,True
RGT-000653,CUST-4CF66CD9,Login fails with 'incorrect password' even after a password reset. I have cleared cookies and cache.,Teamfight Tactics,2023-04-21 04:00:11,5.0,7.97,MEDIUM,Login / 2FA Issue,True
RGT-000173,CUST-725E2848,Account recovery is not working. I no longer have access to the email or phone number on record.,Wild Rift,2023-03-21 13:10:50,0.0,31.96,MEDIUM,Login / 2FA Issue,True
RGT-000039,CUST-E5A3E89B,"Purchased RP via prepaid card, entered the code but nothing was credited. Code: RITO-6E31F1.",Teamfight Tactics,2023-11-23 06:27:44,0.0,,MEDIUM,Missing RP / Purchase Issue,False
RGT-002947,CUST-5C8E2E99,I used 'Login with Google' but Google account is now deleted. How do I recover my Riot account?,Teamfight Tactics,2023-01-11 02:54:35,29.0,82.51,LOW,Login / 2FA Issue,True
RGT-000714,CUST-0DC35EE0,,Teamfight Tactics,2023-07-28 17:48:49,0.0,4.31,HIGH,Account Ban / Suspension,True
RGT-000091,CUST-2A231E0F,"After the latest patch, my client freezes on the loading screen. I cannot get into any game.",Teamfight Tactics,2023-08-29 23:08:19,0.0,247.15,LOW,Client Bug / Crash,True
RGT-DUPE-0042,CUST-522A7E0A,"My smurf account was banned, now my main account is also restricted. I do not understand what happened.",League of Legends,2023-07-01 23:53:13,9.0,5.33,HIGH,Account Ban / Suspension,True
RGT-001206,CUST-CDB94453,The Dragon Trainer Tristana skin has a missing particle effect on her W ability.,Legends of Runeterra,2023-05-27 20:03:23,15.0,40.66,LOW,Champion / Skin Bug,True
RGT-002550,CUST-7A32E5DE,Client keeps logging me out randomly. I have to re-enter my password multiple times per session.,League of Legends,2023-06-15 20:48:22,33.0,7.8,MEDIUM,Client Bug / Crash,True
RGT-002665,CUST-B8FC2778,Possible griefing bot detected on the enemy team. All five of them stood still in base.,Wild Rift,2024-05-08 13:36:08,6.0,2.39,MEDIUM,Cheat / Hacker Report,True
RGT-001828,CUST-0DC35EE0,I used 'Login with Google' but Google account is now deleted. How do I recover my Riot account?,Legends of Runeterra,2023-04-25 09:31:51,3.0,1.02,MEDIUM,Login / 2FA Issue,True
RGT-001156,CUST-3D51023D,"Hello, my account was flagged and restricted. I believe this is a false positive from your anti-cheat. I need an appeal.",Valorant,2023-02-07 08:31:52,14.0,2.47,HIGH,Account Ban / Suspension,True
RGT-001325,CUST-5F210E14,I completed my placement matches but my rank is much lower than last season. Is this expected?,League of Legends,2023-08-04 02:26:56,15.0,5.33,HIGH,Ranked & Matchmaking,True
RGT-000217,CUST-AA3F74B3,The shop tab in the client is blank. I cannot browse or purchase anything. Tried clearing cache.,Valorant,2023-03-02 20:53:42,0.0,320.14,LOW,Client Bug / Crash,True
RGT-000511,CUST-7033DBE6,I bought 3250 RP but it never showed up in my account. I was charged on my card though.,Teamfight Tactics,2024-06-06 19:29:21,0.0,68.78,MEDIUM,Missing RP / Purchase Issue,True
RGT-001681,CUST-1767AA4A,Getting a black screen on launch. The process shows in Task Manager but nothing displays.,Valorant,2024-05-08 06:18:29,26.0,1.36,HIGH,Client Bug / Crash,True
RGT-000500,CUST-BC359A86,Transaction stuck as 'pending' for 48 hours. My bank confirmed the charge went through. Please help.,League of Legends,2023-08-27 07:03:31,2.0,,MEDIUM,Missing RP / Purchase Issue,False
RGT-002556,CUST-21276DDB,I was in promo series but the server crashed mid-game. The loss was counted against me.,Legends of Runeterra,2024-01-04 18:59:13,0.0,,MEDIUM,Ranked & Matchmaking,False
RGT-001857,CUST-CE3A6577,I got permabanned for 'toxic behaviour' but all I did was mute my teammates. This seems unfair.,Legends of Runeterra,2024-02-26 15:30:42,3.0,64.52,MEDIUM,Account Ban / Suspension,True
RGT-001389,CUST-4FC4738B,This player in my last game was clearly using an aimbot. Every bullet was a headshot through smoke.,Wild Rift,2023-06-03 18:20:38,23.0,,LOW,Cheat / Hacker Report,False
RGT-001520,CUST-7A6802CC,Lost 40 LP for a game I disconnected from due to power outage. Can this be reversed?,Valorant,2023-05-06 12:43:46,0.0,10.01,MEDIUM,Ranked & Matchmaking,True
RGT-002387,CUST-357C4273,I got permabanned for 'toxic behaviour' but all I did was mute my teammates. This seems unfair.,Valorant,2023-04-16 14:56:31,2.0,28.04,LOW,Account Ban / Suspension,True
RGT-002805,CUST-5755564A,Blatant cheater in Diamond ranked. Please investigate account RiotUser#31432. They were toggling aimbot openly.,League of Legends,2023-09-10 13:38:16,4.0,2.36,HIGH,Cheat / Hacker Report,True
RGT-002077,CUST-7A32E5DE,,Legends of Runeterra,2024-03-20 09:56:57,25.0,0.93,MEDIUM,Client Bug / Crash,True
RGT-001541,CUST-0911EC11,Transaction stuck as 'pending' for 48 hours. My bank confirmed the charge went through. Please help.,League of Legends,2024-02-04 09:09:55,2.0,,MEDIUM,Missing RP / Purchase Issue,False
RGT-001218,CUST-BBD08A57,I completed my placement matches but my rank is much lower than last season. Is this expected?,League of Legends,2024-04-14 13:02:23,1.0,11.35,MEDIUM,Ranked & Matchmaking,True
RGT-001417,CUST-B0952AB3,I was punished for saying 'gg ez' which is a common phrase. I disagree this violates community standards.,Legends of Runeterra,2023-06-24 21:29:00,1.0,13.71,LOW,Chat Restriction Appeal,True
RGT-002218,CUST-ABA4C4B7,"Bought a bundle in the store, got charged but the content never appeared in my collection.",Legends of Runeterra,2023-10-09 04:29:08,27.0,,MEDIUM,Missing RP / Purchase Issue,False
RGT-002597,CUST-EC1A721E,I was in promo series but the server crashed mid-game. The loss was counted against me.,Valorant,2023-09-16 07:29:09,5.0,23.29,MEDIUM,Ranked & Matchmaking,True
RGT-001677,CUST-5B4081EE,Got a communication ban for using my native language which the filter incorrectly flagged.,Teamfight Tactics,2024-02-13 05:33:39,22.0,,HIGH,Chat Restriction Appeal,False
RGT-001198,CUST-F4EFB584,My Riot Points are missing after I topped up. I have the bank receipt. Please refund or credit my account.,Legends of Runeterra,2023-10-29 07:23:48,2.0,1.76,MEDIUM,Missing RP / Purchase Issue,True
RGT-001543,CUST-47259181,Possible griefing bot detected on the enemy team. All five of them stood still in base.,League of Legends,Jan 2023,4.0,197.53,LOW,Cheat / Hacker Report,True
RGT-000954,CUST-676E48EA,Got a communication ban for using my native language which the filter incorrectly flagged.,Valorant,2024-04-22 00:15:18,3.0,92.35,MEDIUM,Chat Restriction Appeal,True
RGT-000751,CUST-9B770A9F,I want to appeal my chat restriction. The logs being cited were from a conversation I did not start.,Wild Rift,2024-06-23 01:56:23,0.0,0.39,HIGH,Chat Restriction Appeal,True
RGT-000235,CUST-C91C1ECE,RP purchase failed but the money was deducted from my account. This is the second time this has happened.,Legends of Runeterra,2023-11-10 07:45:55,4.0,0.46,MEDIUM,Missing RP / Purchase Issue,True
RGT-000733,CUST-4FC4738B,Transaction stuck as 'pending' for 48 hours. My bank confirmed the charge went through. Please help.,Wild Rift,2023-10-20 05:02:42,10.0,148.08,LOW,Missing RP / Purchase Issue,True
RGT-ND-9022,CUST-C4731564,Game crashes on the loading screen every time.,League of Legends,2023-06-15 14:30:00,2.0,10.0,MEDIUM,Missing RP / Purchase Issue,True
RGT-001157,CUST-0BDF6CA8,Getting a black screen on launch. The process shows in Task Manager but nothing displays.,Teamfight Tactics,2023-01-25 10:00:02,2.0,,MEDIUM,Client Bug / Crash,False
RGT-002653,CUST-776C9714,I received a 14-day suspension for allegedly using scripts. I have never used any third-party software. Please investigate.,League of Legends,2024-05-20 01:33:44,2.0,50.26,MEDIUM,Account Ban / Suspension,True
RGT-002446,CUST-C4731564,The Arcane Vi skin causes my game to crash during the level-up animation. Reproducible every time.,League of Legends,2023-03-25 14:51:00,26.0,25.9,MEDIUM,Champion / Skin Bug,True
RGT-001210,CUST-725E2848,,League of Legends,2024-05-29 13:37:19,3.0,69.84,MEDIUM,Ranked & Matchmaking,True
RGT-001066,CUST-6D4766F3,I was charged twice for the same RP bundle. I see two transactions on my statement for $20.00.,Valorant,2023-03-26 10:33:45,1.0,45.33,LOW,Missing RP / Purchase Issue,True
RGT-002157,CUST-B98ACCE8,Duo partner and I are being put into the wrong queue tier. We are Diamond 2 and 3 but matched in Plat.,Wild Rift,2024-04-10 19:29:00,3.0,,HIGH,Ranked & Matchmaking,False
RGT-001063,CUST-87EA02C9,Client keeps logging me out randomly. I have to re-enter my password multiple times per session.,Teamfight Tactics,2023-04-22 13:47:42,3.0,0.21,HIGH,Client Bug / Crash,True
RGT-001168,CUST-FBD3774A,Permanent ban issued on my account. I have 3000 hours on this game and have never violated ToS. Please help.,League of Legends,2024-05-05 09:45:33,0.0,3.63,HIGH,Account Ban / Suspension,True
RGT-001493,CUST-7709DC90,This player in my last game was clearly using an aimbot. Every bullet was a headshot through smoke.,Wild Rift,2023-10-26 13:07:33,14.0,,LOW,Cheat / Hacker Report,False
RGT-002551,CUST-8AC2E438,The client update bricked my installation. Now I get error code 0xB3C5 on startup.,Legends of Runeterra,2023-07-19 14:58:05,5.0,15.27,MEDIUM,Client Bug / Crash,True
RGT-000885,CUST-2AE5E127,Got a communication ban for using my native language which the filter incorrectly flagged.,Teamfight Tactics,2024-04-29 01:52:50,10.0,,LOW,Chat Restriction Appeal,False
RGT-000144,CUST-9C6414DA,Ranked queue dodging penalty applied even though I did not dodge. I was in loading screen.,Wild Rift,2024-01-07 23:43:55,0.0,59.01,MEDIUM,Ranked & Matchmaking,True
RGT-DUPE-0029,CUST-57FBCB14,"My smurf account was banned, now my main account is also restricted. I do not understand what happened.",Wild Rift,2024-03-16 18:06:09,6.0,2.18,HIGH,Account Ban / Suspension,True
RGT-000851,CUST-6348CE13,I received a 14-day suspension for allegedly using scripts. I have never used any third-party software. Please investigate.,Teamfight Tactics,2023-08-01 15:47:01,1.0,0.64,MEDIUM,Account Ban / Suspension,True
RGT-000718,CUST-8B088BAB,I lost LP for a loss that was not my fault. My teammates went AFK in the first 5 minutes.,Teamfight Tactics,2024-02-01 22:23:33,2.0,5.8,LOW,Ranked & Matchmaking,True
RGT-002928,CUST-BC359A86,Login fails with 'incorrect password' even after a password reset. I have cleared cookies and cache.,Legends of Runeterra,2023-01-21 02:29:56,18.0,24.54,LOW,Login / 2FA Issue,True
RGT-002503,CUST-09022E87,,League of Legends,2024-06-10 21:56:00,6.0,11.54,HIGH,Cheat / Hacker Report,True
RGT-000265,CUST-3E70C00C,I was charged twice for the same RP bundle. I see two transactions on my statement for $35.00.,Wild Rift,2024-03-05 22:26:19,1.0,49.86,MEDIUM,Missing RP / Purchase Issue,True
RGT-000076,CUST-4FC4738B,"Hello, my account was flagged and restricted. I believe this is a false positive from your anti-cheat. I need an appeal.",Legends of Runeterra,2023-11-20 02:36:32,0.0,31.39,MEDIUM,Account Ban / Suspension,True
RGT-002493,CUST-1479B5E5,"After the latest patch, my client freezes on the loading screen. I cannot get into any game.",Wild Rift,2023-12-20 11:20:10,4.0,61.59,LOW,Client Bug / Crash,True
RGT-000396,CUST-2C0B0E3F,Reporting a player for using wallhacks in Valorant. Their username is Player8287. Please review game ID NA1_6695007725.,League of Legends,2023-03-27 13:01:31,2.0,1.58,HIGH,Cheat / Hacker Report,True
RGT-002625,CUST-44AD1558,Duo partner and I are being put into the wrong queue tier. We are Diamond 2 and 3 but matched in Plat.,Wild Rift,2023-11-30 15:17:29,5.0,13.87,MEDIUM,Ranked & Matchmaking,True
RGT-002225,CUST-D3A134F8,I got permabanned for 'toxic behaviour' but all I did was mute my teammates. This seems unfair.,Legends of Runeterra,2024-04-03 22:59:35,2.0,,MEDIUM,Account Ban / Suspension,False
RGT-002885,CUST-EC1A721E,This player admitted to using scripts in chat. I have a screenshot. How do I submit it?,League of Legends,2024-02-29 20:57:56,6.0,79.37,LOW,Cheat / Hacker Report,True
RGT-000397,CUST-3D51023D,Cheater ruined 3 games in a row. Your reporting system seems broken. They are still not banned.,Valorant,2023-10-28 20:21:36,2.0,1.87,HIGH,Cheat / Hacker Report,True
RGT-001366,CUST-ED59D5A1,Jinx's passive is not triggering correctly after the latest patch. The movement speed buff is inconsistent.,Valorant,2024-04-14 05:46:54,3.0,19.45,MEDIUM,Champion / Skin Bug,True
RGT-002578,CUST-66CFECED,Cheater ruined 3 games in a row. Your reporting system seems broken. They are still not banned.,Teamfight Tactics,2024-02-29 17:00:26,3.0,9.37,MEDIUM,Cheat / Hacker Report,True
RGT-001904,CUST-C8EF30A7,The shop tab in the client is blank. I cannot browse or purchase anything. Tried clearing cache.,League of Legends,2023-09-02 22:08:51,1.0,7.51,HIGH,Client Bug / Crash,True
RGT-000596,CUST-FE972C20,Constant 'Connection Error' messages in client even though my internet is working perfectly.,Teamfight Tactics,2023-08-20 17:39:33,11.0,,MEDIUM,Client Bug / Crash,False
RGT-002110,CUST-AEE4B6C8,"Bought a bundle in the store, got charged but the content never appeared in my collection.",Wild Rift,2023-10-19 12:33:44,2.0,,HIGH,Missing RP / Purchase Issue,False
RGT-001297,CUST-1767AA4A,The Lunar New Year bundle charged me but only delivered half the content. Missing the ward skin and icon.,League of Legends,2023-05-10 18:00:11,20.0,0.45,LOW,Missing RP / Purchase Issue,True
RGT-001822,CUST-09022E87,2FA is sending codes but they expire before I can enter them. Clock sync on my phone is correct.,Valorant,2024-04-25 13:20:04,2.0,8.01,HIGH,Login / 2FA Issue,True
RGT-000873,CUST-9E25788D,My son made an unauthorized purchase on my account. He is 9 years old. Please refund $50.00.,Legends of Runeterra,2023-01-30 12:57:14,2.0,,LOW,Refund Request,False
RGT-002998,CUST-3B5E48DD,Getting error UX-1 when attempting to sign in. This started after your maintenance window yesterday.,Wild Rift,2024-02-21 18:54:00,3.0,22.18,MEDIUM,Login / 2FA Issue,True
RGT-002327,CUST-9BFC5E9A,Kindred's Q ability is not applying on-hit effects correctly with the Spirit Blossom skin equipped.,Teamfight Tactics,2023-02-24 20:15:32,,2.7,HIGH,Champion / Skin Bug,True
RGT-001549,CUST-EBEF744C,I purchased the Battle Pass but didn't receive the rewards. Transaction ID: TXN-BBAEDFD2.,Legends of Runeterra,2023-06-26 04:15:48,2.0,274.08,LOW,Missing RP / Purchase Issue,True
RGT-000037,CUST-3488A6BE,My account RiotUser#91439 was permanently banned but I never cheated. Please review the ban.,Valorant,2023-06-19 07:09:12,0.0,2.5,HIGH,Account Ban / Suspension,True
RGT-002925,CUST-8BD1A21F,Possible griefing bot detected on the enemy team. All five of them stood still in base.,Legends of Runeterra,2023-04-21 14:46:52,1.0,98.17,LOW,Cheat / Hacker Report,True
RGT-002144,CUST-924F38A5,I was banned for account sharing. I let my brother play once. Is there a way to appeal this decision?,Teamfight Tactics,2024-06-13 04:10:32,2.0,29.44,LOW,Account Ban / Suspension,True
RGT-002636,CUST-6D4FBE82,I used 'Login with Google' but Google account is now deleted. How do I recover my Riot account?,League of Legends,2023-08-06 22:16:08,4.0,101.1,LOW,Login / 2FA Issue,True
RGT-000978,CUST-80A81661,I bought 3250 RP but it never showed up in my account. I was charged on my card though.,League of Legends,2023-10-15 16:23:07,0.0,3.02,MEDIUM,Missing RP / Purchase Issue,True
RGT-001572,CUST-7A32E5DE,I received a 14-day suspension for allegedly using scripts. I have never used any third-party software. Please investigate.,League of Legends,2023-07-14 01:31:07,20.0,5.53,MEDIUM,Account Ban / Suspension,True
RGT-001123,CUST-062FB9F2,Account logged in on an unrecognised device. I changed password but 2FA was not set up. How do I add it now?,Valorant,2023-07-17 02:26:29,3.0,2.74,HIGH,Login / 2FA Issue,True
RGT-002240,CUST-AD716FA9,I received a 14-day suspension for allegedly using scripts. I have never used any third-party software. Please investigate.,League of Legends,2023-03-07 07:33:55,5.0,5.85,MEDIUM,Account Ban / Suspension,True
RGT-002505,CUST-D83851D5,I was banned for account sharing. I let my brother play once. Is there a way to appeal this decision?,Wild Rift,2023-09-20 18:25:32,6.0,20.15,LOW,Account Ban / Suspension,True
RGT-001893,CUST-5F210E14,Got a chat ban that escalated to a full account suspension. The context was taken out of context. I want to appeal.,Legends of Runeterra,2023-04-30 09:09:21,22.0,0.3,MEDIUM,Account Ban / Suspension,True
RGT-000676,CUST-D5B00482,I was banned for account sharing. I let my brother play once. Is there a way to appeal this decision?,Valorant,2023-10-01 12:25:59,0.0,,LOW,Account Ban / Suspension,False
RGT-000729,CUST-3D51023D,Requesting a refund on a bundle because it was not clearly labelled that it included champions I already own.,Wild Rift,2023-12-07 22:00:04,,18.23,LOW,Refund Request,True
RGT-000413,CUST-E0EBF5E1,I was banned for account sharing. I let my brother play once. Is there a way to appeal this decision?,Legends of Runeterra,2024-02-13 21:26:17,4.0,,HIGH,Account Ban / Suspension,False
RGT-001517,CUST-FCC1534C,Got a chat ban that escalated to a full account suspension. The context was taken out of context. I want to appeal.,Legends of Runeterra,2024-04-10 01:21:41,2.0,176.56,LOW,Account Ban / Suspension,True
RGT-001650,CUST-61ADFAC6,My Pulsefire Ezreal skin's recall animation is broken. It just shows the default animation instead.,Legends of Runeterra,2024-03-10 14:55:06,12.0,1.06,MEDIUM,Champion / Skin Bug,True
RGT-000826,CUST-6578BDD6,The shop tab in the client is blank. I cannot browse or purchase anything. Tried clearing cache.,Valorant,2023-11-22 15:11:03,1.0,0.76,HIGH,Client Bug / Crash,True
RGT-000617,CUST-E7D3B17F,Kindred's Q ability is not applying on-hit effects correctly with the Spirit Blossom skin equipped.,League of Legends,2023-07-09 08:55:35,1.0,4.14,LOW,Champion / Skin Bug,True
RGT-000115,CUST-E0EBF5E1,Player using Elo-boosting service. They were clearly being played by someone else based on behaviour change.,Teamfight Tactics,2023-12-08 10:50:25,1.0,12.89,MEDIUM,Cheat / Hacker Report,True
RGT-000418,CUST-C715E320,"My MMR seems stuck. I win 8 games in a row and gain 18 LP, then lose once and drop 25 LP.",League of Legends,2024-06-18 06:19:34,,24.84,MEDIUM,Ranked & Matchmaking,True
RGT-001626,CUST-244114D7,There is a blatant scripter in my ranked game. They had 0ms reaction time and perfect skill shots all game.,Wild Rift,2024-05-29 07:56:45,5.0,5.55,LOW,Cheat / Hacker Report,True
RGT-DUPE-0025,CUST-8F1A57AC,Player using Elo-boosting service. They were clearly being played by someone else based on behaviour change.,Legends of Runeterra,2023-08-22 03:07:57,0.0,,LOW,Cheat / Hacker Report,False
RGT-000090,CUST-FE972C20,Permanent ban issued on my account. I have 3000 hours on this game and have never violated ToS. Please help.,Wild Rift,2023-11-14 12:00:49,2.0,,MEDIUM,Account Ban / Suspension,False
RGT-002083,CUST-E3190612,My account RiotUser#17022 was permanently banned but I never cheated. Please review the ban.,Legends of Runeterra,2023-10-23 06:52:17,5.0,26.72,MEDIUM,Account Ban / Suspension,True
RGT-000754,CUST-95542775,My clash tournament registration was cancelled without notification. Please refund the ticket fee.,Legends of Runeterra,2023-03-12 22:40:07,2.0,63.67,MEDIUM,Ranked & Matchmaking,True
RGT-002547,CUST-634A23A7,I was banned for account sharing. I let my brother play once. Is there a way to appeal this decision?,Teamfight Tactics,2023-10-23 20:18:47,2.0,,MEDIUM,Account Ban / Suspension,False
RGT-001631,CUST-7742CF32,Locked out of my account after too many failed login attempts. I was trying to recover access legitimately.,Teamfight Tactics,2023-01-24 13:27:50,3.0,40.44,MEDIUM,Login / 2FA Issue,True
RGT-000012,CUST-40672E0E,The client update bricked my installation. Now I get error code 0x793D on startup.,Wild Rift,2023-02-12 01:49:26,0.0,26.85,MEDIUM,Client Bug / Crash,True
RGT-002445,CUST-FE22C730,My Riot Points are missing after I topped up. I have the bank receipt. Please refund or credit my account.,Legends of Runeterra,2023/99/01 00:00,4.0,23.64,LOW,Missing RP / Purchase Issue,True
RGT-000285,CUST-53D13EEB,"My smurf account was banned, now my main account is also restricted. I do not understand what happened.",League of Legends,2024-02-07 11:04:38,1.0,8.09,MEDIUM,Account Ban / Suspension,True
RGT-001067,CUST-3F523C06,I received a 14-day suspension for allegedly using scripts. I have never used any third-party software. Please investigate.,Valorant,2024-02-03 16:30:05,2.0,280.04,LOW,Account Ban / Suspension,True
RGT-001192,CUST-46C64CC1,I called out a griefer and got chat banned while they did not. The system feels inconsistent.,League of Legends,2024-04-27 07:57:10,1.0,1.85,HIGH,Chat Restriction Appeal,True
RGT-001441,CUST-023FE7E6,"Bought a bundle in the store, got charged but the content never appeared in my collection.",Wild Rift,2023-07-18 11:23:42,15.0,14.29,MEDIUM,Missing RP / Purchase Issue,True
RGT-002887,CUST-7A32F901,This player in my last game was clearly using an aimbot. Every bullet was a headshot through smoke.,Legends of Runeterra,2024-02-28 09:32:39,2.0,44.03,LOW,Cheat / Hacker Report,True
RGT-002886,CUST-37C7A4E0,Consistent 300ms ping on EUW since the server migration. My ISP says nothing changed on their end.,Teamfight Tactics,2023-04-11 20:45:10,3.0,,HIGH,Server Latency / Lag,False
RGT-002794,CUST-7033DBE6,I purchased the Battle Pass but didn't receive the rewards. Transaction ID: TXN-4BE6D103.,Wild Rift,2023-11-02 14:26:07,5.0,1.48,HIGH,Missing RP / Purchase Issue,True
RGT-001569,CUST-1903D460,My League account got banned out of nowhere. I was just playing ranked and then I got logged out. Can you explain why?,Wild Rift,2023-02-05 05:08:55,0.0,22.92,MEDIUM,Account Ban / Suspension,True
RGT-002428,CUST-0911EC11,Getting error UX-1 when attempting to sign in. This started after your maintenance window yesterday.,Teamfight Tactics,2023-10-15 16:46:49,4.0,,MEDIUM,Login / 2FA Issue,False
RGT-002657,CUST-8389315E,Transaction stuck as 'pending' for 48 hours. My bank confirmed the charge went through. Please help.,Wild Rift,2023-02-26 22:10:04,3.0,38.22,MEDIUM,Missing RP / Purchase Issue,True
RGT-001688,CUST-4B079F84,I purchased an emote for a character I no longer play. Refund would be appreciated.,Valorant,2024-05-08 04:04:08,14.0,111.84,LOW,Refund Request,True
RGT-000852,CUST-4FC4738B,Several ability sound effects are missing for my Prestige Lux skin since the last update.,Valorant,2024-03-08 02:36:00,13.0,19.23,MEDIUM,Champion / Skin Bug,True
RGT-002208,CUST-5C8E2E99,I bought a new phone and now I cannot receive my 2FA SMS. Please help me recover access.,Valorant,2023-12-28 12:50:42,19.0,,LOW,Login / 2FA Issue,False
RGT-000896,CUST-29D019A5,My account RiotUser#68001 was permanently banned but I never cheated. Please review the ban.,Legends of Runeterra,2023-04-22 18:21:20,3.0,,MEDIUM,Account Ban / Suspension,False
RGT-000497,CUST-FE972C20,I purchased an emote for a character I no longer play. Refund would be appreciated.,League of Legends,2024-05-16 02:38:53,7.0,,MEDIUM,Refund Request,False
RGT-002306,CUST-A47EA986,Audio cuts out completely mid-game after around 20 minutes of play. Rolling back drivers did not fix it.,Teamfight Tactics,2024-02-13 09:09:10,8.0,55.66,LOW,Client Bug / Crash,True
RGT-001783,CUST-78B52439,Getting error UX-1 when attempting to sign in. This started after your maintenance window yesterday.,Wild Rift,2024-01-26 10:34:05,0.0,257.57,LOW,Login / 2FA Issue,True
RGT-000336,CUST-2AE5E127,"My MMR seems stuck. I win 8 games in a row and gain 18 LP, then lose once and drop 25 LP.",Wild Rift,2023-01-21 08:22:12,4.0,,LOW,Ranked & Matchmaking,False
RGT-000516,CUST-CDB94453,My account RiotUser#83303 was permanently banned but I never cheated. Please review the ban.,Wild Rift,2023-11-16 07:36:31,4.0,6.37,MEDIUM,Account Ban / Suspension,True
RGT-001349,CUST-59C64C72,"My smurf account was banned, now my main account is also restricted. I do not understand what happened.",Wild Rift,2024-06-23 09:38:45,4.0,25.39,MEDIUM,Account Ban / Suspension,True
RGT-001016,CUST-E5A3E89B,Blatant cheater in Diamond ranked. Please investigate account RiotUser#22594. They were toggling aimbot openly.,Legends of Runeterra,2023-02-05 13:50:16,3.0,140.44,LOW,Cheat / Hacker Report,True
RGT-002894,CUST-6D24F86E,My Riot Points are missing after I topped up. I have the bank receipt. Please refund or credit my account.,League of Legends,2024-04-06 00:51:21,1.0,27.42,LOW,Missing RP / Purchase Issue,True
RGT-DUPE-0043,CUST-050C71EC,,Wild Rift,2023-03-06 00:23:32,1.0,8.37,MEDIUM,Cheat / Hacker Report,True
RGT-001782,CUST-C1D53100,I lost LP for a loss that was not my fault. My teammates went AFK in the first 5 minutes.,Legends of Runeterra,2023-05-22 07:23:59,2.0,,HIGH,Ranked & Matchmaking,False
RGT-002570,CUST-ABA4C4B7,Lost 40 LP for a game I disconnected from due to power outage. Can this be reversed?,Valorant,2023-11-19 11:52:03,32.0,33.19,MEDIUM,Ranked & Matchmaking,True
RGT-001786,CUST-E365E0A1,Login fails with 'incorrect password' even after a password reset. I have cleared cookies and cache.,Legends of Runeterra,2024-01-31 07:19:27,17.0,1.21,LOW,Login / 2FA Issue,True
RGT-002071,CUST-02DB9C8D,Lost 40 LP for a game I disconnected from due to power outage. Can this be reversed?,Legends of Runeterra,2024-02-18 19:55:45,1.0,,LOW,Ranked & Matchmaking,False
RGT-000357,CUST-75103BB2,I purchased a champion that is currently on free rotation. I would like a refund as this was misleading.,Legends of Runeterra,2024-04-06 14:19:24,0.0,147.94,LOW,Refund Request,True
RGT-002938,CUST-F1508A4C,"My smurf account was banned, now my main account is also restricted. I do not understand what happened.",Legends of Runeterra,2023-09-12 22:01:02,3.0,1.09,HIGH,Account Ban / Suspension,True
RGT-001313,CUST-87EA02C9,Possible griefing bot detected on the enemy team. All five of them stood still in base.,Wild Rift,2023-12-06 11:38:19,4.0,1.58,HIGH,Cheat / Hacker Report,True
RGT-001636,CUST-DA68868E,Account banned with no explanation. I spent over $500 on this account. Please look into this immediately.,League of Legends,2024-03-03 06:40:45,2.0,16.53,HIGH,Account Ban / Suspension,True
RGT-000551,CUST-5898BB05,"Bought a bundle in the store, got charged but the content never appeared in my collection.",Valorant,2023-09-13 07:13:22,,0.58,HIGH,Missing RP / Purchase Issue,True
RGT-002389,CUST-62F89721,I received a 25-game chat restriction for a single game where I was defending myself. This is disproportionate.,Teamfight Tactics,2023-11-26 02:06:59,3.0,5.22,MEDIUM,Chat Restriction Appeal,True
RGT-002480,CUST-4CF66CD9,Lost 40 LP for a game I disconnected from due to power outage. Can this be reversed?,Wild Rift,2023-08-05 02:06:45,37.0,4.79,LOW,Ranked & Matchmaking,True
RGT-002522,CUST-17B12739,Duo partner and I are being put into the wrong queue tier. We are Diamond 2 and 3 but matched in Plat.,Wild Rift,2024-06-18 19:09:31,4.0,45.54,LOW,Ranked & Matchmaking,True
RGT-002266,CUST-8F1A57AC,Duo partner and I are being put into the wrong queue tier. We are Diamond 2 and 3 but matched in Plat.,Valorant,2024-05-25 06:11:09,1.0,2.13,MEDIUM,Ranked & Matchmaking,True
RGT-001228,CUST-CA66E01A,I received a 14-day suspension for allegedly using scripts. I have never used any third-party software. Please investigate.,Valorant,2024-05-25 22:00:36,2.0,,LOW,Account Ban / Suspension,False
RGT-002763,CUST-ABA4C4B7,The shop tab in the client is blank. I cannot browse or purchase anything. Tried clearing cache.,Wild Rift,2024-01-29 19:19:32,35.0,,MEDIUM,Client Bug / Crash,True
RGT-000958,CUST-9F4F5767,Ranked queue dodging penalty applied even though I did not dodge. I was in loading screen.,Wild Rift,2024-06-17 05:08:29,2.0,10.95,HIGH,Ranked & Matchmaking,True
RGT-001774,CUST-5B4081EE,Reporting a player for using wallhacks in Valorant. Their username is Player2443. Please review game ID NA1_1844570258.,Valorant,2023-10-04 19:00:11,23.0,1.8,HIGH,Cheat / Hacker Report,True
RGT-002142,CUST-5F210E14,I want to appeal my chat restriction. The logs being cited were from a conversation I did not start.,Legends of Runeterra,2023-02-04 23:52:37,27.0,,MEDIUM,Chat Restriction Appeal,False
RGT-001009,CUST-2AE5E127,Audio cuts out completely mid-game after around 20 minutes of play. Rolling back drivers did not fix it.,League of Legends,2024-02-08 00:21:43,14.0,82.11,LOW,Client Bug / Crash,True
RGT-001093,CUST-B33E8B23,,League of Legends,2023-09-04 12:20:04,0.0,0.29,HIGH,Chat Restriction Appeal,True
RGT-002757,CUST-023FE7E6,"After the latest patch, my client freezes on the loading screen. I cannot get into any game.",Teamfight Tactics,2023-09-29 19:26:11,27.0,4.53,HIGH,Client Bug / Crash,True
RGT-000997,CUST-4B1AF024,Locked out of my account after too many failed login attempts. I was trying to recover access legitimately.,League of Legends,2023-09-22 05:25:45,0.0,7.68,HIGH,Login / 2FA Issue,True
RGT-001680,CUST-5F210E14,The client update bricked my installation. Now I get error code 0xB24D on startup.,Valorant,2023-05-11 14:30:33,17.0,52.21,MEDIUM,Client Bug / Crash,True
RGT-000154,CUST-B49CB959,I purchased the Battle Pass but didn't receive the rewards. Transaction ID: TXN-FC2E266F.,Valorant,2024-04-15 01:09:46,0.0,105.51,LOW,Missing RP / Purchase Issue,True
RGT-002868,CUST-3D51023D,Got a chat ban that escalated to a full account suspension. The context was taken out of context. I want to appeal.,Valorant,2023-10-29 15:42:00,33.0,6.82,MEDIUM,Account Ban / Suspension,True
RGT-000581,CUST-1767AA4A,"After updating, all my settings were reset. Also my custom game configurations are gone.",Valorant,2024-06-29 19:58:00,11.0,40.94,LOW,Client Bug / Crash,True
RGT-001471,CUST-B98ACCE8,I was charged twice for the same RP bundle. I see two transactions on my statement for $50.00.,League of Legends,2023-07-11 20:46:27,2.0,7.24,LOW,Missing RP / Purchase Issue,True
RGT-000704,CUST-1962F4A0,I called out a griefer and got chat banned while they did not. The system feels inconsistent.,Wild Rift,2023-01-17 15:43:52,4.0,,LOW,Chat Restriction Appeal,False
RGT-001213,CUST-4CF66CD9,I lost LP for a loss that was not my fault. My teammates went AFK in the first 5 minutes.,Wild Rift,2024-04-07 01:11:42,14.0,6.3,MEDIUM,Ranked & Matchmaking,True
RGT-000897,CUST-FBEEE1AE,Kindred's Q ability is not applying on-hit effects correctly with the Spirit Blossom skin equipped.,League of Legends,2024-05-12 13:33:21,1.0,8.06,MEDIUM,Champion / Skin Bug,True
RGT-000488,CUST-E5F60461,Constant 'Connection Error' messages in client even though my internet is working perfectly.,Teamfight Tactics,2024-03-04 14:02:01,0.0,26.95,LOW,Client Bug / Crash,True
RGT-000560,CUST-3E0E8F3E,,Wild Rift,2024-06-21 08:46:21,2.0,1.44,HIGH,Account Ban / Suspension,True
RGT-001142,CUST-7709DC90,I bought 3250 RP but it never showed up in my account. I was charged on my card though.,Wild Rift,2023-04-07 18:08:26,11.0,22.99,MEDIUM,Missing RP / Purchase Issue,True
RGT-001120,CUST-7709DC90,Reporting a player for using wallhacks in Valorant. Their username is Player1634. Please review game ID NA1_1890000799.,League of Legends,2023-06-28 12:43:55,9.0,0.42,HIGH,Cheat / Hacker Report,True
RGT-000513,CUST-C4731564,I was charged twice for the same RP bundle. I see two transactions on my statement for $10.00.,League of Legends,2024-05-01 05:23:12,8.0,,LOW,Missing RP / Purchase Issue,False
RGT-000634,CUST-7033DBE6,My chat restriction ended but I am still unable to type in-game. There seems to be a bug.,Wild Rift,2023-03-09 16:55:24,1.0,2.76,HIGH,Chat Restriction Appeal,True
RGT-002664,CUST-EC2A6BF7,I purchased an emote for a character I no longer play. Refund would be appreciated.,Teamfight Tactics,2024-04-10 05:28:47,2.0,1.72,HIGH,Refund Request,True
RGT-001665,CUST-817C392F,Locked out of my account after too many failed login attempts. I was trying to recover access legitimately.,Legends of Runeterra,2023-02-14 06:55:50,3.0,50.71,MEDIUM,Login / 2FA Issue,True
RGT-001013,CUST-FCE6357F,My League account got banned out of nowhere. I was just playing ranked and then I got logged out. Can you explain why?,Legends of Runeterra,2024-05-26 07:29:10,0.0,52.32,LOW,Account Ban / Suspension,True
RGT-001932,CUST-99C8CDE3,I keep getting matched against the same scripter. Already reported in-game but they are still playing.,League of Legends,2024-03-12 11:06:30,4.0,2.77,HIGH,Cheat / Hacker Report,True
RGT-001151,CUST-375F8B4C,2FA is sending codes but they expire before I can enter them. Clock sync on my phone is correct.,Valorant,2024-04-17 10:25:05,2.0,,LOW,Login / 2FA Issue,False
RGT-002891,CUST-244114D7,The game client crashes every time I enter champion select. I reinstalled but the problem persists.,Legends of Runeterra,2024-05-21 03:53:19,6.0,6.54,MEDIUM,Client Bug / Crash,True
RGT-000117,CUST-C91C1ECE,My Riot Points are missing after I topped up. I have the bank receipt. Please refund or credit my account.,Legends of Runeterra,2023-08-28 15:36:41,2.0,16.51,MEDIUM,Missing RP / Purchase Issue,True
RGT-000741,CUST-C7E0960A,I bought 3250 RP but it never showed up in my account. I was charged on my card though.,Valorant,2023-05-02 21:40:34,11.0,,MEDIUM,Missing RP / Purchase Issue,False
RGT-002847,CUST-9A387166,I purchased an emote for a character I no longer play. Refund would be appreciated.,League of Legends,2023-01-26 14:10:46,2.0,1.63,MEDIUM,Refund Request,True
RGT-001975,CUST-5755564A,I was banned for account sharing. I let my brother play once. Is there a way to appeal this decision?,Teamfight Tactics,2023-04-08 19:22:52,2.0,8.63,HIGH,Account Ban / Suspension,True
RGT-001082,CUST-99C8CDE3,My League account got banned out of nowhere. I was just playing ranked and then I got logged out. Can you explain why?,Teamfight Tactics,2024-04-19 21:05:15,1.0,25.08,LOW,Account Ban / Suspension,True
RGT-001811,CUST-82170E57,RP purchase failed but the money was deducted from my account. This is the second time this has happened.,Legends of Runeterra,2023-11-14 12:17:20,2.0,12.36,MEDIUM,Missing RP / Purchase Issue,True
RGT-000831,CUST-B703A4B4,I got permabanned for 'toxic behaviour' but all I did was mute my teammates. This seems unfair.,Valorant,2024-05-28 13:41:43,1.0,3.77,MEDIUM,Account Ban / Suspension,True
RGT-000120,CUST-5755564A,Account banned with no explanation. I spent over $500 on this account. Please look into this immediately.,Wild Rift,2023-01-31 05:24:32,0.0,10.61,LOW,Account Ban / Suspension,True
RGT-000657,CUST-49AFD844,Transaction stuck as 'pending' for 48 hours. My bank confirmed the charge went through. Please help.,League of Legends,2023-07-14 06:04:27,2.0,4.56,MEDIUM,Missing RP / Purchase Issue,True
RGT-002816,CUST-62EA2453,Matchmaking is putting me against players 3 tiers above me. This has been happening all week.,Teamfight Tactics,2024-02-06 14:59:58,5.0,8.94,MEDIUM,Ranked & Matchmaking,True
RGT-002775,CUST-57FBCB14,"My smurf account was banned, now my main account is also restricted. I do not understand what happened.",Valorant,2023-09-02 05:28:11,23.0,,MEDIUM,Account Ban / Suspension,False
RGT-DUPE-0018,CUST-82487C44,I keep getting matched against the same scripter. Already reported in-game but they are still playing.,Teamfight Tactics,2023-06-07 06:31:22,5.0,1.88,LOW,Cheat / Hacker Report,True
RGT-000636,CUST-3FEAC054,"After updating, all my settings were reset. Also my custom game configurations are gone.",Teamfight Tactics,2023-11-17 22:29:55,0.0,2.82,HIGH,Client Bug / Crash,True
RGT-000370,CUST-AB8C24EE,Getting a black screen on launch. The process shows in Task Manager but nothing displays.,Teamfight Tactics,2024-01-14 00:46:13,0.0,,LOW,Client Bug / Crash,False
RGT-000269,CUST-E47BC5B5,,League of Legends,2023-12-26 12:07:08,1.0,14.15,MEDIUM,Missing RP / Purchase Issue,True
RGT-000047,CUST-4CF66CD9,This player admitted to using scripts in chat. I have a screenshot. How do I submit it?,Legends of Runeterra,2023-03-19 01:50:52,0.0,70.77,MEDIUM,Cheat / Hacker Report,True
RGT-000992,CUST-C91C1ECE,I want to appeal my chat restriction. The logs being cited were from a conversation I did not start.,Teamfight Tactics,2024-05-28 15:18:45,16.0,57.87,LOW,Chat Restriction Appeal,True
RGT-000877,CUST-6D4766F3,My League account got banned out of nowhere. I was just playing ranked and then I got logged out. Can you explain why?,Teamfight Tactics,2024-03-16 08:48:11,0.0,9.17,LOW,Account Ban / Suspension,True
RGT-000774,CUST-EBC9FA07,I purchased an emote for a character I no longer play. Refund would be appreciated.,Legends of Runeterra,2023-10-09 09:23:48,0.0,9.97,MEDIUM,Refund Request,True
RGT-001220,CUST-F00A34C2,My Riot Points are missing after I topped up. I have the bank receipt. Please refund or credit my account.,Teamfight Tactics,2024-06-17 19:08:40,1.0,23.08,MEDIUM,Missing RP / Purchase Issue,True
RGT-001127,CUST-121B8EE4,Got a chat ban that escalated to a full account suspension. The context was taken out of context. I want to appeal.,League of Legends,2023-06-23 17:42:39,2.0,75.18,LOW,Account Ban / Suspension,True
RGT-000005,CUST-789EB511,This player in my last game was clearly using an aimbot. Every bullet was a headshot through smoke.,Wild Rift,2023-06-20 08:26:06,0.0,426.53,LOW,Cheat / Hacker Report,True
RGT-001596,CUST-5B4081EE,The Lunar New Year bundle charged me but only delivered half the content. Missing the ward skin and icon.,League of Legends,2023-07-13 19:05:02,20.0,73.84,LOW,Missing RP / Purchase Issue,True
RGT-002312,CUST-01E0218A,My League account got banned out of nowhere. I was just playing ranked and then I got logged out. Can you explain why?,Wild Rift,2024-03-25 18:31:47,30.0,14.35,MEDIUM,Account Ban / Suspension,True
RGT-002959,CUST-85BFB1BD,Locked out of my account after too many failed login attempts. I was trying to recover access legitimately.,League of Legends,2023-07-12 18:43:00,3.0,48.16,MEDIUM,Login / 2FA Issue,True
RGT-002492,CUST-7709DC90,Matchmaking is putting me against players 3 tiers above me. This has been happening all week.,League of Legends,2023-05-12 05:05:48,25.0,20.13,LOW,Ranked & Matchmaking,True
RGT-001078,CUST-5C8E2E99,Someone is ddosing our team. Two of my teammates disconnected within seconds of each other.,League of Legends,2023-06-02 05:29:42,10.0,55.8,LOW,Cheat / Hacker Report,True
RGT-000838,CUST-8071B213,I used my last refund token on an item I now see is in the next sale. Can I have an exception?,Valorant,2023-11-15 17:57:15,1.0,3.63,MEDIUM,Refund Request,True
RGT-000682,CUST-D3C24607,FPS dropping from 200 to single digits every few minutes since patch 13.2. My hardware is fine.,Wild Rift,2024-01-15 07:48:37,1.0,1.46,HIGH,Client Bug / Crash,True
RGT-001716,CUST-5F210E14,I got permabanned for 'toxic behaviour' but all I did was mute my teammates. This seems unfair.,Wild Rift,2024-04-11 18:48:31,20.0,36.39,LOW,Account Ban / Suspension,True
RGT-002353,CUST-0BDF6CA8,Transaction stuck as 'pending' for 48 hours. My bank confirmed the charge went through. Please help.,Wild Rift,2024-01-20 12:57:59,6.0,,MEDIUM,Missing RP / Purchase Issue,False
RGT-002618,CUST-A7BEC292,I received a 14-day suspension for allegedly using scripts. I have never used any third-party software. Please investigate.,Teamfight Tactics,2023-03-23 09:24:17,4.0,11.09,MEDIUM,Account Ban / Suspension,True
RGT-002362,CUST-5C8E2E99,Getting a black screen on launch. The process shows in Task Manager but nothing displays.,Valorant,2023-11-17 16:26:43,21.0,183.5,LOW,Client Bug / Crash,True
RGT-002198,CUST-49AFD844,FPS dropping from 200 to single digits every few minutes since patch 13.16. My hardware is fine.,Teamfight Tactics,2023-01-15 17:10:15,5.0,29.16,MEDIUM,Client Bug / Crash,True
RGT-001149,CUST-8E33334C,I got permabanned for 'toxic behaviour' but all I did was mute my teammates. This seems unfair.,Wild Rift,2023-12-05 11:58:30,-5.0,21.89,LOW,Account Ban / Suspension,True
RGT-000575,CUST-DE92DE08,"Bought a bundle in the store, got charged but the content never appeared in my collection.",League of Legends,2023-10-20 14:21:28,1.0,4.36,LOW,Missing RP / Purchase Issue,True
RGT-000051,CUST-61ADFAC6,The new Ahri skin has a visual glitch where her tails disappear during her ultimate animation.,Legends of Runeterra,2023-05-21 23:12:10,0.0,416.96,LOW,Champion / Skin Bug,True
RGT-000854,CUST-47E2D332,"Purchased RP via prepaid card, entered the code but nothing was credited. Code: RITO-28CC89.",Valorant,2024-04-14 05:05:00,0.0,18.62,LOW,Missing RP / Purchase Issue,True
RGT-001983,CUST-28722E20,,Valorant,2023-10-17 18:43:37,,26.77,MEDIUM,Login / 2FA Issue,True
RGT-001824,CUST-E365E0A1,Getting error UX-1 when attempting to sign in. This started after your maintenance window yesterday.,Teamfight Tactics,2023-02-15 00:03:19,18.0,5.54,MEDIUM,Login / 2FA Issue,True
RGT-000834,CUST-C7E0960A,I was banned for account sharing. I let my brother play once. Is there a way to appeal this decision?,Wild Rift,2024-05-13 21:12:13,12.0,0.62,MEDIUM,Account Ban / Suspension,True
RGT-001116,CUST-F98E071F,I purchased an emote for a character I no longer play. Refund would be appreciated.,League of Legends,2023-02-16 20:14:26,2.0,13.1,LOW,Refund Request,True
RGT-001167,CUST-E365E0A1,My Pulsefire Ezreal skin's recall animation is broken. It just shows the default animation instead.,Wild Rift,2023-04-24 04:09:02,12.0,3.1,MEDIUM,Champion / Skin Bug,True
RGT-002519,CUST-2D0C0D55,I bought a new phone and now I cannot receive my 2FA SMS. Please help me recover access.,Legends of Runeterra,2023-12-25 09:53:59,2.0,43.44,MEDIUM,Login / 2FA Issue,True
RGT-001907,CUST-1C0F3B84,I got permabanned for 'toxic behaviour' but all I did was mute my teammates. This seems unfair.,League of Legends,2023-06-15 04:38:42,1.0,1.72,MEDIUM,Account Ban / Suspension,True
RGT-000972,CUST-6843F2D2,Cheater ruined 3 games in a row. Your reporting system seems broken. They are still not banned.,Legends of Runeterra,2024-05-08 09:04:25,2.0,7.46,MEDIUM,Cheat / Hacker Report,True
RGT-002702,CUST-DE92DE08,My League account got banned out of nowhere. I was just playing ranked and then I got logged out. Can you explain why?,Wild Rift,2024-02-17 09:34:31,4.0,,MEDIUM,Account Ban / Suspension,False
RGT-000400,CUST-2C90108F,"My smurf account was banned, now my main account is also restricted. I do not understand what happened.",Valorant,2024-01-01 13:36:03,0.0,31.74,MEDIUM,Account Ban / Suspension,True
RGT-002560,CUST-D24EC8EF,I was banned for account sharing. I let my brother play once. Is there a way to appeal this decision?,Wild Rift,2024-03-13 01:57:02,3.0,69.03,MEDIUM,Account Ban / Suspension,True
RGT-002369,CUST-4CF66CD9,My account RiotUser#34063 was permanently banned but I never cheated. Please review the ban.,League of Legends,2023-03-29 07:13:48,35.0,4.85,MEDIUM,Account Ban / Suspension,True
RGT-000020,CUST-89D7ECA0,"My MMR seems stuck. I win 8 games in a row and gain 18 LP, then lose once and drop 25 LP.",Teamfight Tactics,2023-04-12 14:39:18,0.0,24.33,MEDIUM,Ranked & Matchmaking,True
RGT-000685,CUST-62F89721,I accidentally purchased the wrong champion. Can I get a refund? I only have one refund token left.,Valorant,2023-05-23 10:18:18,1.0,11.32,MEDIUM,Missing RP / Purchase Issue,True
RGT-000036,CUST-9290DF1B,Possible griefing bot detected on the enemy team. All five of them stood still in base.,Wild Rift,2023-06-24 03:48:14,0.0,25.21,MEDIUM,Cheat / Hacker Report,True
RGT-002915,CUST-492466D9,There is a blatant scripter in my ranked game. They had 0ms reaction time and perfect skill shots all game.,Teamfight Tactics,2024-01-13 23:05:08,4.0,3.73,HIGH,Cheat / Hacker Report,True
RGT-000525,CUST-C7E0960A,Matchmaking is putting me against players 3 tiers above me. This has been happening all week.,Legends of Runeterra,2023-10-18 16:37:28,,,LOW,Ranked & Matchmaking,False
RGT-002456,CUST-9B770A9F,There is a blatant scripter in my ranked game. They had 0ms reaction time and perfect skill shots all game.,Wild Rift,2023-01-01 17:55:11,5.0,44.37,LOW,Cheat / Hacker Report,True
RGT-000921,CUST-09022E87,Jinx's passive is not triggering correctly after the latest patch. The movement speed buff is inconsistent.,Valorant,not-a-date,0.0,34.58,LOW,Champion / Skin Bug,True
RGT-001842,CUST-44AD1558,I got permabanned for 'toxic behaviour' but all I did was mute my teammates. This seems unfair.,Legends of Runeterra,2024-02-02 11:27:06,4.0,19.99,MEDIUM,Account Ban / Suspension,True
RGT-001891,CUST-66CFECED,Cheater ruined 3 games in a row. Your reporting system seems broken. They are still not banned.,League of Legends,2023-02-07 21:58:07,1.0,59.48,MEDIUM,Cheat / Hacker Report,True
RGT-000538,CUST-47259181,I was banned for account sharing. I let my brother play once. Is there a way to appeal this decision?,Wild Rift,2023-06-06 16:00:41,2.0,0.18,MEDIUM,Account Ban / Suspension,True
RGT-001706,CUST-740AC09D,My clash tournament registration was cancelled without notification. Please refund the ticket fee.,League of Legends,2023-04-24 13:17:04,4.0,1.1,HIGH,Ranked & Matchmaking,True
RGT-DUPE-0017,CUST-E573FEE4,I bought 3250 RP but it never showed up in my account. I was charged on my card though.,Teamfight Tactics,2023-04-10 13:21:04,8.0,9.53,HIGH,Missing RP / Purchase Issue,True
RGT-000246,CUST-817C392F,Cheater ruined 3 games in a row. Your reporting system seems broken. They are still not banned.,Wild Rift,2024-05-22 11:45:20,0.0,0.43,MEDIUM,Cheat / Hacker Report,True
RGT-000785,CUST-9FDC861E,I got permabanned for 'toxic behaviour' but all I did was mute my teammates. This seems unfair.,Wild Rift,2023-09-10 03:08:50,3.0,6.0,MEDIUM,Account Ban / Suspension,True
RGT-001410,CUST-AEE4B6C8,,Valorant,2024-01-20 19:57:46,1.0,7.06,HIGH,Account Ban / Suspension,True
RGT-002538,CUST-1D9D8E56,"After the latest patch, my client freezes on the loading screen. I cannot get into any game.",Legends of Runeterra,2023-01-26 21:20:28,6.0,3.22,HIGH,Client Bug / Crash,True
RGT-000155,CUST-6348CE13,The Dragon Trainer Tristana skin has a missing particle effect on her W ability.,Teamfight Tactics,2024-04-25 11:50:09,0.0,8.4,MEDIUM,Champion / Skin Bug,True
RGT-001687,CUST-DA68868E,There is a blatant scripter in my ranked game. They had 0ms reaction time and perfect skill shots all game.,Teamfight Tactics,2023-01-07 08:40:58,3.0,1.26,MEDIUM,Cheat / Hacker Report,True
RGT-000626,CUST-817C392F,Matchmaking is putting me against players 3 tiers above me. This has been happening all week.,Wild Rift,2023-03-03 08:32:30,1.0,6.75,MEDIUM,Ranked & Matchmaking,True
RGT-002963,CUST-740AC09D,Permanent ban issued on my account. I have 3000 hours on this game and have never violated ToS. Please help.,League of Legends,2023-08-14 21:22:02,6.0,,HIGH,Account Ban / Suspension,False
RGT-001347,CUST-138F8363,FPS dropping from 200 to single digits every few minutes since patch 14.9. My hardware is fine.,Valorant,2024-03-22 02:24:13,1.0,2.09,HIGH,Client Bug / Crash,True
RGT-000570,CUST-050C71EC,Permanent ban issued on my account. I have 3000 hours on this game and have never violated ToS. Please help.,League of Legends,,2.0,4.19,MEDIUM,Account Ban / Suspension,True
RGT-DUPE-0019,CUST-5A8BFDA6,Blatant cheater in Diamond ranked. Please investigate account RiotUser#79462. They were toggling aimbot openly.,Teamfight Tactics,2023-06-03 07:03:06,2.0,11.12,HIGH,Cheat / Hacker Report,True
RGT-001759,CUST-F98E071F,I was charged twice for the same RP bundle. I see two transactions on my statement for $50.00.,Valorant,2023-08-04 17:52:53,3.0,32.19,MEDIUM,Missing RP / Purchase Issue,True
RGT-001817,CUST-D6D08728,"Purchased RP via prepaid card, entered the code but nothing was credited. Code: RITO-3F0B3F.",Teamfight Tactics,2024-02-23 03:12:53,4.0,5.79,MEDIUM,Missing RP / Purchase Issue,True
RGT-002066,CUST-BC359A86,"Bought a bundle in the store, got charged but the content never appeared in my collection.",Wild Rift,2024-06-06 21:18:47,11.0,7.97,HIGH,Missing RP / Purchase Issue,True
RGT-000128,CUST-3780263D,This player admitted to using scripts in chat. I have a screenshot. How do I submit it?,Valorant,2023-02-15 22:52:13,1.0,57.25,MEDIUM,Cheat / Hacker Report,True
RGT-ND-9007,CUST-5865892D,My credit card was billed twice for a single purchase.,League of Legends,2023-06-15 14:30:00,2.0,10.0,MEDIUM,Missing RP / Purchase Issue,True
RGT-002007,CUST-2AE5E127,My League account got banned out of nowhere. I was just playing ranked and then I got logged out. Can you explain why?,Legends of Runeterra,2024-04-21 11:35:17,23.0,22.91,LOW,Account Ban / Suspension,True
RGT-000981,CUST-E573FEE4,I purchased a champion that is currently on free rotation. I would like a refund as this was misleading.,Legends of Runeterra,2023-05-12 23:48:23,3.0,54.57,MEDIUM,Refund Request,True
RGT-ND-9004,CUST-B46EEE4B,I was charged twice for the same order.,League of Legends,2023-06-15 14:30:00,2.0,10.0,MEDIUM,Missing RP / Purchase Issue,True
RGT-000191,CUST-CE5E5E24,"My smurf account was banned, now my main account is also restricted. I do not understand what happened.",League of Legends,2023-10-17 13:38:52,1.0,9.16,LOW,Account Ban / Suspension,True
RGT-001140,CUST-544343F1,Cheater ruined 3 games in a row. Your reporting system seems broken. They are still not banned.,Legends of Runeterra,2023-03-29 17:28:11,2.0,63.58,LOW,Cheat / Hacker Report,True
RGT-000993,CUST-E1906887,My Riot Points are missing after I topped up. I have the bank receipt. Please refund or credit my account.,Legends of Runeterra,2023-07-10 18:14:49,0.0,210.93,LOW,Missing RP / Purchase Issue,True
RGT-000700,CUST-5C8E2E99,My son made an unauthorized purchase on my account. He is 9 years old. Please refund $35.00.,Legends of Runeterra,2023-12-07 21:16:48,7.0,13.39,MEDIUM,Refund Request,True
RGT-000607,CUST-A6E2586F,I was banned for account sharing. I let my brother play once. Is there a way to appeal this decision?,Valorant,2024-02-19 10:14:01,0.0,91.85,LOW,Account Ban / Suspension,True
RGT-000181,CUST-FA9DBD80,I used 'Login with Google' but Google account is now deleted. How do I recover my Riot account?,Wild Rift,2023-09-01 09:17:41,1.0,32.99,LOW,Login / 2FA Issue,True
RGT-000302,CUST-FE22C730,My Riot Points are missing after I topped up. I have the bank receipt. Please refund or credit my account.,Valorant,2023-12-12 12:30:38,1.0,3.48,MEDIUM,Missing RP / Purchase Issue,True
RGT-002545,CUST-8A8F6164,This player admitted to using scripts in chat. I have a screenshot. How do I submit it?,Teamfight Tactics,2024-03-17 13:48:08,7.0,,HIGH,Cheat / Hacker Report,False
RGT-002861,CUST-A6E2586F,I purchased an emote for a character I no longer play. Refund would be appreciated.,Valorant,2023-05-04 21:06:27,3.0,78.07,LOW,Refund Request,True
RGT-001061,CUST-4CF66CD9,My Riot Points are missing after I topped up. I have the bank receipt. Please refund or credit my account.,League of Legends,2023-10-31 10:40:19,13.0,,MEDIUM,Missing RP / Purchase Issue,False
RGT-ND-9002,CUST-C4731564,I was charged twice for the same order.,League of Legends,2023-06-15 14:30:00,2.0,10.0,MEDIUM,Missing RP / Purchase Issue,True
RGT-002965,CUST-BBD72111,The client update bricked my installation. Now I get error code 0xB061 on startup.,Wild Rift,2023-06-24 09:58:58,2.0,31.0,MEDIUM,Client Bug / Crash,True
RGT-002566,CUST-3D51023D,I used 'Login with Google' but Google account is now deleted. How do I recover my Riot account?,Teamfight Tactics,2024-05-17 13:59:40,28.0,3.57,HIGH,Login / 2FA Issue,True
RGT-001070,CUST-6D4766F3,I was banned for account sharing. I let my brother play once. Is there a way to appeal this decision?,Wild Rift,2024-05-11 08:59:16,2.0,0.39,HIGH,Account Ban / Suspension,True
RGT-002525,CUST-FBEEE1AE,I was banned for account sharing. I let my brother play once. Is there a way to appeal this decision?,Wild Rift,2023-05-03 09:24:52,3.0,95.22,MEDIUM,Account Ban / Suspension,True
RGT-002206,CUST-0909E3ED,I was charged twice for the same RP bundle. I see two transactions on my statement for $20.00.,League of Legends,not-a-date,2.0,6.13,HIGH,Missing RP / Purchase Issue,True
RGT-001244,CUST-BC3F6430,I completed my placement matches but my rank is much lower than last season. Is this expected?,Wild Rift,2023-07-15 06:56:24,3.0,20.18,MEDIUM,Ranked & Matchmaking,True
RGT-000017,CUST-C14D0497,"After updating, all my settings were reset. Also my custom game configurations are gone.",Wild Rift,2023-04-12 15:44:52,0.0,26.73,MEDIUM,Client Bug / Crash,True
RGT-ND-9010,CUST-7A32E5DE,Cannot log into my account after password reset.,League of Legends,2023-06-15 14:30:00,2.0,10.0,MEDIUM,Missing RP / Purchase Issue,True
RGT-000547,CUST-0A3C71EC,Transaction stuck as 'pending' for 48 hours. My bank confirmed the charge went through. Please help.,Valorant,2023-05-15 20:32:25,0.0,0.36,MEDIUM,Missing RP / Purchase Issue,True
RGT-000659,CUST-5EC9CA7E,Account banned with no explanation. I spent over $500 on this account. Please look into this immediately.,Valorant,2024-04-14 01:10:41,0.0,42.06,MEDIUM,Account Ban / Suspension,True
RGT-002788,CUST-1D9D8E56,Duo partner and I are being put into the wrong queue tier. We are Diamond 2 and 3 but matched in Plat.,Wild Rift,2023-08-01 18:45:19,7.0,58.75,MEDIUM,Ranked & Matchmaking,True
RGT-002819,CUST-5EDC08EE,Constant 'Connection Error' messages in client even though my internet is working perfectly.,Teamfight Tactics,2023-11-12 03:04:16,2.0,1.48,HIGH,Client Bug / Crash,True
RGT-001505,CUST-62EA2453,I purchased an emote for a character I no longer play. Refund would be appreciated.,Valorant,2023-05-25 06:21:32,3.0,,MEDIUM,Refund Request,False
RGT-000960,CUST-8F005973,,Wild Rift,2023-10-11 04:06:42,,3.54,LOW,Missing RP / Purchase Issue,True
RGT-002332,CUST-58F376E2,Blatant cheater in Diamond ranked. Please investigate account RiotUser#30116. They were toggling aimbot openly.,Valorant,2023-11-17 01:30:25,2.0,22.51,MEDIUM,Cheat / Hacker Report,True
RGT-000798,CUST-812BA472,"Hello, my account was flagged and restricted. I believe this is a false positive from your anti-cheat. I need an appeal.",Legends of Runeterra,2024-05-07 08:39:05,1.0,1.45,HIGH,Account Ban / Suspension,True
RGT-000226,CUST-D54124E1,,Valorant,2023-12-23 12:20:35,0.0,20.91,LOW,Account Ban / Suspension,True
RGT-002075,CUST-C7E0960A,The shop tab in the client is blank. I cannot browse or purchase anything. Tried clearing cache.,Teamfight Tactics,2024-05-26 15:31:33,22.0,35.08,LOW,Client Bug / Crash,True
RGT-001800,CUST-7E97667B,Client keeps logging me out randomly. I have to re-enter my password multiple times per session.,Teamfight Tactics,2023-06-10 04:02:08,3.0,,MEDIUM,Client Bug / Crash,False
RGT-002486,CUST-C4731564,"My MMR seems stuck. I win 8 games in a row and gain 18 LP, then lose once and drop 25 LP.",Legends of Runeterra,2023-07-06 01:23:30,27.0,7.04,MEDIUM,Ranked & Matchmaking,True
RGT-DUPE-0050,CUST-AEAB083D,I keep getting matched against the same scripter. Already reported in-game but they are still playing.,Legends of Runeterra,2023-10-29 02:17:34,5.0,0.18,MEDIUM,Cheat / Hacker Report,True
RGT-002278,CUST-EC1A721E,"Bought a bundle in the store, got charged but the content never appeared in my collection.",League of Legends,2023-11-25 15:59:12,4.0,35.55,MEDIUM,Missing RP / Purchase Issue,True
RGT-002086,CUST-B8FC2778,This player admitted to using scripts in chat. I have a screenshot. How do I submit it?,Wild Rift,2023-08-06 00:15:56,4.0,2.3,MEDIUM,Cheat / Hacker Report,True
RGT-001694,CUST-5F210E14,My son made an unauthorized purchase on my account. He is 9 years old. Please refund $10.00.,Teamfight Tactics,2023-12-20 21:30:44,18.0,5.35,MEDIUM,Refund Request,True
RGT-001046,CUST-9E25788D,Permanent ban issued on my account. I have 3000 hours on this game and have never violated ToS. Please help.,League of Legends,2024-01-06 18:23:27,3.0,10.08,MEDIUM,Account Ban / Suspension,True
RGT-000470,CUST-CE5E5E24,My custom Draven skin shows the wrong splash art in the loading screen.,Teamfight Tactics,2023-03-25 14:24:32,2.0,,MEDIUM,Champion / Skin Bug,False
RGT-000955,CUST-B31EBCB5,I was banned for account sharing. I let my brother play once. Is there a way to appeal this decision?,Wild Rift,2023-07-05 11:00:33,0.0,26.69,MEDIUM,Account Ban / Suspension,True
RGT-ND-9006,CUST-5865892D,I was charged twice for the same order.,League of Legends,2023-06-15 14:30:00,2.0,10.0,MEDIUM,Missing RP / Purchase Issue,True
RGT-002736,CUST-FE972C20,"Hello, my account was flagged and restricted. I believe this is a false positive from your anti-cheat. I need an appeal.",League of Legends,not-a-date,39.0,,MEDIUM,Account Ban / Suspension,False
RGT-000640,CUST-8E0DD361,"Hello, my account was flagged and restricted. I believe this is a false positive from your anti-cheat. I need an appeal.",Wild Rift,2023-05-17 18:50:48,1.0,,LOW,Account Ban / Suspension,False
RGT-002864,CUST-731C8BAA,Player using Elo-boosting service. They were clearly being played by someone else based on behaviour change.,Valorant,2023-04-23 17:44:32,5.0,,MEDIUM,Cheat / Hacker Report,True
RGT-001219,CUST-F262F08C,Account recovery is not working. I no longer have access to the email or phone number on record.,Wild Rift,2023-04-17 18:10:06,1.0,,MEDIUM,Login / 2FA Issue,False
RGT-001159,CUST-FB8376A0,Matchmaking is putting me against players 3 tiers above me. This has been happening all week.,Legends of Runeterra,2024-05-13 06:43:07,1.0,81.71,LOW,Ranked & Matchmaking,True
RGT-001416,CUST-9C6414DA,Transaction stuck as 'pending' for 48 hours. My bank confirmed the charge went through. Please help.,League of Legends,2023-01-08 22:41:34,2.0,26.25,MEDIUM,Missing RP / Purchase Issue,True
RGT-002935,CUST-57FBCB14,My chat restriction ended but I am still unable to type in-game. There seems to be a bug.,Legends of Runeterra,2023-09-24 07:12:56,25.0,71.51,LOW,Chat Restriction Appeal,True
RGT-001528,CUST-24CD11C8,My account RiotUser#18326 was permanently banned but I never cheated. Please review the ban.,Teamfight Tactics,2024-04-28 06:51:09,1.0,,LOW,Account Ban / Suspension,False
RGT-DUPE-0007,CUST-4CF66CD9,The game client crashes every time I enter champion select. I reinstalled but the problem persists.,League of Legends,2023-06-18 05:50:04,23.0,8.77,HIGH,Client Bug / Crash,True
RGT-001301,CUST-F18BE5FC,Getting a black screen on launch. The process shows in Task Manager but nothing displays.,Wild Rift,2024-04-24 12:05:57,4.0,2.12,HIGH,Client Bug / Crash,True
RGT-002953,CUST-BFBE08BB,The Lunar New Year bundle charged me but only delivered half the content. Missing the ward skin and icon.,Valorant,2023-02-16 13:47:30,3.0,14.75,MEDIUM,Missing RP / Purchase Issue,True
RGT-001604,CUST-4B079F84,Audio cuts out completely mid-game after around 20 minutes of play. Rolling back drivers did not fix it.,Legends of Runeterra,2023-03-13 16:01:37,13.0,0.96,MEDIUM,Client Bug / Crash,True
RGT-000161,CUST-17C181B6,Client keeps logging me out randomly. I have to re-enter my password multiple times per session.,Wild Rift,2023-12-25 13:15:42,0.0,68.74,MEDIUM,Client Bug / Crash,True
RGT-001705,CUST-D83851D5,"My smurf account was banned, now my main account is also restricted. I do not understand what happened.",League of Legends,2023-05-13 02:54:45,3.0,64.98,LOW,Account Ban / Suspension,True
RGT-000957,CUST-5F210E14,There is a blatant scripter in my ranked game. They had 0ms reaction time and perfect skill shots all game.,Legends of Runeterra,2023-04-23 05:58:06,12.0,87.52,LOW,Cheat / Hacker Report,True
RGT-DUPE-0001,CUST-3D51023D,Got a chat ban that escalated to a full account suspension. The context was taken out of context. I want to appeal.,Valorant,2023-10-29 15:42:00,33.0,6.82,MEDIUM,Account Ban / Suspension,True
RGT-000878,CUST-FE972C20,I was banned for account sharing. I let my brother play once. Is there a way to appeal this decision?,League of Legends,2024-01-17 00:44:41,17.0,22.76,MEDIUM,Account Ban / Suspension,True
RGT-001920,CUST-AC643856,Lost 40 LP for a game I disconnected from due to power outage. Can this be reversed?,Valorant,2024-03-10 08:31:26,5.0,73.78,LOW,Ranked & Matchmaking,True
RGT-001885,CUST-E3CAA4C1,"My smurf account was banned, now my main account is also restricted. I do not understand what happened.",Teamfight Tactics,2024-04-06 07:02:20,3.0,0.93,HIGH,Account Ban / Suspension,True
RGT-002201,CUST-7A32E5DE,I got permabanned for 'toxic behaviour' but all I did was mute my teammates. This seems unfair.,Legends of Runeterra,2023-02-03 13:58:21,27.0,4.63,MEDIUM,Account Ban / Suspension,True
RGT-000099,CUST-6D8BA715,I called out a griefer and got chat banned while they did not. The system feels inconsistent.,Wild Rift,2023-03-28 02:32:27,0.0,43.49,MEDIUM,Chat Restriction Appeal,True
RGT-002913,CUST-FCC1534C,Bought the wrong skin. I meant to buy the Prestige version but bought the regular one. Can you swap it?,Teamfight Tactics,2023-12-08 09:21:45,5.0,22.39,MEDIUM,Refund Request,True
RGT-002558,CUST-80A7FB33,Duo partner and I are being put into the wrong queue tier. We are Diamond 2 and 3 but matched in Plat.,Teamfight Tactics,2023-11-18 18:27:29,6.0,32.92,MEDIUM,Ranked & Matchmaking,True
RGT-000254,CUST-7A32E5DE,My League account got banned out of nowhere. I was just playing ranked and then I got logged out. Can you explain why?,Teamfight Tactics,2024-02-25 08:10:44,6.0,0.13,HIGH,Account Ban / Suspension,True
RGT-000104,CUST-C8E6F966,I purchased a champion that is currently on free rotation. I would like a refund as this was misleading.,Wild Rift,2023-11-26 17:14:50,0.0,5.92,LOW,Refund Request,True
RGT-001446,CUST-969472B2,Getting error UX-1 when attempting to sign in. This started after your maintenance window yesterday.,Wild Rift,2023-10-17 12:52:50,0.0,,HIGH,Login / 2FA Issue,True
RGT-001444,CUST-4FC4738B,I was banned for account sharing. I let my brother play once. Is there a way to appeal this decision?,Legends of Runeterra,2024-05-17 23:05:01,,72.58,LOW,Account Ban / Suspension,True
RGT-001649,CUST-45A8BC32,Kindred's Q ability is not applying on-hit effects correctly with the Spirit Blossom skin equipped.,Teamfight Tactics,2023-04-27 11:17:32,4.0,,MEDIUM,Champion / Skin Bug,True
RGT-000587,CUST-3D51023D,"Purchased RP via prepaid card, entered the code but nothing was credited. Code: RITO-BACC81.",Valorant,2023-01-21 02:59:41,4.0,79.79,MEDIUM,Missing RP / Purchase Issue,True
RGT-000628,CUST-1C74A8CE,I was banned for account sharing. I let my brother play once. Is there a way to appeal this decision?,Wild Rift,2023-03-13 09:49:15,0.0,17.69,MEDIUM,Account Ban / Suspension,True
RGT-001697,CUST-57FBCB14,The game client crashes every time I enter champion select. I reinstalled but the problem persists.,Wild Rift,2024-06-09 23:32:35,13.0,87.63,LOW,Client Bug / Crash,True
RGT-002102,CUST-E365E0A1,"My smurf account was banned, now my main account is also restricted. I do not understand what happened.",Valorant,2023-03-27 13:40:10,21.0,,HIGH,Account Ban / Suspension,False
RGT-002200,CUST-5B4081EE,Permanent ban issued on my account. I have 3000 hours on this game and have never violated ToS. Please help.,Valorant,2023-08-08 10:29:03,31.0,460.98,LOW,Account Ban / Suspension,True
RGT-000404,CUST-DF7589A3,I would like a refund for the champion I purchased yesterday. I have not played them yet.,Teamfight Tactics,2023-09-18 03:32:30,0.0,,HIGH,Refund Request,True
RGT-001155,CUST-C83A36A8,"Bought a bundle in the store, got charged but the content never appeared in my collection.",League of Legends,2023-11-27 02:21:13,1.0,,LOW,Missing RP / Purchase Issue,False
RGT-002256,CUST-F1508A4C,RP purchase failed but the money was deducted from my account. This is the second time this has happened.,Valorant,2023-03-25 07:22:17,1.0,26.79,MEDIUM,Missing RP / Purchase Issue,True
RGT-001683,CUST-F7406204,Locked out of my account after too many failed login attempts. I was trying to recover access legitimately.,Teamfight Tactics,2023-11-30 07:42:01,2.0,54.4,MEDIUM,Login / 2FA Issue,True
RGT-002057,CUST-C3785461,2FA is sending codes but they expire before I can enter them. Clock sync on my phone is correct.,Teamfight Tactics,2023-10-06 23:58:26,3.0,141.28,LOW,Login / 2FA Issue,True
RGT-002930,CUST-6B3776C0,I got permabanned for 'toxic behaviour' but all I did was mute my teammates. This seems unfair.,Wild Rift,2023-05-16 13:55:29,4.0,15.71,MEDIUM,Account Ban / Suspension,True
RGT-000453,CUST-D24EC8EF,Player using Elo-boosting service. They were clearly being played by someone else based on behaviour change.,League of Legends,2024-06-16 15:22:10,0.0,12.68,MEDIUM,Cheat / Hacker Report,True
RGT-002302,CUST-C91C1ECE,Several ability sound effects are missing for my Prestige Lux skin since the last update.,League of Legends,2024-01-05 23:03:12,28.0,23.39,MEDIUM,Champion / Skin Bug,True
RGT-001328,CUST-AB8C24EE,The shop tab in the client is blank. I cannot browse or purchase anything. Tried clearing cache.,Wild Rift,2023-07-26 12:17:08,2.0,,LOW,Client Bug / Crash,False
RGT-002050,CUST-C83A36A8,"After updating, all my settings were reset. Also my custom game configurations are gone.",Wild Rift,2024-02-27 05:21:36,2.0,8.67,LOW,Client Bug / Crash,True
RGT-000881,CUST-62EA2453,This player admitted to using scripts in chat. I have a screenshot. How do I submit it?,Wild Rift,2024-05-27 02:43:37,,36.79,MEDIUM,Cheat / Hacker Report,True
RGT-DUPE-0004,CUST-01E0218A,I received a 14-day suspension for allegedly using scripts. I have never used any third-party software. Please investigate.,Legends of Runeterra,2023-06-04 03:33:10,17.0,3.11,MEDIUM,Account Ban / Suspension,True
RGT-000624,CUST-94472095,I lost LP for a loss that was not my fault. My teammates went AFK in the first 5 minutes.,League of Legends,2023-09-29 08:18:36,0.0,10.74,MEDIUM,Ranked & Matchmaking,True
RGT-002394,CUST-F00A34C2,I used my last refund token on an item I now see is in the next sale. Can I have an exception?,Teamfight Tactics,2023-07-25 19:31:23,6.0,8.32,MEDIUM,Refund Request,True
RGT-002857,CUST-9F16D7C7,Several ability sound effects are missing for my Prestige Lux skin since the last update.,Teamfight Tactics,2023-01-10 01:25:52,4.0,2.02,LOW,Champion / Skin Bug,True
RGT-001788,CUST-8BD1A21F,Permanent ban issued on my account. I have 3000 hours on this game and have never violated ToS. Please help.,Teamfight Tactics,2023-06-17 00:52:33,0.0,24.49,MEDIUM,Account Ban / Suspension,True
RGT-000263,CUST-CDB94453,"My MMR seems stuck. I win 8 games in a row and gain 18 LP, then lose once and drop 25 LP.",League of Legends,2024-05-04 12:06:04,2.0,-5.0,HIGH,Ranked & Matchmaking,True
RGT-001635,CUST-01E0218A,I was in promo series but the server crashed mid-game. The loss was counted against me.,Wild Rift,2023-06-17 09:24:49,23.0,21.43,LOW,Ranked & Matchmaking,True
RGT-001439,CUST-62EA2453,There is a blatant scripter in my ranked game. They had 0ms reaction time and perfect skill shots all game.,Wild Rift,2023-11-29 21:03:56,2.0,,MEDIUM,Cheat / Hacker Report,False
RGT-002199,CUST-68A03D3C,This player admitted to using scripts in chat. I have a screenshot. How do I submit it?,Teamfight Tactics,2023-10-12 11:57:41,3.0,9.49,LOW,Cheat / Hacker Report,True
RGT-001970,CUST-94D9DD38,Player using Elo-boosting service. They were clearly being played by someone else based on behaviour change.,Valorant,2023-09-16 12:24:22,,13.44,MEDIUM,Cheat / Hacker Report,True
RGT-002521,CUST-5C8E2E99,"Hello, my account was flagged and restricted. I believe this is a false positive from your anti-cheat. I need an appeal.",Wild Rift,2023-08-16 23:33:21,23.0,3.09,MEDIUM,Account Ban / Suspension,True
RGT-001803,CUST-632AAECA,I was banned for account sharing. I let my brother play once. Is there a way to appeal this decision?,Legends of Runeterra,2023-09-24 17:19:33,2.0,2.06,MEDIUM,Account Ban / Suspension,True
RGT-000641,CUST-5B4081EE,Transaction stuck as 'pending' for 48 hours. My bank confirmed the charge went through. Please help.,Wild Rift,2023-08-19 14:42:36,4.0,,HIGH,Missing RP / Purchase Issue,False
RGT-002386,CUST-FA9DBD80,My account RiotUser#84480 was permanently banned but I never cheated. Please review the ban.,League of Legends,2024-01-11 06:57:34,23.0,48.97,MEDIUM,Account Ban / Suspension,True
RGT-002599,CUST-F7E0BA15,The authenticator app code is being rejected. I re-scanned the QR code and still getting errors.,League of Legends,2024-04-25 11:18:34,9.0,,MEDIUM,Login / 2FA Issue,False
RGT-002916,CUST-3624A1BC,I was in promo series but the server crashed mid-game. The loss was counted against me.,Valorant,2023-11-24 12:36:47,5.0,15.31,MEDIUM,Ranked & Matchmaking,True
RGT-001960,CUST-2C65B41B,Locked out of my account after too many failed login attempts. I was trying to recover access legitimately.,Valorant,2023-03-26 18:14:26,3.0,84.18,LOW,Login / 2FA Issue,True
RGT-000489,CUST-EBCA371A,"Hello, my account was flagged and restricted. I believe this is a false positive from your anti-cheat. I need an appeal.",Legends of Runeterra,2023-02-07 01:48:18,0.0,5.65,HIGH,Account Ban / Suspension,True
RGT-001844,CUST-6E9E55C7,My League account got banned out of nowhere. I was just playing ranked and then I got logged out. Can you explain why?,Legends of Runeterra,2023-12-21 08:28:04,2.0,13.87,MEDIUM,Account Ban / Suspension,True
RGT-001735,CUST-023FE7E6,"Bought a bundle in the store, got charged but the content never appeared in my collection.",Legends of Runeterra,2024-06-25 22:11:41,18.0,,HIGH,Missing RP / Purchase Issue,False
RGT-000147,CUST-61ADFAC6,RP purchase failed but the money was deducted from my account. This is the second time this has happened.,Wild Rift,2023-04-19 17:00:57,1.0,91.73,LOW,Missing RP / Purchase Issue,True
RGT-001535,CUST-ACA676FD,My League account got banned out of nowhere. I was just playing ranked and then I got logged out. Can you explain why?,Legends of Runeterra,2024-03-19 03:51:05,4.0,2.18,HIGH,Account Ban / Suspension,True
RGT-001987,CUST-2C0B0E3F,,League of Legends,2023-04-26 10:03:13,8.0,10.27,MEDIUM,Account Ban / Suspension,True
RGT-001370,CUST-5C8E2E99,,Legends of Runeterra,2023-05-30 15:19:10,11.0,,MEDIUM,Account Ban / Suspension,False
RGT-002451,CUST-121B8EE4,I was punished for saying 'gg ez' which is a common phrase. I disagree this violates community standards.,League of Legends,2023-09-06 10:14:49,5.0,,MEDIUM,Chat Restriction Appeal,False
RGT-DUPE-0022,CUST-FA9DBD80,I used 'Login with Google' but Google account is now deleted. How do I recover my Riot account?,Wild Rift,2023-09-01 09:17:41,1.0,32.99,LOW,Login / 2FA Issue,True
RGT-002812,CUST-023FE7E6,I purchased an emote for a character I no longer play. Refund would be appreciated.,Valorant,2023-06-21 02:42:52,29.0,45.49,MEDIUM,Refund Request,True
RGT-000660,CUST-82170E57,Blatant cheater in Diamond ranked. Please investigate account RiotUser#66280. They were toggling aimbot openly.,League of Legends,2023-04-23 15:44:07,0.0,36.29,MEDIUM,Cheat / Hacker Report,True
RGT-001795,CUST-3A92135D,I purchased the Battle Pass but didn't receive the rewards. Transaction ID: TXN-BBBFB832.,Wild Rift,2024-03-15 09:52:10,1.0,223.94,LOW,Missing RP / Purchase Issue,True
RGT-002512,CUST-76501878,I was charged twice for the same RP bundle. I see two transactions on my statement for $10.00.,Valorant,2024-03-07 19:19:04,3.0,,MEDIUM,Missing RP / Purchase Issue,True
RGT-000187,CUST-28A5607F,,League of Legends,2023-07-05 08:31:24,0.0,0.24,HIGH,Account Ban / Suspension,True
RGT-001148,CUST-49AFD844,My account RiotUser#59674 was permanently banned but I never cheated. Please review the ban.,Teamfight Tactics,2023-08-21 00:25:15,4.0,18.14,MEDIUM,Account Ban / Suspension,True
RGT-000609,CUST-17C181B6,"Hello, my account was flagged and restricted. I believe this is a false positive from your anti-cheat. I need an appeal.",Legends of Runeterra,2023-10-26 09:04:58,2.0,3.31,HIGH,Account Ban / Suspension,True
RGT-002192,CUST-632AAECA,,Teamfight Tactics,2023-02-22 02:54:23,4.0,136.46,LOW,Ranked & Matchmaking,True
RGT-002800,CUST-0911EC11,Permanent ban issued on my account. I have 3000 hours on this game and have never violated ToS. Please help.,Wild Rift,2023-06-09 01:21:06,5.0,,LOW,Account Ban / Suspension,False
RGT-001931,CUST-022A5689,This player in my last game was clearly using an aimbot. Every bullet was a headshot through smoke.,Legends of Runeterra,2024-05-04 04:12:25,5.0,13.46,MEDIUM,Cheat / Hacker Report,True
RGT-000198,CUST-7859EB08,Locked out of my account after too many failed login attempts. I was trying to recover access legitimately.,League of Legends,2023-11-11 02:25:02,0.0,46.28,MEDIUM,Login / 2FA Issue,True
RGT-002328,CUST-ABA4C4B7,Constant 'Connection Error' messages in client even though my internet is working perfectly.,Legends of Runeterra,2023-05-10 09:51:33,29.0,0.12,MEDIUM,Client Bug / Crash,True
RGT-000294,CUST-C9C81F9C,Account banned with no explanation. I spent over $500 on this account. Please look into this immediately.,Wild Rift,2023-09-24 11:46:53,0.0,10.93,MEDIUM,Account Ban / Suspension,True
RGT-000767,CUST-8F005973,I got permabanned for 'toxic behaviour' but all I did was mute my teammates. This seems unfair.,Teamfight Tactics,2023-09-08 20:59:16,1.0,33.53,LOW,Account Ban / Suspension,True
RGT-000401,CUST-4244656B,I keep getting matched against the same scripter. Already reported in-game but they are still playing.,League of Legends,2024-05-18 00:53:17,0.0,164.65,MEDIUM,Cheat / Hacker Report,True
RGT-000123,CUST-ED59D5A1,I purchased the Battle Pass but didn't receive the rewards. Transaction ID: TXN-B6D6D3E1.,Valorant,2023-06-08 08:48:59,0.0,38.04,LOW,Missing RP / Purchase Issue,True
RGT-000203,CUST-B0952AB3,Cheater ruined 3 games in a row. Your reporting system seems broken. They are still not banned.,Valorant,2023-06-30 19:00:01,0.0,87.57,MEDIUM,Cheat / Hacker Report,True
RGT-000836,CUST-60798F60,"Hello, my account was flagged and restricted. I believe this is a false positive from your anti-cheat. I need an appeal.",Valorant,2024-02-17 08:08:07,0.0,13.13,LOW,Account Ban / Suspension,True
RGT-002295,CUST-CDB4430E,"Bought a bundle in the store, got charged but the content never appeared in my collection.",Teamfight Tactics,2023-12-15 10:58:58,1.0,31.0,MEDIUM,Missing RP / Purchase Issue,True
RGT-001440,CUST-3502C77D,I bought 3250 RP but it never showed up in my account. I was charged on my card though.,Legends of Runeterra,2023-05-12 00:47:51,2.0,8.12,MEDIUM,Missing RP / Purchase Issue,True
RGT-001734,CUST-37C7A4E0,I bought a new phone and now I cannot receive my 2FA SMS. Please help me recover access.,Legends of Runeterra,2023-03-15 02:58:53,1.0,53.32,MEDIUM,Login / 2FA Issue,True
RGT-001696,CUST-A8C962F0,There is a blatant scripter in my ranked game. They had 0ms reaction time and perfect skill shots all game.,Wild Rift,2023-01-16 16:08:16,1.0,112.4,LOW,Cheat / Hacker Report,True
RGT-DUPE-0014,CUST-5B4081EE,Account recovery is not working. I no longer have access to the email or phone number on record.,Legends of Runeterra,2023-08-15 08:31:08,9.0,16.47,HIGH,Login / 2FA Issue,True
RGT-001708,CUST-76501878,Constant 'Connection Error' messages in client even though my internet is working perfectly.,League of Legends,2023-03-01 15:36:23,2.0,8.53,HIGH,Client Bug / Crash,True
RGT-003000,CUST-2AE5E127,The Lunar New Year bundle charged me but only delivered half the content. Missing the ward skin and icon.,Wild Rift,2023-09-25 08:46:04,,,LOW,Missing RP / Purchase Issue,False
RGT-001154,CUST-3FA730C7,My clash tournament registration was cancelled without notification. Please refund the ticket fee.,League of Legends,2023-03-03 11:07:48,2.0,13.67,LOW,Ranked & Matchmaking,True
RGT-001662,CUST-A47EA986,I was banned for account sharing. I let my brother play once. Is there a way to appeal this decision?,Teamfight Tactics,2023-10-28 20:30:54,-5.0,7.67,HIGH,Account Ban / Suspension,True
RGT-002433,CUST-BC359A86,Remake did not trigger even though a player was AFK from champion select. Lost LP unfairly.,Valorant,2024-01-30 15:29:23,15.0,,MEDIUM,Ranked & Matchmaking,False
RGT-001760,CUST-95C5B9AF,"Bought a bundle in the store, got charged but the content never appeared in my collection.",Valorant,,1.0,176.47,LOW,Missing RP / Purchase Issue,True
RGT-000855,CUST-12B61267,"After updating, all my settings were reset. Also my custom game configurations are gone.",Valorant,2023-12-15 08:03:16,1.0,19.65,MEDIUM,Client Bug / Crash,True
RGT-001590,CUST-5B4081EE,Consistent 300ms ping on EUW since the server migration. My ISP says nothing changed on their end.,League of Legends,2023-05-06 11:30:09,19.0,161.34,LOW,Server Latency / Lag,True
RGT-002268,CUST-18077E6C,My League account got banned out of nowhere. I was just playing ranked and then I got logged out. Can you explain why?,Wild Rift,2023-12-21 13:14:46,3.0,24.74,MEDIUM,Account Ban / Suspension,True
RGT-000642,CUST-C7E0960A,I was punished for saying 'gg ez' which is a common phrase. I disagree this violates community standards.,Legends of Runeterra,2024-06-02 19:43:23,10.0,20.73,MEDIUM,Chat Restriction Appeal,True
RGT-000002,CUST-4E0BB732,Client keeps logging me out randomly. I have to re-enter my password multiple times per session.,Wild Rift,2023-02-24 00:36:07,0.0,3.38,LOW,Client Bug / Crash,True
RGT-002161,CUST-BC359A86,Locked out of my account after too many failed login attempts. I was trying to recover access legitimately.,Valorant,2023-04-11 10:15:21,13.0,15.66,MEDIUM,Login / 2FA Issue,True
RGT-000699,CUST-522A7E0A,"Hello, my account was flagged and restricted. I believe this is a false positive from your anti-cheat. I need an appeal.",Legends of Runeterra,2023-01-05 01:36:41,3.0,1.78,HIGH,Account Ban / Suspension,True
RGT-001637,CUST-E1906887,Ranked queue dodging penalty applied even though I did not dodge. I was in loading screen.,League of Legends,2024-05-24 02:16:23,1.0,3.84,LOW,Ranked & Matchmaking,True
RGT-001292,CUST-4375BF79,Ranked queue dodging penalty applied even though I did not dodge. I was in loading screen.,League of Legends,2023-03-16 20:18:08,1.0,0.28,LOW,Ranked & Matchmaking,True
RGT-002942,CUST-163CCE58,Blatant cheater in Diamond ranked. Please investigate account RiotUser#68008. They were toggling aimbot openly.,Teamfight Tactics,2024-03-26 20:23:50,2.0,35.57,MEDIUM,Cheat / Hacker Report,True
RGT-002490,CUST-B9351447,"My smurf account was banned, now my main account is also restricted. I do not understand what happened.",Legends of Runeterra,2024-02-27 19:22:21,1.0,24.45,LOW,Account Ban / Suspension,True
RGT-001521,CUST-AEAB083D,This player admitted to using scripts in chat. I have a screenshot. How do I submit it?,Legends of Runeterra,2024-02-29 14:23:52,1.0,86.27,MEDIUM,Cheat / Hacker Report,True
RGT-001854,CUST-241DCDA1,My Riot Points are missing after I topped up. I have the bank receipt. Please refund or credit my account.,Valorant,2023-03-03 00:51:14,2.0,29.02,MEDIUM,Missing RP / Purchase Issue,True
RGT-001137,CUST-E1F0BDA5,The game client crashes every time I enter champion select. I reinstalled but the problem persists.,Wild Rift,2023-07-25 16:48:52,2.0,197.42,LOW,Client Bug / Crash,True
RGT-002985,CUST-E0EBF5E1,My League account got banned out of nowhere. I was just playing ranked and then I got logged out. Can you explain why?,Legends of Runeterra,2023-02-17 16:50:32,31.0,302.6,LOW,Account Ban / Suspension,True
RGT-001632,CUST-2E045B45,Lost 40 LP for a game I disconnected from due to power outage. Can this be reversed?,Valorant,2023-06-21 08:25:09,2.0,78.63,MEDIUM,Ranked & Matchmaking,True
RGT-001999,CUST-4B079F84,This player in my last game was clearly using an aimbot. Every bullet was a headshot through smoke.,Teamfight Tactics,2023-09-14 19:37:48,18.0,8.33,MEDIUM,Cheat / Hacker Report,True
RGT-000664,CUST-59C64C72,I would like a refund for the champion I purchased yesterday. I have not played them yet.,League of Legends,2023-03-03 22:58:06,2.0,58.53,LOW,Refund Request,True
RGT-000684,CUST-C0607B19,"My smurf account was banned, now my main account is also restricted. I do not understand what happened.",Teamfight Tactics,2023-08-30 08:32:06,0.0,4.57,MEDIUM,Account Ban / Suspension,True
RGT-001258,CUST-17B12739,I was charged twice for the same RP bundle. I see two transactions on my statement for $50.00.,Legends of Runeterra,2023-06-19 17:37:30,2.0,106.81,MEDIUM,Missing RP / Purchase Issue,True
RGT-000318,CUST-050C71EC,Getting error UX-1 when attempting to sign in. This started after your maintenance window yesterday.,Legends of Runeterra,2023-03-02 12:49:14,0.0,11.57,HIGH,Login / 2FA Issue,True
RGT-000649,CUST-01E0218A,Permanent ban issued on my account. I have 3000 hours on this game and have never violated ToS. Please help.,Teamfight Tactics,2024-04-23 16:03:59,8.0,,HIGH,Account Ban / Suspension,False
RGT-001435,CUST-4B079F84,I was charged twice for the same RP bundle. I see two transactions on my statement for $10.00.,League of Legends,2023-01-29 22:47:52,11.0,,MEDIUM,Missing RP / Purchase Issue,False
RGT-001480,CUST-F1508A4C,My League account got banned out of nowhere. I was just playing ranked and then I got logged out. Can you explain why?,Legends of Runeterra,2024-01-12 03:37:10,0.0,5.16,MEDIUM,Account Ban / Suspension,True
RGT-000710,CUST-7A32E5DE,I bought a new phone and now I cannot receive my 2FA SMS. Please help me recover access.,Teamfight Tactics,2023-01-27 05:15:39,10.0,7.56,MEDIUM,Login / 2FA Issue,True
RGT-001283,CUST-47E2D332,I got permabanned for 'toxic behaviour' but all I did was mute my teammates. This seems unfair.,Valorant,Jan 2023,1.0,9.18,MEDIUM,Account Ban / Suspension,True
RGT-001769,CUST-20E3067A,I purchased the Battle Pass but didn't receive the rewards. Transaction ID: TXN-DC2F5E8B.,Valorant,2023-07-27 19:13:39,5.0,,MEDIUM,Missing RP / Purchase Issue,False
RGT-000973,CUST-C4731564,My account RiotUser#49703 was permanently banned but I never cheated. Please review the ban.,Wild Rift,2023-04-28 18:53:41,14.0,13.36,MEDIUM,Account Ban / Suspension,True
RGT-002676,CUST-725E2848,Permanent ban issued on my account. I have 3000 hours on this game and have never violated ToS. Please help.,League of Legends,2024-04-07 23:18:42,6.0,16.89,LOW,Account Ban / Suspension,True
RGT-002681,CUST-3F523C06,"Hello, my account was flagged and restricted. I believe this is a false positive from your anti-cheat. I need an appeal.",Teamfight Tactics,2024-06-12 23:56:11,6.0,53.35,MEDIUM,Account Ban / Suspension,True
RGT-001307,CUST-84591BE0,,League of Legends,2024-06-11 21:43:32,3.0,10.15,MEDIUM,Client Bug / Crash,True
RGT-001401,CUST-CD15BFFA,Permanent ban issued on my account. I have 3000 hours on this game and have never violated ToS. Please help.,League of Legends,2023-07-21 14:33:07,3.0,,MEDIUM,Account Ban / Suspension,False
RGT-001409,CUST-0C1E8B1D,Constant 'Connection Error' messages in client even though my internet is working perfectly.,League of Legends,2024-03-25 09:36:11,1.0,0.19,MEDIUM,Client Bug / Crash,True
RGT-002238,CUST-57FBCB14,RP purchase failed but the money was deducted from my account. This is the second time this has happened.,League of Legends,2023-01-10 13:54:16,19.0,3.63,MEDIUM,Missing RP / Purchase Issue,True
RGT-001497,CUST-8F2E22DF,I bought 3250 RP but it never showed up in my account. I was charged on my card though.,Valorant,2024-01-18 22:07:27,4.0,,HIGH,Missing RP / Purchase Issue,False
RGT-002039,CUST-0BDF6CA8,I received a 14-day suspension for allegedly using scripts. I have never used any third-party software. Please investigate.,Wild Rift,2023-06-17 09:04:21,5.0,,HIGH,Account Ban / Suspension,False
RGT-001530,CUST-A32F3D2B,"My smurf account was banned, now my main account is also restricted. I do not understand what happened.",League of Legends,2023-07-31 20:10:01,0.0,9.85,MEDIUM,Account Ban / Suspension,True
RGT-001664,CUST-4B0F6900,,Wild Rift,2023-02-08 13:09:39,4.0,0.36,HIGH,Client Bug / Crash,True
RGT-001355,CUST-ABA4C4B7,"Bought a bundle in the store, got charged but the content never appeared in my collection.",League of Legends,2024-05-13 07:24:39,16.0,3.93,HIGH,Missing RP / Purchase Issue,True
RGT-DUPE-0010,CUST-0C1E8B1D,,Legends of Runeterra,2023-01-14 18:44:46,3.0,45.18,LOW,Login / 2FA Issue,True
RGT-DUPE-0031,CUST-672227E5,Reporting a player for using wallhacks in Valorant. Their username is Player9561. Please review game ID NA1_6940246930.,Wild Rift,2023-07-07 03:13:21,3.0,,HIGH,Cheat / Hacker Report,False
RGT-001644,CUST-E8A389C1,Permanent ban issued on my account. I have 3000 hours on this game and have never violated ToS. Please help.,Valorant,2023-07-07 23:01:33,1.0,,LOW,Account Ban / Suspension,False
RGT-001052,CUST-E78FBD0A,I keep getting matched against the same scripter. Already reported in-game but they are still playing.,Valorant,2024-05-16 02:11:55,0.0,11.25,MEDIUM,Cheat / Hacker Report,True
RGT-000796,CUST-7E97667B,The Lunar New Year bundle charged me but only delivered half the content. Missing the ward skin and icon.,Legends of Runeterra,2023-07-08 19:07:42,2.0,114.3,LOW,Missing RP / Purchase Issue,True
RGT-002694,CUST-61ADFAC6,I received a 14-day suspension for allegedly using scripts. I have never used any third-party software. Please investigate.,Wild Rift,2024-01-12 02:00:33,21.0,,LOW,Account Ban / Suspension,False
RGT-001598,CUST-4E0BB732,The Lunar New Year bundle charged me but only delivered half the content. Missing the ward skin and icon.,Valorant,2023-12-29 09:01:23,3.0,63.11,LOW,Missing RP / Purchase Issue,True
RGT-002605,CUST-87EA02C9,Permanent ban issued on my account. I have 3000 hours on this game and have never violated ToS. Please help.,Legends of Runeterra,2023-12-14 15:00:45,8.0,3.94,MEDIUM,Account Ban / Suspension,True
RGT-002730,CUST-1C74A8CE,Locked out of my account after too many failed login attempts. I was trying to recover access legitimately.,Valorant,2023-10-28 10:17:18,4.0,21.44,MEDIUM,Login / 2FA Issue,True
RGT-002626,CUST-B703A4B4,"Purchased RP via prepaid card, entered the code but nothing was credited. Code: RITO-DB905E.",Legends of Runeterra,2024-06-16 19:52:54,13.0,,MEDIUM,Missing RP / Purchase Issue,False
RGT-001820,CUST-089FF8E0,The authenticator app code is being rejected. I re-scanned the QR code and still getting errors.,Wild Rift,2024-06-03 22:18:18,4.0,,LOW,Login / 2FA Issue,False
RGT-001723,CUST-57FBCB14,Someone is ddosing our team. Two of my teammates disconnected within seconds of each other.,League of Legends,2023-03-15 02:29:37,,0.74,HIGH,Cheat / Hacker Report,True
RGT-001184,CUST-5B4081EE,Duo partner and I are being put into the wrong queue tier. We are Diamond 2 and 3 but matched in Plat.,Teamfight Tactics,2023-12-01 03:17:05,10.0,3.6,HIGH,Ranked & Matchmaking,True
RGT-002573,CUST-E7D3B17F,Consistent 300ms ping on EUW since the server migration. My ISP says nothing changed on their end.,League of Legends,2024-06-18 06:00:57,7.0,31.38,MEDIUM,Server Latency / Lag,True
RGT-001060,CUST-110FA17F,Remake did not trigger even though a player was AFK from champion select. Lost LP unfairly.,Valorant,,2.0,18.71,MEDIUM,Ranked & Matchmaking,True
RGT-000541,CUST-4FC4738B,I called out a griefer and got chat banned while they did not. The system feels inconsistent.,Valorant,2023-03-01 10:41:25,9.0,33.79,MEDIUM,Chat Restriction Appeal,True
RGT-001679,CUST-7A32E5DE,Getting a black screen on launch. The process shows in Task Manager but nothing displays.,League of Legends,2024-03-19 23:46:53,21.0,5.61,HIGH,Client Bug / Crash,True
RGT-002797,CUST-7742CF32,I was banned for account sharing. I let my brother play once. Is there a way to appeal this decision?,Valorant,2024-04-14 08:19:53,7.0,62.04,MEDIUM,Account Ban / Suspension,True
RGT-002975,CUST-ABA4C4B7,"Hello, my account was flagged and restricted. I believe this is a false positive from your anti-cheat. I need an appeal.",League of Legends,2024-05-01 08:50:01,39.0,43.1,MEDIUM,Account Ban / Suspension,True
RGT-002533,CUST-FE972C20,I was banned for account sharing. I let my brother play once. Is there a way to appeal this decision?,League of Legends,2023-09-17 20:56:20,34.0,5.9,MEDIUM,Account Ban / Suspension,True
RGT-001758,CUST-D862ABB7,I was banned for account sharing. I let my brother play once. Is there a way to appeal this decision?,League of Legends,2023-06-05 03:04:26,2.0,,LOW,Account Ban / Suspension,False
RGT-001924,CUST-5A8BFDA6,I purchased the Battle Pass but didn't receive the rewards. Transaction ID: TXN-B703BD92.,League of Legends,2023-02-24 16:35:49,1.0,7.49,HIGH,Missing RP / Purchase Issue,True
RGT-000096,CUST-D83851D5,Constant 'Connection Error' messages in client even though my internet is working perfectly.,Legends of Runeterra,2023-04-25 10:46:40,0.0,,LOW,Client Bug / Crash,False
RGT-001021,CUST-A2350661,I purchased the Battle Pass but didn't receive the rewards. Transaction ID: TXN-1B9E5441.,Valorant,2023-07-01 22:10:08,2.0,32.1,MEDIUM,Missing RP / Purchase Issue,True
RGT-000564,CUST-FE972C20,I received a 14-day suspension for allegedly using scripts. I have never used any third-party software. Please investigate.,Wild Rift,2023-02-17 10:10:30,9.0,7.42,MEDIUM,Account Ban / Suspension,True
RGT-002791,CUST-7B66B5CA,My Pulsefire Ezreal skin's recall animation is broken. It just shows the default animation instead.,League of Legends,2024-03-13 21:07:49,1.0,,MEDIUM,Champion / Skin Bug,False
RGT-000864,CUST-61ADFAC6,I accidentally purchased the wrong champion. Can I get a refund? I only have one refund token left.,Wild Rift,2023-03-12 15:29:44,4.0,26.14,MEDIUM,Missing RP / Purchase Issue,True
RGT-001485,CUST-C7E0960A,Login fails with 'incorrect password' even after a password reset. I have cleared cookies and cache.,Teamfight Tactics,2024-02-29 00:54:16,17.0,0.65,HIGH,Login / 2FA Issue,True
RGT-002940,CUST-CC7B8839,Locked out of my account after too many failed login attempts. I was trying to recover access legitimately.,Valorant,2023-05-27 18:16:12,11.0,62.77,LOW,Login / 2FA Issue,True
RGT-001882,CUST-EC1A721E,"My smurf account was banned, now my main account is also restricted. I do not understand what happened.",Valorant,2024-06-04 02:31:29,2.0,,MEDIUM,Account Ban / Suspension,False
RGT-001039,CUST-E7D3B17F,Transaction stuck as 'pending' for 48 hours. My bank confirmed the charge went through. Please help.,Legends of Runeterra,2024-06-25 16:35:35,3.0,,MEDIUM,Missing RP / Purchase Issue,False
RGT-000207,CUST-82487C44,"My MMR seems stuck. I win 8 games in a row and gain 18 LP, then lose once and drop 25 LP.",Legends of Runeterra,2024-05-31 22:24:34,1.0,21.34,MEDIUM,Ranked & Matchmaking,True
RGT-000393,CUST-1D9D8E56,My son made an unauthorized purchase on my account. He is 9 years old. Please refund $25.00.,Wild Rift,2024-06-21 05:43:47,0.0,0.92,MEDIUM,Refund Request,True
RGT-002843,CUST-357C4273,My account RiotUser#57224 was permanently banned but I never cheated. Please review the ban.,Wild Rift,2024-03-27 11:40:03,3.0,1.93,HIGH,Account Ban / Suspension,True
RGT-000871,CUST-817C392F,I bought 3250 RP but it never showed up in my account. I was charged on my card though.,Wild Rift,2024-05-10 05:40:14,2.0,8.75,LOW,Missing RP / Purchase Issue,True
RGT-000398,CUST-F3F4EDAF,The game client crashes every time I enter champion select. I reinstalled but the problem persists.,Valorant,2023-11-21 20:15:26,1.0,13.52,LOW,Client Bug / Crash,True
RGT-002815,CUST-E1F0BDA5,I was banned for account sharing. I let my brother play once. Is there a way to appeal this decision?,Teamfight Tactics,2023-12-11 05:10:58,4.0,0.79,MEDIUM,Account Ban / Suspension,True
RGT-002969,CUST-01E0218A,I was charged twice for the same RP bundle. I see two transactions on my statement for $50.00.,Wild Rift,2023-06-05 08:55:09,42.0,7.69,MEDIUM,Missing RP / Purchase Issue,True
RGT-001029,CUST-F7E0BA15,I bought 3250 RP but it never showed up in my account. I was charged on my card though.,League of Legends,2023-03-18 07:42:37,2.0,2.31,HIGH,Missing RP / Purchase Issue,True
RGT-002691,CUST-E3CAA4C1,I got permabanned for 'toxic behaviour' but all I did was mute my teammates. This seems unfair.,Teamfight Tactics,2023-05-13 08:24:47,5.0,,LOW,Account Ban / Suspension,False
RGT-001486,CUST-E0EBF5E1,My League account got banned out of nowhere. I was just playing ranked and then I got logged out. Can you explain why?,Wild Rift,2024-06-22 13:24:45,15.0,,MEDIUM,Account Ban / Suspension,True
RGT-002661,CUST-733AC364,Account banned with no explanation. I spent over $500 on this account. Please look into this immediately.,Wild Rift,2024-06-24 05:03:06,5.0,26.88,MEDIUM,Account Ban / Suspension,True
RGT-000961,CUST-4FC4738B,Bought the wrong skin. I meant to buy the Prestige version but bought the regular one. Can you swap it?,Legends of Runeterra,2023-05-25 11:39:55,16.0,1.04,HIGH,Refund Request,True
RGT-001571,CUST-3E0E8F3E,This player admitted to using scripts in chat. I have a screenshot. How do I submit it?,Valorant,2023-08-12 22:25:30,3.0,5.4,HIGH,Cheat / Hacker Report,True
RGT-002774,CUST-9F4F5767,This player in my last game was clearly using an aimbot. Every bullet was a headshot through smoke.,Wild Rift,2023-12-19 22:56:59,,4.6,MEDIUM,Cheat / Hacker Report,True
RGT-001896,CUST-A43D2767,"Hello, my account was flagged and restricted. I believe this is a false positive from your anti-cheat. I need an appeal.",Teamfight Tactics,2023-09-01 00:20:40,3.0,4.11,MEDIUM,Account Ban / Suspension,True
RGT-002732,CUST-3A92135D,I received a 14-day suspension for allegedly using scripts. I have never used any third-party software. Please investigate.,Legends of Runeterra,2024-01-18 01:45:55,2.0,5.36,HIGH,Account Ban / Suspension,True
RGT-002147,CUST-5C8E2E99,Account banned with no explanation. I spent over $500 on this account. Please look into this immediately.,Wild Rift,2023-10-28 18:47:18,17.0,11.67,MEDIUM,Account Ban / Suspension,True
RGT-000805,CUST-FCC1534C,I purchased the Battle Pass but didn't receive the rewards. Transaction ID: TXN-D1596C7C.,Legends of Runeterra,2023-03-06 18:25:53,1.0,15.51,MEDIUM,Missing RP / Purchase Issue,True
RGT-001752,CUST-630A1B8F,My League account got banned out of nowhere. I was just playing ranked and then I got logged out. Can you explain why?,League of Legends,2023-08-17 07:32:53,1.0,74.1,LOW,Account Ban / Suspension,True
RGT-002455,CUST-AF4AC8B3,Lost 40 LP for a game I disconnected from due to power outage. Can this be reversed?,Valorant,2024-04-24 20:43:42,2.0,,HIGH,Ranked & Matchmaking,False
RGT-000503,CUST-FE972C20,"Purchased RP via prepaid card, entered the code but nothing was credited. Code: RITO-0C81A5.",Teamfight Tactics,2023-03-07 04:09:54,8.0,134.83,LOW,Missing RP / Purchase Issue,True
RGT-000780,CUST-F12490DE,I bought 3250 RP but it never showed up in my account. I was charged on my card though.,Teamfight Tactics,2023-09-10 03:35:21,1.0,8.48,MEDIUM,Missing RP / Purchase Issue,True
RGT-001864,CUST-023FE7E6,The client update bricked my installation. Now I get error code 0xF1C2 on startup.,Wild Rift,2023-05-29 13:31:08,19.0,72.64,LOW,Client Bug / Crash,True
RGT-000201,CUST-E0EBF5E1,My Riot Points are missing after I topped up. I have the bank receipt. Please refund or credit my account.,Teamfight Tactics,2023-08-18 05:09:32,3.0,16.58,MEDIUM,Missing RP / Purchase Issue,True
RGT-002183,CUST-C0CBE3BA,"Hello, my account was flagged and restricted. I believe this is a false positive from your anti-cheat. I need an appeal.",League of Legends,2023-05-28 11:14:08,,4.63,HIGH,Account Ban / Suspension,True
RGT-002089,CUST-FA9DBD80,The Lunar New Year bundle charged me but only delivered half the content. Missing the ward skin and icon.,League of Legends,2023-08-01 09:16:15,20.0,6.76,MEDIUM,Missing RP / Purchase Issue,True
RGT-002279,CUST-B703A4B4,I would like a refund for the champion I purchased yesterday. I have not played them yet.,Teamfight Tactics,2024-04-29 22:18:39,11.0,21.68,MEDIUM,Refund Request,True
RGT-001797,CUST-946EF12C,"After updating, all my settings were reset. Also my custom game configurations are gone.",Teamfight Tactics,2024-05-23 16:20:53,4.0,85.3,LOW,Client Bug / Crash,True
RGT-000379,CUST-0EDB0863,I bought 3250 RP but it never showed up in my account. I was charged on my card though.,Legends of Runeterra,2023-03-18 08:00:43,0.0,,MEDIUM,Missing RP / Purchase Issue,True
RGT-002337,CUST-1767AA4A,Account logged in on an unrecognised device. I changed password but 2FA was not set up. How do I add it now?,League of Legends,2023-10-11 18:15:14,32.0,24.32,MEDIUM,Login / 2FA Issue,True
RGT-000419,CUST-4CF66CD9,RP purchase failed but the money was deducted from my account. This is the second time this has happened.,League of Legends,2023-04-03 21:12:05,3.0,33.63,LOW,Missing RP / Purchase Issue,True
RGT-001699,CUST-B0F7884C,Account banned with no explanation. I spent over $500 on this account. Please look into this immediately.,Valorant,2024-01-02 03:10:20,2.0,10.78,MEDIUM,Account Ban / Suspension,True
RGT-000392,CUST-CC7B8839,Cheater ruined 3 games in a row. Your reporting system seems broken. They are still not banned.,League of Legends,2023-05-20 08:29:52,2.0,187.6,LOW,Cheat / Hacker Report,True
RGT-002641,CUST-01E0218A,Kindred's Q ability is not applying on-hit effects correctly with the Spirit Blossom skin equipped.,Valorant,2024-01-18 19:09:39,37.0,32.23,LOW,Champion / Skin Bug,True
RGT-001523,CUST-4083A651,,Legends of Runeterra,2023-06-06 09:04:28,1.0,12.06,MEDIUM,Cheat / Hacker Report,True
RGT-001163,CUST-A122998B,Chat restriction applied to my account but I have honour level 5. Seems like an error in your system.,Wild Rift,2024-05-13 11:46:35,0.0,27.82,MEDIUM,Chat Restriction Appeal,True
RGT-001496,CUST-CC7B8839,My League account got banned out of nowhere. I was just playing ranked and then I got logged out. Can you explain why?,League of Legends,2023-10-16 04:27:09,5.0,60.5,LOW,Account Ban / Suspension,True
RGT-002696,CUST-A8CD9E15,"Bought a bundle in the store, got charged but the content never appeared in my collection.",Teamfight Tactics,2024-06-14 15:28:12,5.0,,MEDIUM,Missing RP / Purchase Issue,False
RGT-002028,CUST-CCC68570,The shop tab in the client is blank. I cannot browse or purchase anything. Tried clearing cache.,League of Legends,2023-03-09 01:34:00,2.0,3.23,HIGH,Client Bug / Crash,True
RGT-001153,CUST-D6E35D8E,,League of Legends,2024-02-06 14:52:26,1.0,24.48,MEDIUM,Account Ban / Suspension,True
RGT-001368,CUST-4CF66CD9,,League of Legends,2023-02-11 16:27:13,17.0,2.41,MEDIUM,Missing RP / Purchase Issue,True
RGT-002569,CUST-37C7A4E0,Got a chat ban that escalated to a full account suspension. The context was taken out of context. I want to appeal.,Valorant,2023-01-09 04:06:25,2.0,2.57,HIGH,Account Ban / Suspension,True
RGT-000065,CUST-7709DC90,I lost LP for a loss that was not my fault. My teammates went AFK in the first 5 minutes.,Valorant,2023-08-18 05:15:27,,28.48,LOW,Ranked & Matchmaking,True
RGT-002063,CUST-C684BA4E,Getting a black screen on launch. The process shows in Task Manager but nothing displays.,Wild Rift,2024-05-17 05:15:33,3.0,143.41,MEDIUM,Client Bug / Crash,True
RGT-001181,CUST-2C0B0E3F,Duo partner and I are being put into the wrong queue tier. We are Diamond 2 and 3 but matched in Plat.,Teamfight Tactics,2024-04-19 14:21:37,5.0,,MEDIUM,Ranked & Matchmaking,False
RGT-000493,CUST-7B38F130,Someone is ddosing our team. Two of my teammates disconnected within seconds of each other.,Legends of Runeterra,2023-05-02 19:42:13,0.0,11.53,HIGH,Cheat / Hacker Report,True
RGT-000380,CUST-B00F49B2,The authenticator app code is being rejected. I re-scanned the QR code and still getting errors.,Legends of Runeterra,2023-01-10 06:58:36,0.0,38.14,LOW,Login / 2FA Issue,True
RGT-002236,CUST-E8110C51,I bought 3250 RP but it never showed up in my account. I was charged on my card though.,Wild Rift,2023-10-05 15:43:51,1.0,8.26,LOW,Missing RP / Purchase Issue,True
RGT-000764,CUST-E26EC38E,"Hello, my account was flagged and restricted. I believe this is a false positive from your anti-cheat. I need an appeal.",Teamfight Tactics,2023-08-05 16:15:16,1.0,0.61,HIGH,Account Ban / Suspension,True
RGT-002265,CUST-C91C1ECE,Player using Elo-boosting service. They were clearly being played by someone else based on behaviour change.,League of Legends,2023-04-05 17:28:30,27.0,1.07,HIGH,Cheat / Hacker Report,True
RGT-000792,CUST-57FBCB14,Client keeps logging me out randomly. I have to re-enter my password multiple times per session.,Legends of Runeterra,2023-01-18 15:31:20,,97.82,LOW,Client Bug / Crash,True
RGT-001077,CUST-FE22C730,,Legends of Runeterra,2023-03-07 06:08:12,2.0,8.0,MEDIUM,Ranked & Matchmaking,True
RGT-000879,CUST-EBCA371A,Blatant cheater in Diamond ranked. Please investigate account RiotUser#39339. They were toggling aimbot openly.,Valorant,2023-01-17 06:17:46,1.0,40.69,LOW,Cheat / Hacker Report,True
RGT-000338,CUST-2315C447,My Riot Points are missing after I topped up. I have the bank receipt. Please refund or credit my account.,Wild Rift,2023-06-22 20:42:40,0.0,97.65,LOW,Missing RP / Purchase Issue,True
RGT-002768,CUST-09022E87,My Riot Points are missing after I topped up. I have the bank receipt. Please refund or credit my account.,Wild Rift,2023-11-25 03:55:26,7.0,,MEDIUM,Missing RP / Purchase Issue,False
RGT-002344,CUST-1903D460,Account banned with no explanation. I spent over $500 on this account. Please look into this immediately.,Wild Rift,2023-12-26 08:49:07,3.0,88.58,LOW,Account Ban / Suspension,True
RGT-001017,CUST-946EF12C,Transaction stuck as 'pending' for 48 hours. My bank confirmed the charge went through. Please help.,Valorant,2023-12-29 19:03:21,0.0,12.76,MEDIUM,Missing RP / Purchase Issue,True
RGT-001276,CUST-C91C1ECE,Account banned with no explanation. I spent over $500 on this account. Please look into this immediately.,Legends of Runeterra,2023-08-15 07:07:16,20.0,28.39,MEDIUM,Account Ban / Suspension,True
RGT-000456,CUST-C7E0960A,"My smurf account was banned, now my main account is also restricted. I do not understand what happened.",League of Legends,2024-01-19 19:57:43,7.0,11.55,MEDIUM,Account Ban / Suspension,True
RGT-000816,CUST-E1F0BDA5,I bought 3250 RP but it never showed up in my account. I was charged on my card though.,Teamfight Tactics,2024-02-15 10:02:28,1.0,0.25,HIGH,Missing RP / Purchase Issue,True
RGT-002318,CUST-8F005973,"My smurf account was banned, now my main account is also restricted. I do not understand what happened.",Valorant,2024-06-11 21:39:39,7.0,,LOW,Account Ban / Suspension,False
RGT-000996,CUST-CB9803F9,Reporting a player for using wallhacks in Valorant. Their username is Player7355. Please review game ID NA1_4464328795.,League of Legends,2023-01-15 03:47:09,1.0,58.04,MEDIUM,Cheat / Hacker Report,True
RGT-001982,CUST-F98E071F,Client keeps logging me out randomly. I have to re-enter my password multiple times per session.,League of Legends,2023-08-26 09:03:53,4.0,541.32,LOW,Client Bug / Crash,True
RGT-000202,CUST-20E3067A,Permanent ban issued on my account. I have 3000 hours on this game and have never violated ToS. Please help.,Valorant,2024-02-27 22:32:51,0.0,36.5,MEDIUM,Account Ban / Suspension,True
RGT-000162,CUST-023FE7E6,2FA is sending codes but they expire before I can enter them. Clock sync on my phone is correct.,Wild Rift,2023-11-08 07:32:54,3.0,3.06,HIGH,Login / 2FA Issue,True
RGT-001580,CUST-2DD31862,Got a chat ban that escalated to a full account suspension. The context was taken out of context. I want to appeal.,Wild Rift,2024-04-05 02:57:14,1.0,3.92,MEDIUM,Account Ban / Suspension,True
RGT-002778,CUST-E8A389C1,"After the latest patch, my client freezes on the loading screen. I cannot get into any game.",Teamfight Tactics,2023-10-11 23:53:00,4.0,0.1,MEDIUM,Client Bug / Crash,True
RGT-002450,CUST-4B079F84,RP purchase failed but the money was deducted from my account. This is the second time this has happened.,Teamfight Tactics,2024-03-16 18:54:27,22.0,4.26,HIGH,Missing RP / Purchase Issue,True
RGT-000703,CUST-AC643856,Permanent ban issued on my account. I have 3000 hours on this game and have never violated ToS. Please help.,League of Legends,2023-02-24 23:07:10,1.0,215.56,LOW,Account Ban / Suspension,True
RGT-001501,CUST-61ADFAC6,The Lunar New Year bundle charged me but only delivered half the content. Missing the ward skin and icon.,Wild Rift,2023-02-18 20:18:50,9.0,10.94,MEDIUM,Missing RP / Purchase Issue,True
RGT-001130,CUST-7709DC90,I was banned for account sharing. I let my brother play once. Is there a way to appeal this decision?,Valorant,2023-05-04 00:00:57,10.0,25.94,MEDIUM,Account Ban / Suspension,True
RGT-002614,CUST-8B477CDC,This player admitted to using scripts in chat. I have a screenshot. How do I submit it?,League of Legends,2024-05-01 18:39:37,4.0,,HIGH,Cheat / Hacker Report,False
RGT-001022,CUST-477D896F,I used 'Login with Google' but Google account is now deleted. How do I recover my Riot account?,Teamfight Tactics,2024-05-02 02:33:39,0.0,5.65,HIGH,Login / 2FA Issue,True
RGT-001586,CUST-B1E10B09,I called out a griefer and got chat banned while they did not. The system feels inconsistent.,Legends of Runeterra,2023-10-25 16:37:40,2.0,91.3,LOW,Chat Restriction Appeal,True
RGT-001956,CUST-28722E20,I purchased an emote for a character I no longer play. Refund would be appreciated.,Valorant,2024-03-20 11:25:09,0.0,22.25,MEDIUM,Refund Request,True
RGT-002254,CUST-E7D3B17F,I was gifted a skin I already owned. The duplicate was auto-converted to orange essence. I want a refund.,Teamfight Tactics,2023-10-06 09:06:56,5.0,0.3,HIGH,Refund Request,True
RGT-000035,CUST-CC7B8839,Getting error UX-1 when attempting to sign in. This started after your maintenance window yesterday.,Legends of Runeterra,2023-05-22 03:40:28,0.0,3.71,LOW,Login / 2FA Issue,True
RGT-000776,CUST-94D9DD38,I accidentally purchased the wrong champion. Can I get a refund? I only have one refund token left.,Wild Rift,2024-06-16 21:11:24,0.0,31.66,MEDIUM,Missing RP / Purchase Issue,True
RGT-002557,CUST-5C8E2E99,Getting a black screen on launch. The process shows in Task Manager but nothing displays.,Valorant,2023-11-13 08:39:57,24.0,6.1,LOW,Client Bug / Crash,True
RGT-001479,CUST-3624A1BC,I received a 14-day suspension for allegedly using scripts. I have never used any third-party software. Please investigate.,Teamfight Tactics,2024-01-21 12:14:38,1.0,,MEDIUM,Account Ban / Suspension,False
RGT-DUPE-0003,CUST-522A7E0A,I received a 14-day suspension for allegedly using scripts. I have never used any third-party software. Please investigate.,Wild Rift,2023-02-07 02:16:25,8.0,25.52,LOW,Account Ban / Suspension,True
RGT-001391,CUST-FBD3774A,My League account got banned out of nowhere. I was just playing ranked and then I got logged out. Can you explain why?,Teamfight Tactics,2024-04-12 22:45:29,2.0,26.53,MEDIUM,Account Ban / Suspension,True
RGT-002140,CUST-61ADFAC6,FPS dropping from 200 to single digits every few minutes since patch 13.3. My hardware is fine.,Legends of Runeterra,2023-07-23 03:37:03,16.0,,MEDIUM,Client Bug / Crash,False
RGT-001364,CUST-5B4081EE,My Riot Points are missing after I topped up. I have the bank receipt. Please refund or credit my account.,Valorant,2024-04-24 20:10:40,17.0,,LOW,Missing RP / Purchase Issue,False
RGT-002946,CUST-E78FBD0A,Audio cuts out completely mid-game after around 20 minutes of play. Rolling back drivers did not fix it.,Valorant,2023-08-12 07:56:21,1.0,16.8,LOW,Client Bug / Crash,True
RGT-002613,CUST-404297A8,I purchased a champion that is currently on free rotation. I would like a refund as this was misleading.,Wild Rift,2023-12-06 20:09:09,4.0,1.25,MEDIUM,Refund Request,True
RGT-002825,CUST-4B1AF024,My account RiotUser#54864 was permanently banned but I never cheated. Please review the ban.,Wild Rift,2024-04-28 22:58:53,6.0,75.08,LOW,Account Ban / Suspension,True
RGT-002042,CUST-A47EA986,FPS dropping from 200 to single digits every few minutes since patch 13.18. My hardware is fine.,League of Legends,2024-01-15 20:20:56,7.0,,MEDIUM,Client Bug / Crash,False
RGT-000242,CUST-06A83EFD,There is a blatant scripter in my ranked game. They had 0ms reaction time and perfect skill shots all game.,Valorant,2024-04-19 20:32:49,0.0,0.7,MEDIUM,Cheat / Hacker Report,True
RGT-002062,CUST-E0EBF5E1,Getting a black screen on launch. The process shows in Task Manager but nothing displays.,Valorant,2023-11-12 11:43:26,24.0,2.64,HIGH,Client Bug / Crash,True
RGT-002364,CUST-E365E0A1,I received a 25-game chat restriction for a single game where I was defending myself. This is disproportionate.,Wild Rift,2023-07-17 22:13:11,25.0,52.86,MEDIUM,Chat Restriction Appeal,True
RGT-000601,CUST-5F210E14,Getting error UX-1 when attempting to sign in. This started after your maintenance window yesterday.,Legends of Runeterra,2024-04-24 17:08:37,9.0,3.97,MEDIUM,Login / 2FA Issue,True
RGT-002436,CUST-7A32E5DE,RP purchase failed but the money was deducted from my account. This is the second time this has happened.,League of Legends,2024-05-13 01:33:46,32.0,29.63,MEDIUM,Missing RP / Purchase Issue,True
RGT-001298,CUST-9084B202,Reporting a player for using wallhacks in Valorant. Their username is Player8652. Please review game ID NA1_7900718807.,Teamfight Tactics,2024-01-26 19:43:51,0.0,85.45,LOW,Cheat / Hacker Report,True
RGT-002215,CUST-ACA676FD,My League account got banned out of nowhere. I was just playing ranked and then I got logged out. Can you explain why?,Valorant,2023-06-21 02:18:55,5.0,2.29,HIGH,Account Ban / Suspension,True
RGT-002889,CUST-4CF66CD9,Bought the wrong skin. I meant to buy the Prestige version but bought the regular one. Can you swap it?,Valorant,2023-05-24 15:11:15,43.0,31.01,MEDIUM,Refund Request,True
RGT-002069,CUST-4E0BB732,My account RiotUser#90188 was permanently banned but I never cheated. Please review the ban.,Wild Rift,2023-10-24 00:10:06,5.0,18.55,LOW,Account Ban / Suspension,True
RGT-000647,CUST-D3C24607,I received a 25-game chat restriction for a single game where I was defending myself. This is disproportionate.,Wild Rift,2023-10-23 23:50:34,0.0,0.49,HIGH,Chat Restriction Appeal,True
RGT-001529,CUST-731C8BAA,I bought 3250 RP but it never showed up in my account. I was charged on my card though.,Legends of Runeterra,2024-04-17 19:14:19,1.0,108.0,LOW,Missing RP / Purchase Issue,True
RGT-002880,CUST-2C0B0E3F,I received a 25-game chat restriction for a single game where I was defending myself. This is disproportionate.,Valorant,2024-06-23 22:54:12,10.0,3.17,HIGH,Chat Restriction Appeal,True
RGT-001268,CUST-E0EBF5E1,The shop tab in the client is blank. I cannot browse or purchase anything. Tried clearing cache.,Wild Rift,2023-07-01 13:50:48,11.0,0.22,MEDIUM,Client Bug / Crash,True
RGT-001900,CUST-CC7B8839,Getting error UX-1 when attempting to sign in. This started after your maintenance window yesterday.,League of Legends,2024-03-25 19:28:51,7.0,3.26,MEDIUM,Login / 2FA Issue,True
RGT-000563,CUST-4B079F84,This player in my last game was clearly using an aimbot. Every bullet was a headshot through smoke.,Legends of Runeterra,2024-05-01 21:05:44,1.0,9.77,HIGH,Cheat / Hacker Report,True
RGT-DUPE-0053,CUST-61ADFAC6,I accidentally purchased the wrong champion. Can I get a refund? I only have one refund token left.,Wild Rift,2023-03-12 15:29:44,4.0,26.14,MEDIUM,Missing RP / Purchase Issue,True
RGT-002735,CUST-C0B0865D,Got a chat ban that escalated to a full account suspension. The context was taken out of context. I want to appeal.,League of Legends,2023-10-24 19:49:28,3.0,,HIGH,Account Ban / Suspension,True
RGT-DUPE-0005,CUST-4FC4738B,RP purchase failed but the money was deducted from my account. This is the second time this has happened.,League of Legends,2023-09-11 19:23:37,18.0,42.19,MEDIUM,Missing RP / Purchase Issue,True
RGT-000190,CUST-ABA4C4B7,I received a 14-day suspension for allegedly using scripts. I have never used any third-party software. Please investigate.,League of Legends,2023-10-10 17:00:49,1.0,,HIGH,Account Ban / Suspension,False
RGT-001807,CUST-E26EC38E,Possible griefing bot detected on the enemy team. All five of them stood still in base.,Wild Rift,2023-02-11 18:18:41,2.0,16.01,MEDIUM,Cheat / Hacker Report,True
RGT-000976,CUST-F48C257F,I keep getting matched against the same scripter. Already reported in-game but they are still playing.,Legends of Runeterra,2023-11-11 08:19:27,2.0,1.26,MEDIUM,Cheat / Hacker Report,True
RGT-002748,CUST-E0EBF5E1,Client keeps logging me out randomly. I have to re-enter my password multiple times per session.,Wild Rift,2023-08-08 13:02:09,30.0,,LOW,Client Bug / Crash,False
RGT-002048,CUST-E47BC5B5,,Teamfight Tactics,2023-01-07 21:17:14,3.0,6.3,MEDIUM,Account Ban / Suspension,True
RGT-002559,CUST-61ADFAC6,Requesting a refund on a bundle because it was not clearly labelled that it included champions I already own.,Teamfight Tactics,2023-06-28 09:06:17,19.0,73.31,MEDIUM,Refund Request,True
RGT-001083,CUST-06C5C50B,I want to appeal my chat restriction. The logs being cited were from a conversation I did not start.,Legends of Runeterra,2023-07-22 12:19:47,1.0,,MEDIUM,Chat Restriction Appeal,False
RGT-000475,CUST-73CBB7E7,I was banned for account sharing. I let my brother play once. Is there a way to appeal this decision?,Wild Rift,2023-09-17 07:24:58,0.0,,HIGH,Account Ban / Suspension,False
RGT-002905,CUST-01E0218A,I cannot log into my account. I reset my password but the 2FA code is going to an old email I lost access to.,Legends of Runeterra,2023-05-10 07:11:17,41.0,4.51,HIGH,Login / 2FA Issue,True
RGT-000748,CUST-14D5F5EB,Matchmaking is putting me against players 3 tiers above me. This has been happening all week.,League of Legends,2023-03-30 06:51:41,0.0,2.87,LOW,Ranked & Matchmaking,True
RGT-002301,CUST-5C8E2E99,"Hello, my account was flagged and restricted. I believe this is a false positive from your anti-cheat. I need an appeal.",Valorant,2023-10-08 13:06:38,20.0,55.9,MEDIUM,Account Ban / Suspension,True
RGT-000022,CUST-DE4C8886,,Teamfight Tactics,2023-11-17 05:43:29,0.0,1.81,LOW,Login / 2FA Issue,True
RGT-000460,CUST-1ADC4D43,My Pulsefire Ezreal skin's recall animation is broken. It just shows the default animation instead.,Legends of Runeterra,2024-02-16 23:48:58,1.0,13.61,MEDIUM,Champion / Skin Bug,True
RGT-001185,CUST-B701CA66,I called out a griefer and got chat banned while they did not. The system feels inconsistent.,League of Legends,2024-04-05 16:08:58,3.0,,MEDIUM,Chat Restriction Appeal,False
RGT-002325,CUST-7A32F901,Someone is ddosing our team. Two of my teammates disconnected within seconds of each other.,Teamfight Tactics,2023-01-06 11:43:33,1.0,25.34,LOW,Cheat / Hacker Report,True
RGT-000956,CUST-17D1A220,"After the latest patch, my client freezes on the loading screen. I cannot get into any game.",Valorant,2024-02-25 09:54:13,1.0,34.76,MEDIUM,Client Bug / Crash,True
RGT-001216,CUST-ED32F265,"Purchased RP via prepaid card, entered the code but nothing was credited. Code: RITO-FE572C.",Wild Rift,2023-11-12 05:49:51,1.0,19.55,MEDIUM,Missing RP / Purchase Issue,True
RGT-002434,CUST-C7E0960A,I completed my placement matches but my rank is much lower than last season. Is this expected?,Teamfight Tactics,2024-03-15 08:54:43,29.0,1.1,HIGH,Ranked & Matchmaking,True
RGT-002854,CUST-F1508A4C,I accidentally purchased the wrong champion. Can I get a refund? I only have one refund token left.,Teamfight Tactics,2023-04-03 19:57:39,2.0,47.83,LOW,Missing RP / Purchase Issue,True
RGT-001516,CUST-CE3A6577,FPS dropping from 200 to single digits every few minutes since patch 14.20. My hardware is fine.,Wild Rift,2024-01-13 06:07:36,1.0,,LOW,Client Bug / Crash,False
RGT-002392,CUST-DAB2F333,,Valorant,2024-06-19 04:32:50,4.0,100.71,MEDIUM,Login / 2FA Issue,True
RGT-000770,CUST-7E97667B,My custom Draven skin shows the wrong splash art in the loading screen.,Legends of Runeterra,2024-04-08 14:06:42,1.0,241.86,LOW,Champion / Skin Bug,True
RGT-001686,CUST-B701CA66,I want to appeal my chat restriction. The logs being cited were from a conversation I did not start.,Teamfight Tactics,2023-12-01 11:24:18,5.0,413.99,LOW,Chat Restriction Appeal,True
RGT-000131,CUST-3780263D,"Hello, my account was flagged and restricted. I believe this is a false positive from your anti-cheat. I need an appeal.",Teamfight Tactics,2023-11-08 08:04:23,2.0,79.66,LOW,Account Ban / Suspension,True
RGT-002920,CUST-ABA4C4B7,My account RiotUser#46890 was permanently banned but I never cheated. Please review the ban.,Legends of Runeterra,2023-12-18 15:31:26,38.0,10.67,LOW,Account Ban / Suspension,True
RGT-002136,CUST-1903D460,I accidentally purchased the wrong champion. Can I get a refund? I only have one refund token left.,Legends of Runeterra,2023-07-20 09:38:09,1.0,4.38,MEDIUM,Missing RP / Purchase Issue,True
RGT-001483,CUST-1D9D8E56,"Bought a bundle in the store, got charged but the content never appeared in my collection.",Wild Rift,2023-03-16 03:03:34,4.0,9.29,MEDIUM,Missing RP / Purchase Issue,True
RGT-000331,CUST-4FC4738B,FPS dropping from 200 to single digits every few minutes since patch 14.8. My hardware is fine.,League of Legends,2023-10-23 16:47:05,5.0,2.84,HIGH,Client Bug / Crash,True
RGT-001239,CUST-6B3776C0,2FA is sending codes but they expire before I can enter them. Clock sync on my phone is correct.,Legends of Runeterra,2024-01-07 15:26:45,1.0,5.36,MEDIUM,Login / 2FA Issue,True
RGT-000467,CUST-6D8BA715,Chat restriction applied to my account but I have honour level 5. Seems like an error in your system.,Wild Rift,2023-08-10 07:35:23,1.0,25.0,MEDIUM,Chat Restriction Appeal,True
RGT-002170,CUST-1ADC4D43,Getting a black screen on launch. The process shows in Task Manager but nothing displays.,League of Legends,2023-09-20 21:07:26,2.0,64.5,LOW,Client Bug / Crash,True
RGT-001639,CUST-36250838,The Lunar New Year bundle charged me but only delivered half the content. Missing the ward skin and icon.,Wild Rift,2023-02-22 07:44:55,1.0,321.13,LOW,Missing RP / Purchase Issue,True
RGT-001096,CUST-BA5D4F41,My chat restriction ended but I am still unable to type in-game. There seems to be a bug.,Valorant,2023-01-06 12:03:38,2.0,23.66,MEDIUM,Chat Restriction Appeal,True
RGT-001131,CUST-D24EC8EF,The authenticator app code is being rejected. I re-scanned the QR code and still getting errors.,League of Legends,2024-02-22 11:45:36,2.0,,MEDIUM,Login / 2FA Issue,False
RGT-001295,CUST-232BC039,,League of Legends,2023-08-25 16:04:18,1.0,,MEDIUM,Ranked & Matchmaking,False
RGT-000861,CUST-00BEEC20,Account banned with no explanation. I spent over $500 on this account. Please look into this immediately.,Legends of Runeterra,2024-02-20 17:06:43,3.0,,LOW,Account Ban / Suspension,True
